Date,TSM_Close,TSM_RawClose,TSM_High,TSM_Low,TSM_Volume,TW2330_Close,TW2330_RawClose,SOXX_Close,QQQ_Close,VIX_Close,USDTWD_Close
2010-01-04,7.199557,11.580000,11.690000,11.470000,8096400.000000,39.589619,64.900002,13.993998,40.204651,20.040001,31.660000
2010-01-05,7.168471,11.530000,11.660000,11.460000,14375900.000000,39.345623,64.500000,13.971527,40.204651,19.350000,31.860001
2010-01-06,7.143601,11.490000,11.610000,11.380000,13608400.000000,39.589619,64.900002,13.929405,39.962147,19.160000,31.780001
2010-01-07,6.907347,11.110000,11.440000,11.070000,27346600.000000,39.162624,64.199997,13.819880,39.988129,19.059999,31.809999
2010-01-08,6.901128,11.100000,11.220000,11.030000,16895300.000000,39.040627,64.000000,14.027697,40.317272,18.129999,31.790001
2010-01-11,6.863827,11.040000,11.240000,10.880000,22214500.000000,39.345623,64.500000,13.985573,40.152702,17.549999,31.730000
2010-01-12,6.652441,10.700000,10.930000,10.610000,20863400.000000,38.796623,63.599998,13.496921,39.650341,18.250000,31.809999
2010-01-13,6.826522,10.980000,11.010000,10.710000,13482300.000000,38.308601,62.799999,13.654189,40.144035,17.850000,31.719999
2010-01-14,6.758134,10.870000,11.010000,10.860000,8692400.000000,38.552616,63.200001,13.628909,40.178680,17.629999,31.730000
2010-01-15,6.590269,10.600000,10.940000,10.560000,15426400.000000,38.735611,63.500000,13.185194,39.710983,17.910000,31.750000
2010-01-19,6.814089,10.960000,10.990000,10.610000,14898100.000000,38.125607,62.500000,13.336844,40.351902,17.580000,31.790001
2010-01-20,6.714612,10.800000,10.910000,10.710000,13604800.000000,38.430611,63.000000,13.336844,39.771610,18.680000,31.879999
2010-01-21,6.584052,10.590000,10.930000,10.560000,13943800.000000,38.186607,62.599998,13.252592,39.399189,22.270000,31.930000
2010-01-22,6.273189,10.090000,10.550000,10.090000,21017600.000000,37.271595,61.099998,12.629138,38.247265,27.309999,31.940001
2010-01-25,6.310493,10.150000,10.390000,10.090000,20606500.000000,36.844589,60.400002,12.803257,38.377167,25.410000,31.889999
2010-01-26,6.217233,10.000000,10.180000,9.950000,21913300.000000,36.661579,60.099998,12.688114,38.411835,24.549999,31.990000
2010-01-27,6.211016,9.990000,10.140000,9.940000,22963800.000000,36.356583,59.599998,12.865039,38.714970,23.139999,32.020000
2010-01-28,6.248320,10.050000,10.200000,9.890000,40246500.000000,36.600582,60.000000,12.485916,37.718948,23.730000,31.940001
2010-01-29,6.316709,10.160000,10.370000,10.100000,30073000.000000,37.515587,61.500000,12.070279,37.060692,24.620001,31.920000
2010-02-01,6.266970,10.080000,10.290000,9.920000,23074400.000000,36.478592,59.799999,12.480299,37.467751,22.590000,31.980000
2010-02-02,6.192365,9.960000,10.080000,9.900000,18259200.000000,35.990570,59.000000,12.609483,37.805542,21.480000,32.009998
2010-02-03,6.254537,10.060000,10.140000,9.920000,14829600.000000,36.478592,59.799999,12.606669,38.013412,21.600000,31.969999
2010-02-04,6.018280,9.680000,10.050000,9.600000,18370700.000000,36.051575,59.099998,12.061853,36.913456,26.080000,32.060001
2010-02-05,5.943675,9.560000,9.710000,9.400000,33731000.000000,34.892555,57.200001,12.337074,37.225258,26.110001,32.070000
2010-02-08,5.974762,9.610000,9.740000,9.430000,25173000.000000,35.014565,57.400002,12.286520,36.956753,26.510000,32.060001
2010-02-09,5.968546,9.600000,9.820000,9.550000,29316300.000000,35.746578,58.599998,12.432554,37.337860,26.000000,32.009998
2010-02-10,6.030718,9.700000,9.730000,9.510000,17525600.000000,35.624573,58.400002,12.508385,37.259899,25.400000,32.060001
2010-02-11,6.148843,9.890000,9.910000,9.600000,13726100.000000,35.624573,58.400002,12.766744,37.822872,23.959999,32.000000
2010-02-12,6.036934,9.710000,9.850000,9.650000,13563900.000000,35.624573,58.400002,12.881891,37.900829,22.730000,32.099998
2010-02-16,6.161278,9.910000,9.920000,9.720000,9532800.000000,35.624573,58.400002,13.162727,38.385841,22.250000,32.040001
2010-02-17,6.229669,10.020000,10.060000,9.900000,13959400.000000,35.624573,58.400002,13.151491,38.602371,21.719999,31.969999
2010-02-18,6.254537,10.060000,10.100000,9.910000,5162700.000000,35.624573,58.400002,13.196423,38.844879,20.629999,31.990000
2010-02-19,6.229669,10.020000,10.090000,9.920000,8055100.000000,35.624573,58.400002,13.232937,38.827564,20.020000,32.009998
2010-02-22,6.217233,10.000000,10.090000,9.980000,8422700.000000,35.990570,59.000000,13.207658,38.749611,19.940001,32.000000
2010-02-23,6.123976,9.850000,10.030000,9.780000,18118100.000000,36.478592,59.799999,12.867849,38.247265,21.370001,32.060001
2010-02-24,6.105322,9.820000,9.960000,9.750000,13237600.000000,35.685574,58.500000,13.109371,38.637020,20.270000,32.020000
2010-02-25,6.061801,9.750000,9.790000,9.560000,18311800.000000,35.502567,58.200001,13.056007,38.628361,20.100000,32.040001
2010-02-26,6.061801,9.750000,9.780000,9.640000,9389800.000000,35.868568,58.799999,13.033544,38.766922,19.500000,31.980000
2010-03-01,6.186148,9.950000,10.000000,9.890000,13623900.000000,36.356583,59.599998,13.342458,39.329910,19.260000,31.980000
2010-03-02,6.186148,9.950000,10.100000,9.900000,12070900.000000,36.539597,59.900002,13.342458,39.451164,19.059999,31.969999
2010-03-03,6.130193,9.860000,10.070000,9.810000,13229000.000000,36.600582,60.000000,13.277870,39.494457,18.830000,31.930000
2010-03-04,6.136410,9.870000,9.910000,9.750000,21949000.000000,36.112556,59.200001,13.266634,39.624378,18.719999,31.920000
2010-03-05,6.298058,10.130000,10.150000,9.960000,17723700.000000,36.844589,60.400002,13.415480,40.221989,17.420000,31.840000
2010-03-08,6.360229,10.230000,10.250000,10.150000,16149800.000000,37.332607,61.200001,13.409858,40.299927,17.790001,31.860001
2010-03-09,6.372664,10.250000,10.340000,10.160000,14016900.000000,37.393593,61.299999,13.373349,40.525124,17.920000,31.780001
2010-03-10,6.428619,10.340000,10.500000,10.210000,12284500.000000,37.454597,61.400002,13.634529,40.854248,18.570000,31.799999
2010-03-11,6.528095,10.500000,10.500000,10.300000,18740500.000000,37.454597,61.400002,13.547467,41.010151,18.059999,31.730000
2010-03-12,6.422403,10.330000,10.490000,10.250000,12629000.000000,37.088589,60.799999,13.522194,41.018795,17.580000,31.700001
2010-03-15,6.304274,10.140000,10.250000,10.070000,11265700.000000,36.478592,59.799999,13.376161,40.914860,18.000000,31.790001
2010-03-16,6.397534,10.290000,10.330000,10.110000,9673400.000000,36.417583,59.700001,13.746863,41.174709,17.690001,31.780001
2010-03-17,6.478358,10.420000,10.470000,10.340000,12314400.000000,36.905586,60.500000,13.968721,41.287304,16.910000,31.690001
2010-03-18,6.428619,10.340000,10.480000,10.220000,13981900.000000,36.844589,60.400002,13.839537,41.425880,16.620001,31.799999
2010-03-19,6.273189,10.090000,10.340000,10.080000,12898200.000000,36.600582,60.000000,13.648571,41.175308,16.969999,31.680000
2010-03-22,6.329146,10.180000,10.240000,10.040000,9479200.000000,35.990570,59.000000,13.918172,41.548126,16.870001,31.780001
2010-03-23,6.385099,10.270000,10.290000,10.150000,19340200.000000,36.356583,59.599998,14.199006,41.834255,16.350000,31.770000
2010-03-24,6.422403,10.330000,10.410000,10.200000,19698700.000000,36.966587,60.599998,13.864812,41.634830,17.549999,31.799999
2010-03-25,6.478358,10.420000,10.550000,10.350000,19470300.000000,37.515587,61.500000,13.856387,41.574139,18.400000,31.790001
2010-03-26,6.441055,10.360000,10.550000,10.320000,12750500.000000,37.820599,62.000000,13.803028,41.617493,17.770000,31.830000
2010-03-29,6.552964,10.540000,10.540000,10.390000,11552600.000000,37.942604,62.200001,13.892897,41.816921,17.590000,31.780001
2010-03-30,6.559180,10.550000,10.620000,10.460000,12009000.000000,37.942604,62.200001,13.977149,41.955639,17.129999,31.719999
2010-03-31,6.521879,10.490000,10.520000,10.370000,14117800.000000,37.515587,61.500000,13.878856,41.756214,17.590000,31.740000
2010-04-01,6.590269,10.600000,10.690000,10.510000,14763900.000000,37.881611,62.099998,13.873242,41.756214,17.469999,31.750000
2010-04-05,6.671092,10.730000,10.780000,10.420000,7253500.000000,38.064610,62.400002,14.272023,42.146374,17.020000,31.639999
2010-04-06,6.733263,10.830000,10.840000,10.710000,11816500.000000,38.674610,63.400002,14.182156,42.267757,16.230000,31.719999
2010-04-07,6.745699,10.850000,10.980000,10.810000,11937000.000000,38.735611,63.500000,14.235518,42.163719,16.620001,31.520000
2010-04-08,6.602702,10.620000,10.770000,10.580000,12801000.000000,38.003605,62.299999,14.041741,42.259106,16.480000,31.520000
2010-04-09,6.602702,10.620000,10.750000,10.510000,13105600.000000,38.247616,62.700001,14.196193,42.510529,16.139999,31.500000
2010-04-12,6.584052,10.590000,10.690000,10.590000,9900000.000000,38.491627,63.099998,14.316956,42.545208,15.580000,31.480000
2010-04-13,6.633787,10.670000,10.700000,10.510000,10261700.000000,38.369614,62.900002,14.451755,42.761982,16.200001,31.500000
2010-04-14,6.994389,11.250000,11.250000,10.820000,30646800.000000,38.918617,63.799999,15.038703,43.273514,15.590000,31.370001
2010-04-15,6.919780,11.130000,11.240000,11.080000,9173500.000000,39.284622,64.400002,15.103295,43.464268,15.890000,31.330000
2010-04-16,6.745699,10.850000,11.010000,10.690000,18171100.000000,38.430611,63.000000,14.884244,42.944042,18.360001,31.400000
2010-04-19,6.739482,10.840000,10.900000,10.660000,14212400.000000,38.186607,62.599998,14.752244,42.918030,17.340000,31.420000
2010-04-20,6.776785,10.900000,11.020000,10.830000,9802900.000000,38.308601,62.799999,14.946022,43.134796,15.730000,31.379999
2010-04-21,6.739482,10.840000,10.930000,10.650000,15628700.000000,38.064610,62.400002,14.752244,43.377575,16.320000,31.320000
2010-04-22,6.820306,10.970000,10.980000,10.650000,15815900.000000,37.576603,61.599998,14.957258,43.620319,16.469999,31.360001
2010-04-23,6.814089,10.960000,10.980000,10.800000,9076800.000000,37.637604,61.700001,14.965681,43.802406,16.620001,31.320000
2010-04-26,6.832740,10.990000,11.110000,10.950000,10142500.000000,38.735611,63.500000,15.033081,43.707024,17.469999,31.280001
2010-04-27,6.590269,10.600000,10.890000,10.560000,27248500.000000,38.857613,63.700001,14.547241,42.779305,22.809999,31.299999
2010-04-28,6.528095,10.500000,10.750000,10.400000,19735700.000000,37.881611,62.099998,14.617451,42.805313,21.080000,31.370001
2010-04-29,6.565401,10.560000,10.600000,10.450000,13022300.000000,37.576603,61.599998,14.802797,43.550968,18.440001,31.330000
2010-04-30,6.584052,10.590000,10.650000,10.460000,15450600.000000,37.698612,61.799999,14.159690,42.692604,22.049999,31.280001
2010-05-03,6.627572,10.660000,10.700000,10.530000,7652600.000000,37.576603,61.599998,14.454566,43.290871,20.190001,31.410000
2010-05-04,6.273189,10.090000,10.600000,10.020000,24852400.000000,37.210598,61.000000,13.901320,41.990314,23.840000,31.440001
2010-05-05,6.192365,9.960000,10.090000,9.830000,20044100.000000,36.478592,59.799999,13.760902,41.773556,24.910000,31.580000
2010-05-06,6.074237,9.770000,10.090000,9.500000,23946100.000000,36.295586,59.500000,13.261016,40.377636,32.799999,31.740000
2010-05-07,6.148843,9.890000,10.010000,9.670000,26579400.000000,36.234573,59.400002,13.092518,39.371887,40.950001,31.670000
2010-05-10,6.403750,10.300000,10.350000,10.090000,18143800.000000,36.478592,59.799999,13.774944,41.418083,28.840000,31.480000
2010-05-11,6.322927,10.170000,10.320000,10.090000,18171300.000000,36.661579,60.099998,13.696310,41.374729,28.320000,31.590000
2010-05-12,6.360229,10.230000,10.300000,10.180000,13240200.000000,36.661579,60.099998,14.072628,42.155048,25.520000,31.610001
2010-05-13,6.372664,10.250000,10.350000,10.180000,21054500.000000,37.332607,61.200001,13.738441,41.487434,26.680000,31.660000
2010-05-14,6.136410,9.870000,10.230000,9.710000,28096300.000000,37.332607,61.200001,13.322803,40.689766,31.240000,31.754999
2010-05-17,6.198581,9.970000,10.020000,9.660000,12911500.000000,36.112556,59.200001,13.494111,40.819836,30.840000,31.799999
2010-05-18,6.049368,9.730000,10.070000,9.650000,15891600.000000,36.295586,59.500000,13.123408,40.256260,33.549999,31.790001
2010-05-19,6.105322,9.820000,9.910000,9.660000,17018300.000000,36.173573,59.299999,13.202044,39.935452,35.320000,32.000000
2010-05-20,5.987195,9.630000,9.760000,9.550000,21177100.000000,35.929573,58.900002,12.808874,38.452835,45.790001,32.099998
2010-05-21,6.086672,9.790000,9.870000,9.440000,15401200.000000,35.868568,58.799999,13.002649,38.877674,40.099998,32.139999
2010-05-24,5.968546,9.600000,9.810000,9.600000,11426900.000000,35.990570,59.000000,12.808874,38.721603,38.320000,32.080002
2010-05-25,5.949892,9.570000,9.570000,9.300000,24248400.000000,35.624573,58.400002,12.848192,38.756294,34.610001,32.250000
2010-05-26,5.881504,9.460000,9.750000,9.460000,19653400.000000,35.929573,58.900002,12.870660,38.322784,35.020000,32.150002
2010-05-27,6.148843,9.890000,9.910000,9.600000,13802100.000000,35.807564,58.700001,13.449176,39.770718,29.680000,32.029999
2010-05-28,6.061801,9.750000,9.980000,9.730000,13449800.000000,35.807564,58.700001,13.232937,39.536610,32.070000,31.980000
2010-06-01,6.123976,9.850000,9.980000,9.690000,21414800.000000,36.478592,59.799999,12.952101,39.172455,35.540001,32.259998
2010-06-02,6.266970,10.080000,10.080000,9.800000,13858300.000000,36.478592,59.799999,13.370541,40.100182,30.170000,32.189999
2010-06-03,6.161278,9.910000,10.140000,9.850000,26076500.000000,37.088589,60.799999,13.530620,40.481670,29.459999,32.139999
2010-06-04,5.980980,9.620000,9.870000,9.580000,22816300.000000,37.210598,61.000000,12.926825,39.094429,35.480000,32.209999
2010-06-07,5.862851,9.430000,9.800000,9.390000,11634200.000000,36.112556,59.200001,12.452218,38.383480,36.570000,32.470001
2010-06-08,5.912590,9.510000,9.530000,9.310000,14852800.000000,35.685574,58.500000,12.449409,38.314087,33.700001,32.380001
2010-06-09,5.943675,9.560000,9.800000,9.530000,16636100.000000,35.746578,58.599998,12.306176,37.993301,33.730000,32.400002
2010-06-10,6.086672,9.790000,9.880000,9.700000,14853400.000000,36.234573,59.400002,12.741473,39.077095,30.570000,32.340000
2010-06-11,6.092889,9.800000,9.900000,9.700000,11804600.000000,36.905586,60.500000,12.924019,39.449932,28.790001,32.330002
2010-06-14,6.123976,9.850000,10.010000,9.800000,11076100.000000,37.271595,61.099998,12.954911,39.441242,28.580000,32.200001
2010-06-15,6.385099,10.270000,10.310000,9.910000,15912000.000000,37.454597,61.400002,13.600827,40.499027,25.870001,32.250000
2010-06-16,6.409967,10.310000,10.390000,10.110000,10921300.000000,37.454597,61.400002,13.651381,40.663750,25.920000,32.220001
2010-06-17,6.397534,10.290000,10.360000,10.180000,8265000.000000,37.881611,62.099998,13.668226,40.793808,25.049999,32.180000
2010-06-18,6.341578,10.200000,10.350000,10.180000,8883200.000000,38.247616,62.700001,13.637332,40.827682,23.950001,32.130001
2010-06-21,6.441055,10.360000,10.480000,10.290000,15083600.000000,38.613613,63.299999,13.534377,40.480225,24.879999,31.730000
2010-06-22,6.273189,10.090000,10.420000,10.070000,11366800.000000,38.186607,62.599998,13.269219,40.167503,27.049999,32.080002
2010-06-23,6.310493,10.150000,10.230000,10.020000,9204200.000000,37.881611,62.099998,13.322814,40.002449,26.910000,32.020000
2010-06-24,6.179930,9.940000,10.120000,9.890000,16327900.000000,37.820599,62.000000,12.970210,39.394386,29.740000,32.029999
2010-06-25,6.229669,10.020000,10.100000,9.950000,7108000.000000,37.454597,61.400002,13.006883,39.402229,28.530001,32.049999
2010-06-28,6.242102,10.040000,10.140000,9.930000,7603500.000000,37.637604,61.700001,13.097150,39.262955,29.000000,32.044998
2010-06-29,6.099107,9.810000,9.930000,9.700000,15553400.000000,37.210598,61.000000,12.541442,37.748489,34.130001,32.110001
2010-06-30,6.068020,9.760000,9.990000,9.720000,15959300.000000,36.966587,60.599998,12.329878,37.174026,34.540001,32.230000
2010-07-01,6.086672,9.790000,9.840000,9.600000,13232900.000000,36.722584,60.200001,12.307317,37.069565,32.860001,32.169998
2010-07-02,6.148843,9.890000,9.980000,9.750000,12921200.000000,36.783585,60.299999,12.242432,36.965130,30.120001,32.240002
2010-07-06,6.422316,9.840000,9.990000,9.710000,19171800.000000,38.416447,59.900002,12.208582,37.078285,29.650000,32.189999
2010-07-07,6.526742,10.000000,10.050000,9.820000,12954000.000000,38.159908,59.500000,12.860196,38.262012,26.840000,32.150002
2010-07-08,6.585485,10.090000,10.130000,9.920000,13385700.000000,38.737114,60.400002,12.843276,38.470917,25.709999,32.130001
2010-07-09,6.624643,10.150000,10.180000,10.010000,5183700.000000,38.737114,60.400002,13.026625,38.836468,24.980000,32.040001
2010-07-12,6.572428,10.070000,10.170000,10.070000,8052800.000000,38.352310,59.799999,13.105607,38.949615,24.430000,32.060001
2010-07-13,6.618116,10.140000,10.180000,10.070000,9159500.000000,38.224037,59.599998,13.398977,39.454449,24.559999,32.154999
2010-07-14,6.624643,10.150000,10.230000,10.060000,15869300.000000,38.737114,60.400002,13.376410,39.654621,24.889999,32.130001
2010-07-15,6.624643,10.150000,10.170000,10.040000,9778200.000000,38.672981,60.299999,13.356664,39.689434,25.139999,32.110001
2010-07-16,6.474528,9.920000,10.150000,9.900000,16100800.000000,38.416447,59.900002,12.961746,38.592747,26.250000,32.080002
2010-07-19,6.611591,10.130000,10.150000,10.010000,8440800.000000,39.186054,61.099998,13.311530,38.923504,25.969999,32.090000
2010-07-20,6.722544,10.300000,10.310000,9.970000,12519100.000000,39.442577,61.500000,13.294606,39.393509,23.930000,32.080002
2010-07-21,6.592010,10.100000,10.300000,10.070000,12529700.000000,39.634998,61.799999,13.026625,38.853878,25.639999,32.099998
2010-07-22,6.774757,10.380000,10.400000,10.180000,13268600.000000,39.763252,62.000000,13.463857,39.837391,24.629999,32.145000
2010-07-23,6.826973,10.460000,10.500000,10.300000,9314200.000000,40.276321,62.799999,13.568226,40.089817,23.469999,32.099998
2010-07-26,6.898766,10.570000,10.570000,10.350000,7232800.000000,40.148064,62.599998,13.785436,40.420555,22.730000,32.049999
2010-07-27,6.813918,10.440000,10.600000,10.430000,10941500.000000,40.083931,62.500000,13.666957,40.403137,23.190001,31.969999
2010-07-28,6.826973,10.460000,10.590000,10.410000,8376000.000000,40.404610,63.000000,13.441294,40.081116,24.250000,32.009998
2010-07-29,6.644224,10.180000,10.510000,10.180000,21033800.000000,40.404610,63.000000,13.111251,39.785179,24.129999,31.980000
2010-07-30,6.592010,10.100000,10.190000,10.000000,18087100.000000,40.019798,62.400002,12.970210,39.872211,23.500000,31.969999
2010-08-02,6.696437,10.260000,10.380000,10.160000,13442600.000000,39.955666,62.299999,13.170486,40.620758,22.010000,31.730000
2010-08-03,6.676856,10.230000,10.320000,10.180000,12634000.000000,39.763252,62.000000,13.052015,40.446667,22.629999,31.719999
2010-08-04,6.670330,10.220000,10.320000,10.120000,16752800.000000,39.763252,62.000000,13.173309,40.855747,22.209999,31.719999
2010-08-05,6.605064,10.120000,10.170000,10.060000,14172000.000000,39.699135,61.900002,13.139461,40.760006,22.100000,31.760000
2010-08-06,6.500637,9.960000,10.080000,9.890000,16262400.000000,39.057781,60.900002,13.142278,40.699085,21.740000,31.730000
2010-08-09,6.494109,9.950000,10.050000,9.930000,10843000.000000,38.929512,60.700001,13.226906,40.977608,22.139999,31.670000
2010-08-10,6.481056,9.930000,9.990000,9.850000,14168100.000000,39.121918,61.000000,12.908150,40.620758,22.370001,31.629999
2010-08-11,6.350521,9.730000,9.880000,9.710000,18577100.000000,39.121918,61.000000,12.400398,39.515362,25.389999,31.730000
2010-08-12,6.376627,9.770000,9.850000,9.660000,17729600.000000,38.608837,60.200001,12.208582,39.202030,25.730000,31.834999
2010-08-13,6.330941,9.700000,9.890000,9.670000,14238000.000000,38.544708,60.099998,12.126779,38.923504,26.240000,31.889999
2010-08-16,6.376627,9.770000,9.860000,9.630000,7452100.000000,38.672981,60.299999,12.160627,38.993122,26.100000,31.870001
2010-08-17,6.448422,9.880000,9.930000,9.730000,12328800.000000,38.352310,59.799999,12.329878,39.489243,24.330000,31.889999
2010-08-18,6.376627,9.770000,9.890000,9.720000,11861300.000000,38.224037,59.599998,12.476565,39.645920,24.590000,31.850000
2010-08-19,6.291781,9.640000,9.830000,9.610000,19439300.000000,38.544708,60.099998,12.296030,39.045357,26.440001,31.850000
2010-08-20,6.317886,9.680000,9.770000,9.650000,9000500.000000,38.416447,59.900002,12.298850,39.097565,25.490000,31.879999
2010-08-23,6.324412,9.690000,9.800000,9.680000,9888100.000000,38.544708,60.099998,12.166268,38.714607,25.660000,31.879999
2010-08-24,6.226512,9.540000,9.670000,9.460000,17847400.000000,38.224037,59.599998,11.980097,37.992199,27.459999,31.910000
2010-08-25,6.180826,9.470000,9.540000,9.320000,12023400.000000,37.646828,58.700001,12.078822,38.357761,26.700001,31.980000
2010-08-26,6.154717,9.430000,9.500000,9.400000,12119600.000000,37.710964,58.799999,11.895472,37.896446,27.370001,32.009998
2010-08-27,6.298308,9.650000,9.670000,9.390000,9931700.000000,37.710964,58.799999,12.157808,38.357761,24.450001,31.980000
2010-08-30,6.148192,9.420000,9.690000,9.390000,12539800.000000,38.095764,59.400002,11.833412,37.957378,27.209999,31.950001
2010-08-31,6.135139,9.400000,9.470000,9.320000,16359400.000000,37.775101,58.900002,11.613385,37.826824,26.049999,32.009998
2010-09-01,6.252618,9.580000,9.640000,9.420000,14118900.000000,37.903358,59.099998,11.946246,38.958313,23.889999,32.000000
2010-09-02,6.180826,9.470000,9.620000,9.440000,20201800.000000,38.159908,59.500000,12.188839,39.393509,23.190001,31.990000
2010-09-03,6.376627,9.770000,9.770000,9.590000,11390200.000000,38.352310,59.799999,12.422967,40.046303,21.309999,31.990000
2010-09-07,6.200403,9.500000,9.730000,9.480000,18467000.000000,38.608837,60.200001,12.132421,39.776485,23.799999,31.840000
2010-09-08,6.213459,9.520000,9.540000,9.440000,11263500.000000,38.031628,59.299999,12.078822,40.255180,23.250000,31.959999
2010-09-09,6.206932,9.510000,9.630000,9.470000,8783500.000000,38.159908,59.500000,12.101392,40.411865,22.809999,31.889999
2010-09-10,6.187351,9.480000,9.550000,9.440000,9389500.000000,38.031628,59.299999,11.951885,40.559822,21.990000,31.830000
2010-09-13,6.435369,9.860000,9.900000,9.750000,18223400.000000,39.057781,60.900002,12.332698,41.125576,21.209999,31.790001
2010-09-14,6.481056,9.930000,9.960000,9.780000,8323500.000000,39.121918,61.000000,12.561189,41.299644,21.559999,31.670000
2010-09-15,6.448422,9.880000,9.940000,9.790000,6151600.000000,39.250191,61.200001,12.541442,41.560764,22.100000,31.700001
2010-09-16,6.500637,9.960000,9.990000,9.810000,12894300.000000,38.801247,60.500000,12.642989,41.726131,21.719999,31.740000
2010-09-17,6.468002,9.910000,10.050000,9.890000,7967400.000000,39.250191,61.200001,12.651460,41.867481,22.010000,31.665001
2010-09-20,6.572428,10.070000,10.070000,9.940000,12612700.000000,39.763252,62.000000,12.758644,42.600285,21.500000,31.715000
2010-09-21,6.461475,9.900000,10.100000,9.880000,14590000.000000,39.634998,61.799999,12.786855,42.591576,22.350000,31.650000
2010-09-22,6.396209,9.800000,9.920000,9.770000,33047200.000000,39.634998,61.799999,12.586571,42.478157,22.510000,31.559999
2010-09-23,6.304833,9.660000,9.750000,9.580000,29309800.000000,38.480572,60.000000,12.662736,42.460705,23.870001,31.520000
2010-09-24,6.513691,9.980000,10.010000,9.720000,29744500.000000,38.544708,60.099998,13.226906,43.324409,21.709999,31.490000
2010-09-27,6.454948,9.890000,9.980000,9.880000,12822100.000000,38.929512,60.700001,13.159204,43.088863,22.540001,31.370001
2010-09-28,6.585485,10.090000,10.100000,9.850000,12307000.000000,39.121918,61.000000,13.390514,43.071384,22.600000,31.305000
2010-09-29,6.709492,10.280000,10.360000,10.080000,20805700.000000,39.442577,61.500000,13.424363,43.001614,23.250000,31.415001
2010-09-30,6.618116,10.140000,10.380000,10.120000,11830400.000000,39.763252,62.000000,13.345382,42.809677,23.700001,31.180000
2010-10-01,6.689910,10.250000,10.270000,10.120000,11123000.000000,39.763252,62.000000,13.331279,42.757328,22.500000,31.150000
2010-10-04,6.663805,10.210000,10.340000,10.120000,13630400.000000,39.699135,61.900002,13.147926,42.294960,23.530001,31.290001
2010-10-05,6.794340,10.410000,10.420000,10.220000,13253400.000000,39.186054,61.099998,13.483602,43.324409,21.760000,31.000000
2010-10-06,6.722544,10.300000,10.410000,10.260000,10742000.000000,39.634998,61.799999,13.277679,42.949265,21.490000,30.959999
2010-10-07,6.709492,10.280000,10.350000,10.200000,7504600.000000,39.314320,61.299999,13.328453,43.106289,21.559999,30.830000
2010-10-08,6.761706,10.360000,10.380000,10.200000,6281600.000000,39.634998,61.799999,13.455394,43.402912,20.709999,30.730000
2010-10-11,6.748652,10.340000,10.380000,10.270000,5766600.000000,39.442577,61.500000,13.559763,43.420372,18.959999,30.840000
2010-10-12,6.702964,10.270000,10.330000,10.150000,7488800.000000,39.121918,61.000000,13.655672,43.717010,18.930000,30.850000
2010-10-13,6.807395,10.430000,10.470000,10.310000,11061700.000000,39.121918,61.000000,13.630288,44.074696,19.070000,30.950001
2010-10-14,6.768232,10.370000,10.490000,10.350000,12535900.000000,39.634998,61.799999,13.596436,43.987438,19.879999,30.900000
2010-10-15,6.748652,10.340000,10.480000,10.260000,12457200.000000,39.699135,61.900002,13.652848,44.920944,19.030001,30.660000
2010-10-18,6.722544,10.300000,10.330000,10.220000,12978800.000000,38.801247,60.500000,13.559763,44.755173,19.090000,30.650000
2010-10-19,6.657277,10.200000,10.310000,10.130000,12066600.000000,38.929512,60.700001,13.370770,44.336411,20.629999,30.809999
2010-10-20,6.742126,10.330000,10.380000,10.220000,8634100.000000,39.121918,61.000000,13.461032,44.659210,19.790001,30.900000
2010-10-21,6.794340,10.410000,10.480000,10.310000,25208900.000000,39.121918,61.000000,13.382051,44.746460,19.270000,30.809999
2010-10-22,6.918347,10.600000,10.600000,10.400000,10628800.000000,39.634998,61.799999,13.641569,45.051804,18.780001,30.830000
2010-10-25,6.970562,10.680000,10.730000,10.610000,15294700.000000,39.763252,62.000000,13.799540,45.269909,19.850000,30.790001
2010-10-26,6.931399,10.620000,10.690000,10.570000,5179200.000000,39.955666,62.299999,13.740297,45.392044,20.219999,30.600000
2010-10-27,6.950983,10.650000,10.690000,10.580000,11037100.000000,39.763252,62.000000,14.174706,45.531639,20.709999,30.650000
2010-10-28,7.022775,10.760000,10.880000,10.710000,14111000.000000,40.212200,62.700001,14.180346,45.627598,20.879999,30.700001
2010-10-29,7.120677,10.910000,10.940000,10.700000,13152000.000000,40.276321,62.799999,14.267795,45.522900,21.200001,30.700001
2010-11-01,7.107621,10.890000,11.000000,10.850000,6265100.000000,40.725269,63.500000,14.222663,45.557800,21.830000,30.842501
2010-11-02,7.074988,10.840000,10.940000,10.780000,9680200.000000,40.597008,63.299999,14.318567,46.046360,21.570000,30.480000
2010-11-03,7.133730,10.930000,10.950000,10.830000,8804800.000000,40.981804,63.900002,14.465254,46.255741,19.559999,30.450001
2010-11-04,7.349113,11.260000,11.260000,10.970000,13522900.000000,40.981804,63.900002,14.916587,46.822826,18.520000,30.400999
2010-11-05,7.296898,11.180000,11.240000,11.100000,10642900.000000,41.174221,64.199997,15.012494,46.822826,18.260000,30.170000
2010-11-08,7.179417,11.000000,11.140000,10.990000,8276300.000000,40.597008,63.299999,15.009675,46.883892,18.290001,30.549999
2010-11-09,7.270792,11.140000,11.290000,11.100000,16399400.000000,41.045948,64.000000,14.848888,46.630882,19.080000,30.180000
2010-11-10,7.342585,11.250000,11.250000,11.120000,11618500.000000,41.174221,64.199997,14.834787,46.866440,18.469999,30.135000
2010-11-11,7.218576,11.060000,11.150000,11.000000,10698900.000000,40.853531,63.700001,14.671173,46.569805,18.639999,30.150000
2010-11-12,7.212049,11.050000,11.090000,10.940000,8284200.000000,40.404610,63.000000,14.665531,45.810799,20.610001,30.090000
2010-11-15,7.218576,11.060000,11.180000,11.060000,6752600.000000,40.981804,63.900002,14.555520,45.636326,20.200001,30.180000
2010-11-16,7.088042,10.860000,11.060000,10.820000,8229300.000000,41.366611,64.500000,14.346779,44.886036,22.580000,30.190001
2010-11-17,7.107621,10.890000,10.960000,10.840000,10309200.000000,40.917671,63.799999,14.335497,45.016903,21.760000,30.245001
2010-11-18,7.205523,11.040000,11.100000,10.980000,8092800.000000,40.597008,63.299999,14.595013,45.741013,18.750000,30.410000
2010-11-19,7.231629,11.080000,11.080000,10.950000,3746400.000000,40.853531,63.700001,14.820674,45.775932,18.040001,30.375000
2010-11-22,7.264264,11.130000,11.150000,10.960000,7839900.000000,40.917671,63.799999,15.009675,46.159779,18.370001,30.315001
2010-11-23,7.009722,10.740000,11.000000,10.720000,11475400.000000,40.661133,63.400002,14.899666,45.426945,20.629999,30.350000
2010-11-24,7.179417,11.000000,11.010000,10.830000,10324000.000000,40.532871,63.200001,15.274833,46.342987,19.559999,30.520000
2010-11-26,7.179417,11.000000,11.020000,10.890000,4490900.000000,41.302490,64.400002,15.178928,46.037647,22.219999,30.360001
2010-11-29,7.055409,10.810000,10.990000,10.710000,17495900.000000,41.238354,64.300003,15.156360,46.002747,21.530001,30.455000
2010-11-30,7.016249,10.750000,10.800000,10.710000,16522500.000000,40.661133,63.400002,14.964549,45.444386,23.540001,30.500000
2010-12-01,7.251214,11.110000,11.130000,10.900000,22671000.000000,41.430748,64.599998,15.415873,46.404060,21.360001,30.469999
2010-12-02,7.531860,11.540000,11.580000,11.210000,27885800.000000,42.456902,66.199997,15.720531,46.875149,19.389999,30.430000
2010-12-03,7.812513,11.970000,12.000000,11.550000,22780100.000000,43.803730,68.300003,15.799505,46.997288,18.010000,30.309999
2010-12-06,7.760298,11.890000,11.990000,11.830000,7499700.000000,43.931992,68.500000,15.791045,46.979847,18.020000,30.219999
2010-12-07,7.721138,11.830000,12.000000,11.830000,9644900.000000,43.611317,68.000000,15.774123,47.006031,17.990000,30.110001
2010-12-08,7.773349,11.910000,11.950000,11.850000,10947000.000000,43.611317,68.000000,15.909524,47.180508,17.740000,30.100000
2010-12-09,7.851671,12.030000,12.250000,12.030000,14510700.000000,44.893997,70.000000,15.957485,47.224121,17.250000,30.150000
2010-12-10,7.884304,12.080000,12.130000,12.000000,10002400.000000,44.701595,69.699997,15.960301,47.538189,17.610001,30.040001
2010-12-13,7.766823,11.900000,12.180000,11.900000,11830200.000000,44.509193,69.400002,15.853107,47.372448,17.549999,30.150000
2010-12-14,7.773349,11.910000,12.010000,11.850000,12702300.000000,44.252663,69.000000,15.748741,47.459690,17.610001,30.000000
2010-12-15,7.910412,12.120000,12.170000,11.970000,11263900.000000,44.893997,70.000000,15.579482,47.250301,17.940001,29.879999
2010-12-16,8.040946,12.320000,12.320000,12.200000,11049900.000000,45.663601,71.199997,15.664113,47.616714,17.389999,29.780001
2010-12-17,8.282435,12.690000,12.730000,12.450000,21359100.000000,46.753910,72.900002,15.765655,47.658676,16.110001,29.865000
2010-12-20,8.047472,12.330000,12.520000,12.290000,9499500.000000,45.663601,71.199997,15.633081,47.693649,16.410000,29.870001
2010-12-21,8.086635,12.390000,12.480000,12.320000,10978600.000000,45.727745,71.300003,15.731812,47.982105,16.490000,29.924999
2010-12-22,8.027893,12.300000,12.450000,12.260000,7865300.000000,45.663601,71.199997,15.748741,47.973362,15.450000,29.820000
2010-12-23,7.982203,12.230000,12.320000,12.200000,5750600.000000,45.535336,71.000000,15.703597,47.850986,16.469999,29.875000
2010-12-27,8.034419,12.310000,12.350000,12.230000,3890700.000000,45.342937,70.699997,15.723340,47.877216,17.670000,29.650000
2010-12-28,7.988731,12.240000,12.330000,12.200000,5232200.000000,45.471214,70.900002,15.658466,47.789806,17.520000,29.450001
2010-12-29,8.034419,12.310000,12.430000,12.210000,9312400.000000,45.278805,70.599998,15.661288,47.894684,17.280001,29.450001
2010-12-30,8.093161,12.400000,12.420000,12.330000,4270200.000000,45.278805,70.599998,15.709242,47.781071,17.520000,29.375000
2010-12-31,8.184536,12.540000,12.540000,12.390000,4216200.000000,45.535336,71.000000,15.712063,47.606236,17.750000,29.040001
2011-01-03,8.217171,12.590000,12.690000,12.540000,7040600.000000,45.599480,71.099998,15.796686,48.349258,17.610001,29.165001
2011-01-04,8.243279,12.630000,12.630000,12.440000,9709800.000000,45.663601,71.199997,15.836180,48.314289,17.379999,29.049999
2011-01-05,8.067054,12.360000,12.550000,12.240000,9777300.000000,44.765739,69.800003,15.886956,48.725140,17.020000,29.170000
2011-01-06,8.399918,12.870000,12.920000,12.450000,23936600.000000,45.535336,71.000000,16.171864,48.882488,17.400000,29.165001
2011-01-07,8.530452,13.070000,13.100000,12.880000,20593300.000000,46.497368,72.500000,16.216993,48.838776,17.139999,29.254999
2011-01-10,8.628352,13.220000,13.270000,13.060000,16293600.000000,47.587643,74.199997,16.391890,49.022354,17.540001,29.355000
2011-01-11,8.758889,13.420000,13.520000,13.310000,18268900.000000,47.780033,74.500000,16.434195,49.092285,16.889999,29.240000
2011-01-12,8.817630,13.510000,13.560000,13.380000,11785800.000000,48.036583,74.900002,16.755775,49.441933,16.240000,29.129999
2011-01-13,8.726254,13.370000,13.560000,13.270000,12088500.000000,47.844162,74.599998,16.767056,49.459435,16.389999,28.910000
2011-01-14,8.928582,13.680000,13.690000,13.350000,15034100.000000,47.972443,74.800003,17.212746,49.826580,15.460000,29.165001
2011-01-18,8.843735,13.550000,13.820000,13.520000,14698500.000000,49.255142,76.800003,17.164795,49.966423,15.870000,29.035000
2011-01-19,8.830682,13.530000,13.850000,13.530000,20552600.000000,50.024746,78.000000,16.750126,49.398232,17.309999,29.025000
2011-01-20,8.654458,13.260000,13.440000,13.210000,24561200.000000,48.998611,76.400002,16.578054,49.048588,17.990000,28.980000
2011-01-21,8.660988,13.270000,13.390000,13.230000,23532600.000000,47.844162,74.599998,16.459587,48.672691,18.469999,29.245001
2011-01-24,8.778469,13.450000,13.490000,13.180000,12170300.000000,48.293118,75.300003,16.840403,49.345783,17.650000,29.080000
2011-01-25,8.628352,13.220000,13.380000,13.220000,16607200.000000,48.100719,75.000000,16.721920,49.415718,17.590000,29.049999
2011-01-26,8.641407,13.240000,13.330000,13.210000,19606400.000000,47.844162,74.599998,16.857321,49.677963,16.639999,29.020000
2011-01-27,8.687095,13.310000,13.550000,13.200000,23444900.000000,48.228981,75.199997,17.187357,49.983913,16.150000,29.055000
2011-01-28,8.556558,13.110000,13.490000,13.090000,22928500.000000,48.934464,76.300003,16.716276,48.716400,20.040001,28.990000
2011-01-31,8.530452,13.070000,13.160000,13.030000,17718200.000000,48.934464,76.300003,16.781162,48.952427,19.530001,28.959999
2011-02-01,8.621827,13.210000,13.310000,13.180000,17957000.000000,48.934464,76.300003,17.198645,49.870277,17.629999,29.030001
2011-02-02,8.706672,13.340000,13.440000,13.200000,12598000.000000,48.934464,76.300003,17.288912,49.791595,17.299999,29.030001
2011-02-03,8.719727,13.360000,13.420000,13.260000,7536700.000000,48.934464,76.300003,17.303009,49.879028,16.690001,29.020000
2011-02-04,8.889422,13.620000,13.630000,13.320000,13293400.000000,48.934464,76.300003,17.666912,50.158745,15.930000,29.020000
2011-02-07,8.915530,13.660000,13.740000,13.580000,15960600.000000,48.934464,76.300003,17.596388,50.394768,16.280001,29.025000
2011-02-08,8.758889,13.420000,13.600000,13.360000,11827600.000000,48.421398,75.500000,17.596388,50.726948,15.810000,29.025000
2011-02-09,8.543507,13.090000,13.420000,13.090000,13696400.000000,47.331116,73.800003,17.472261,50.639530,15.870000,28.879999
2011-02-10,8.380338,12.840000,12.960000,12.740000,26351400.000000,46.176697,72.000000,17.494827,50.718204,16.090000,28.790001
2011-02-11,8.445607,12.940000,12.980000,12.640000,11393100.000000,45.791874,71.400002,17.635876,51.085331,15.690000,28.900000
2011-02-14,8.412971,12.890000,12.960000,12.870000,8005900.000000,46.497368,72.500000,17.779739,51.207726,15.950000,29.299999
2011-02-15,8.367285,12.820000,12.870000,12.740000,7291100.000000,46.497368,72.500000,17.599199,51.137794,16.370001,29.309999
2011-02-16,8.412971,12.890000,12.960000,12.820000,14544900.000000,46.240829,72.099998,17.782560,51.469978,16.719999,29.379999
2011-02-17,8.530452,13.070000,13.070000,12.820000,16609200.000000,46.497368,72.500000,18.050541,51.452492,16.590000,29.360001
2011-02-18,8.360757,12.810000,13.090000,12.790000,15167000.000000,46.818024,73.000000,18.008219,51.338848,16.430000,29.415001
2011-02-22,8.099689,12.410000,12.740000,12.390000,15166500.000000,46.497368,72.500000,17.303009,49.852798,20.799999,29.309999
2011-02-23,8.014838,12.280000,12.590000,12.220000,16723100.000000,45.535336,71.000000,16.970158,49.441933,22.129999,29.525000
2011-02-24,7.910412,12.120000,12.370000,12.010000,29988100.000000,45.214672,70.500000,17.235312,49.704174,21.320000,29.570000
2011-02-25,8.021367,12.290000,12.350000,12.140000,15380300.000000,45.214672,70.500000,17.681000,50.394768,19.219999,29.795000
2011-02-28,8.021367,12.290000,12.390000,12.200000,18334700.000000,45.214672,70.500000,17.511747,50.499668,18.350000,29.795000
2011-03-01,7.949571,12.180000,12.560000,12.170000,15990200.000000,45.791874,71.400002,17.170435,49.686707,21.010000,29.745001
2011-03-02,7.969154,12.210000,12.310000,12.120000,12591100.000000,45.150539,70.400002,17.387646,49.948944,20.700001,29.535000
2011-03-03,8.001787,12.260000,12.350000,12.170000,15442000.000000,45.407070,70.800003,17.723328,50.936745,18.600000,29.629999
2011-03-04,8.099689,12.410000,12.500000,12.330000,20278800.000000,46.048420,71.800003,17.576632,50.674492,19.059999,29.445000
2011-03-07,7.962626,12.200000,12.430000,12.070000,15430100.000000,45.471214,70.900002,17.094275,49.992664,20.660000,29.379999
2011-03-08,8.060528,12.350000,12.470000,12.340000,19209600.000000,45.856018,71.500000,17.111198,50.193726,19.820000,29.344999
2011-03-09,8.171481,12.520000,12.630000,12.260000,25862200.000000,45.791874,71.400002,16.580881,49.852798,20.219999,29.415001
2011-03-10,7.903887,12.110000,12.250000,12.050000,17514200.000000,45.214672,70.500000,16.160576,49.074802,21.879999,29.344999
2011-03-11,7.969154,12.210000,12.260000,12.040000,13547700.000000,44.893997,70.000000,16.343943,49.380764,20.080000,29.450001
2011-03-14,7.936517,12.160000,12.200000,12.020000,8602600.000000,45.086403,70.300003,16.307257,49.205917,21.129999,29.520000
2011-03-15,7.773349,11.910000,11.920000,11.610000,14192300.000000,43.611317,68.000000,16.092873,48.506599,24.320000,29.475000
2011-03-16,7.460068,11.430000,11.910000,11.330000,39189200.000000,43.931992,68.500000,15.754369,47.335247,29.400000,29.540001
2011-03-17,7.577549,11.610000,11.730000,11.550000,13507100.000000,43.226524,67.400002,15.943371,47.772316,26.370001,29.530001
2011-03-18,7.668922,11.750000,11.820000,11.580000,13015000.000000,43.803730,68.300003,16.011074,47.664650,24.440001,29.549999
2011-03-21,7.792929,11.940000,12.050000,11.880000,15205300.000000,44.252663,69.000000,16.298800,48.583805,20.610001,29.549999
2011-03-22,7.714610,11.820000,11.940000,11.800000,10850100.000000,43.996128,68.599998,16.143646,48.496254,20.209999,29.520000
2011-03-23,7.858196,12.040000,12.060000,11.720000,17840300.000000,44.060261,68.699997,16.298800,48.767639,19.170000,29.540001
2011-03-24,8.014838,12.280000,12.310000,12.030000,16177100.000000,44.509193,69.400002,16.696533,49.634262,18.000000,29.575001
2011-03-25,7.988731,12.240000,12.330000,12.190000,10185100.000000,45.663601,71.199997,16.662348,49.756805,17.910000,29.514999
2011-03-28,7.943046,12.170000,12.360000,12.100000,7657800.000000,45.535336,71.000000,16.665176,49.485439,19.440001,29.430000
2011-03-29,7.871254,12.060000,12.090000,12.010000,25880800.000000,45.407070,70.800003,16.831858,49.966904,18.160000,29.469999
2011-03-30,7.903887,12.110000,12.150000,12.020000,13372800.000000,45.086403,70.300003,16.851635,50.203259,17.709999,29.469999
2011-03-31,7.949571,12.180000,12.340000,12.090000,13090900.000000,45.278805,70.599998,16.693430,50.273300,17.740000,29.480000
2011-04-01,7.969154,12.210000,12.280000,12.160000,10752900.000000,45.342937,70.699997,16.509792,50.299541,17.400000,29.400000
2011-04-04,7.949571,12.180000,12.260000,12.150000,9660700.000000,45.342937,70.699997,16.362892,50.133221,17.500000,29.245001
2011-04-05,8.132321,12.460000,12.510000,12.300000,20534300.000000,45.342937,70.699997,16.730154,50.001926,17.250000,29.245001
2011-04-06,8.334651,12.770000,12.830000,12.680000,12934700.000000,46.753910,72.900002,16.987234,50.124474,16.900000,29.315001
2011-04-07,8.302017,12.720000,12.810000,12.650000,8459300.000000,46.689770,72.800003,16.930737,50.089474,17.110001,28.940001
2011-04-08,8.256327,12.650000,12.850000,12.630000,7510900.000000,46.753910,72.900002,16.789484,49.853111,17.870001,28.910000
2011-04-11,8.164956,12.510000,12.580000,12.420000,9431600.000000,45.599480,71.099998,16.648232,49.686779,16.590000,28.920000
2011-04-12,7.982203,12.230000,12.380000,12.150000,8548900.000000,44.958126,70.099998,16.295092,49.345383,17.090000,28.910000
2011-04-13,8.001787,12.260000,12.370000,12.230000,11613700.000000,45.342937,70.699997,16.334635,49.765575,16.920000,29.080000
2011-04-14,8.034419,12.310000,12.350000,12.170000,11826400.000000,44.765739,69.800003,16.360064,49.678036,16.270000,29.030001
2011-04-15,7.969154,12.210000,12.300000,12.130000,6326500.000000,44.380939,69.199997,16.444824,49.590500,15.320000,29.030001
2011-04-18,7.799457,11.950000,12.130000,11.870000,11477300.000000,44.252663,69.000000,16.151022,49.240337,16.959999,28.969999
2011-04-19,7.805984,11.960000,12.010000,11.850000,17106500.000000,43.675453,68.099998,16.218811,49.546715,15.830000,29.080000
2011-04-20,8.125795,12.450000,12.450000,12.270000,16936700.000000,44.765739,69.800003,16.905310,50.667210,15.070000,29.049999
2011-04-21,8.197590,12.560000,12.620000,12.510000,14928000.000000,45.342937,70.699997,16.922260,51.069885,14.690000,28.950001
2011-04-25,8.014838,12.280000,12.520000,12.230000,11027600.000000,45.086403,70.300003,16.933563,51.201202,15.770000,28.850000
2011-04-26,8.197590,12.560000,12.560000,12.320000,11100000.000000,45.086403,70.300003,17.210423,51.490070,15.620000,28.889999
2011-04-27,8.674040,13.290000,13.350000,12.650000,44473500.000000,46.369106,72.300003,17.199123,51.840225,15.350000,29.010000
2011-04-28,8.752361,13.410000,13.480000,13.160000,31618300.000000,46.818024,73.000000,17.111534,51.761452,14.620000,28.855000
2011-04-29,8.811103,13.500000,13.500000,13.320000,15371600.000000,46.946301,73.199997,17.170866,51.717667,14.750000,28.674999
2011-05-02,8.817630,13.510000,13.570000,13.440000,16884100.000000,46.946301,73.199997,17.015490,51.621380,15.990000,28.674999
2011-05-03,8.784999,13.460000,13.560000,13.380000,18363000.000000,47.844162,74.599998,16.806429,51.376278,16.700001,28.670000
2011-05-04,8.771940,13.440000,13.500000,13.310000,16035100.000000,47.331116,73.800003,16.800785,51.297478,17.080000,28.590000
2011-05-05,8.843735,13.550000,13.690000,13.450000,17851100.000000,47.972443,74.800003,16.845982,51.017361,18.200001,28.565001
2011-05-06,8.974271,13.750000,13.890000,13.660000,19126000.000000,48.100719,75.000000,16.978762,51.183681,18.400000,28.540001
2011-05-09,8.922057,13.670000,13.800000,13.600000,16039800.000000,48.421398,75.500000,16.908138,51.376278,17.160000,28.600000
2011-05-10,8.974271,13.750000,13.790000,13.550000,11120200.000000,47.715900,74.400002,16.990070,51.813957,15.910000,28.610001
2011-05-11,8.811103,13.500000,13.810000,13.480000,12408500.000000,48.100719,75.000000,16.865761,51.437550,16.950001,28.580000
2011-05-12,9.019958,13.820000,13.940000,13.480000,26161400.000000,48.549641,75.699997,17.086117,51.743942,16.030001,28.500000
2011-05-13,8.869843,13.590000,13.840000,13.540000,12839300.000000,48.677921,75.900002,16.877060,51.131157,17.070000,28.559999
2011-05-16,8.791522,13.470000,13.680000,13.470000,13765000.000000,48.036583,74.900002,16.639744,50.247028,18.240000,28.635000
2011-05-17,8.739308,13.390000,13.600000,13.280000,21091500.000000,48.485523,75.599998,16.433517,50.387089,17.549999,28.799999
2011-05-18,8.830682,13.530000,13.610000,13.480000,11029700.000000,48.293118,75.300003,16.732981,50.807262,16.230000,28.844999
2011-05-19,8.778469,13.450000,13.540000,13.360000,8295100.000000,48.228981,75.199997,16.591722,50.956089,15.520000,28.850000
2011-05-20,8.752361,13.410000,13.490000,13.320000,8234400.000000,48.421398,75.500000,16.557823,50.570919,17.430000,28.815001
2011-05-23,8.563087,13.120000,13.260000,13.090000,14639200.000000,48.164852,75.099998,16.218811,49.826843,18.270000,28.809999
2011-05-24,8.582667,13.150000,13.360000,13.140000,15758800.000000,47.972443,74.800003,16.077564,49.520466,17.820000,28.980000
2011-05-25,8.595720,13.170000,13.260000,13.070000,11050400.000000,47.780033,74.500000,16.221632,49.713039,17.070000,28.879999
2011-05-26,8.706672,13.340000,13.390000,13.130000,15105200.000000,47.587643,74.199997,16.374197,50.019428,16.090000,28.940001
2011-05-27,8.654458,13.260000,13.440000,13.210000,10229900.000000,47.459377,74.000000,16.569126,50.273300,15.980000,28.885000
2011-05-31,8.915530,13.660000,13.750000,13.450000,17418500.000000,49.190994,76.699997,16.820551,51.087383,15.450000,28.719999
2011-06-01,8.928582,13.680000,13.790000,13.600000,17616700.000000,49.383415,77.000000,16.331812,49.975647,18.299999,28.639999
2011-06-02,8.941639,13.700000,13.780000,13.650000,12586800.000000,48.998611,76.400002,16.312038,50.080685,18.090000,28.575001
2011-06-03,8.902475,13.640000,13.780000,13.590000,9232000.000000,49.511669,77.199997,16.026711,49.327873,17.950001,28.680000
2011-06-06,8.928582,13.680000,13.800000,13.590000,10591300.000000,49.511669,77.199997,15.910877,48.925198,18.490000,28.680000
2011-06-07,9.059119,13.880000,14.050000,13.780000,14722000.000000,49.704071,77.500000,15.975857,48.837658,18.070000,28.620001
2011-06-08,8.954690,13.720000,13.900000,13.640000,14932900.000000,49.704071,77.500000,15.665100,48.487503,18.790001,28.660000
2011-06-09,8.850265,13.560000,13.730000,13.320000,14243900.000000,49.319275,76.900002,15.676403,48.575047,17.770000,28.629999
2011-06-10,8.517397,13.050000,13.440000,13.000000,30974300.000000,48.293118,75.300003,15.424963,47.830967,18.860001,28.715000
2011-06-13,8.478236,12.990000,13.090000,12.960000,13034200.000000,47.908321,74.699997,15.289362,47.830967,19.610001,28.775000
2011-06-14,8.700150,13.330000,13.370000,13.250000,12413100.000000,48.870335,76.199997,15.557748,48.443745,18.260000,28.790001
2011-06-15,8.563087,13.120000,13.350000,13.110000,18221700.000000,49.383415,77.000000,15.272410,47.524574,21.320000,28.790001
2011-06-16,8.484765,13.000000,13.160000,12.910000,16911900.000000,48.421398,75.500000,15.097250,47.340752,22.730000,28.790001
2011-06-17,8.302017,12.720000,13.110000,12.670000,18469400.000000,47.587643,74.199997,14.874064,47.192497,21.850000,28.870001
2011-06-20,8.419498,12.900000,12.940000,12.740000,10737600.000000,48.036583,74.900002,14.893851,47.438148,19.990000,28.930000
2011-06-21,8.660988,13.270000,13.280000,13.010000,13390400.000000,48.677921,75.900002,15.244160,48.455868,18.860001,28.945000
2011-06-22,8.432551,12.920000,13.150000,12.910000,16821800.000000,48.100719,75.000000,15.184832,48.104919,18.520000,28.855000
2011-06-23,8.380338,12.840000,12.890000,12.500000,18140700.000000,47.587643,74.199997,15.404776,48.552364,19.290001,28.780001
2011-06-24,8.093161,12.400000,12.700000,12.360000,26052200.000000,46.753910,72.900002,15.050937,47.710117,21.100000,28.820000
2011-06-27,8.178006,12.530000,12.600000,12.330000,27858400.000000,46.176697,72.000000,15.127362,48.473412,20.559999,28.879999
2011-06-28,8.367285,12.820000,12.820000,12.570000,32005100.000000,46.497368,72.500000,15.331179,49.192829,19.170000,28.889999
2011-06-29,8.400614,12.350000,12.500000,12.260000,16606000.000000,47.768166,71.400002,15.350999,49.394623,17.270000,28.900000
2011-06-30,8.577471,12.610000,12.710000,12.450000,20957200.000000,48.303391,72.199997,15.710495,50.052639,16.520000,28.840000
2011-07-01,8.781529,12.910000,12.920000,12.590000,17024900.000000,48.704819,72.800003,16.047356,50.807148,15.870000,28.795000
2011-07-05,8.652293,12.720000,12.850000,12.620000,10336700.000000,48.972416,73.199997,15.919968,51.061569,16.059999,28.660000
2011-07-06,8.523050,12.530000,12.640000,12.400000,20917400.000000,48.704819,72.800003,15.792584,51.228283,16.340000,28.750000
2011-07-07,8.679501,12.760000,12.860000,12.560000,20138900.000000,47.901985,71.599998,16.092642,51.930141,15.950000,28.825001
2011-07-08,8.584273,12.620000,12.650000,12.340000,13968700.000000,48.504101,72.500000,15.871845,51.789776,15.950000,28.809999
2011-07-11,8.414215,12.370000,12.560000,12.340000,10239400.000000,47.701279,71.300003,15.597269,50.851021,18.389999,28.719999
2011-07-12,8.325790,12.240000,12.330000,12.120000,16394900.000000,47.032261,70.300003,15.150010,50.464985,19.870001,28.822001
2011-07-13,8.461833,12.440000,12.690000,12.400000,17094300.000000,48.303391,72.199997,15.101894,50.675545,19.910000,28.905001
2011-07-14,8.264571,12.150000,12.430000,12.090000,17778000.000000,47.299866,70.699997,14.878265,50.087723,20.799999,28.790001
2011-07-15,8.312187,12.220000,12.310000,12.100000,11521800.000000,46.764641,69.900002,14.937715,50.754509,19.530001,28.809999
2011-07-18,8.257767,12.140000,12.180000,12.030000,14976100.000000,46.630833,69.699997,14.756540,50.482533,20.950001,28.268000
2011-07-19,8.312187,12.220000,12.280000,12.000000,13348100.000000,45.828018,68.500000,15.217948,51.631863,19.209999,28.879999
2011-07-20,8.482240,12.470000,12.540000,12.360000,8756200.000000,47.901985,71.599998,15.158504,51.412518,19.090000,28.879999
2011-07-21,8.550260,12.570000,12.680000,12.420000,8316300.000000,47.901985,71.599998,15.271737,51.754704,17.559999,28.809999
2011-07-22,8.829147,12.980000,12.980000,12.600000,16438500.000000,48.169594,72.000000,15.642566,52.289867,17.520000,28.799999
2011-07-25,8.672699,12.750000,12.820000,12.600000,24419600.000000,48.169594,72.000000,15.458565,52.184593,19.350000,28.809999
2011-07-26,8.774730,12.900000,13.050000,12.800000,16114900.000000,49.306919,73.699997,15.563301,52.316185,20.230000,28.790001
2011-07-27,8.543460,12.560000,12.860000,12.530000,19118800.000000,49.106224,73.400002,15.008477,50.965076,22.980000,28.820000
2011-07-28,8.373405,12.310000,12.710000,12.280000,27805500.000000,48.838600,73.000000,14.977341,51.052807,23.740000,28.770000
2011-07-29,8.407416,12.360000,12.430000,12.230000,20581700.000000,48.169594,72.000000,14.852787,50.886124,25.250000,28.790001
2011-08-01,8.523050,12.530000,12.690000,12.330000,20125100.000000,48.571011,72.599998,14.835804,50.649223,23.660000,28.870001
2011-08-02,8.291779,12.190000,12.460000,12.190000,12811200.000000,47.768166,71.400002,14.405534,49.368298,24.790001,28.770000
2011-08-03,8.271371,12.160000,12.250000,11.920000,19356500.000000,46.898441,70.099998,14.575379,49.842072,23.379999,28.790001
2011-08-04,7.876851,11.580000,12.140000,11.570000,27060800.000000,46.831551,70.000000,13.734655,47.525867,31.660000,28.820000
2011-08-05,7.863245,11.560000,11.690000,11.180000,22109100.000000,44.556866,66.599998,13.457241,47.227570,32.000000,28.900000
2011-08-08,7.441516,10.940000,11.310000,10.840000,18751900.000000,43.620232,65.199997,12.738244,44.384979,48.000000,28.969999
2011-08-09,7.822435,11.500000,11.520000,10.870000,21818200.000000,42.349106,63.299999,13.307211,46.525700,35.060001,28.959999
2011-08-10,7.529943,11.070000,11.390000,11.050000,19386900.000000,44.021660,65.800003,13.052454,44.621857,42.990002,28.950001
2011-08-11,7.836040,11.520000,11.690000,11.210000,17011900.000000,44.423073,66.400002,13.697859,46.587101,39.000000,28.910000
2011-08-12,7.795223,11.460000,11.550000,11.340000,9037700.000000,43.553341,65.099998,13.641241,46.999458,36.360001,29.000000
2011-08-15,7.938069,11.670000,11.720000,11.550000,5535100.000000,44.690681,66.800003,13.904499,47.692577,31.870001,28.277000
2011-08-16,7.836040,11.520000,11.680000,11.400000,11531700.000000,44.155453,66.000000,13.655393,47.288990,32.849998,27.962999
2011-08-17,7.829236,11.510000,11.590000,11.350000,10491600.000000,44.021660,65.800003,13.564813,47.008255,31.580000,28.195000
2011-08-18,7.516339,11.050000,11.210000,10.750000,21118100.000000,43.085022,64.400002,12.780703,44.700821,42.669998,28.860001
2011-08-19,7.441516,10.940000,11.220000,10.900000,11898100.000000,42.750511,63.900002,12.545753,43.893669,43.049999,28.275000
2011-08-22,7.645580,11.240000,11.310000,11.040000,17618100.000000,43.486435,65.000000,12.622180,44.051575,42.439999,28.143000
2011-08-23,8.053704,11.840000,11.890000,11.360000,16565700.000000,44.690681,66.800003,13.270416,45.867687,36.270000,28.950001
2011-08-24,7.985686,11.740000,11.800000,11.530000,14453900.000000,45.158981,67.500000,13.281739,46.227402,35.900002,28.965000
2011-08-25,7.720401,11.350000,11.790000,11.310000,17994600.000000,44.824471,67.000000,12.933558,45.472893,39.759998,28.930000
2011-08-26,8.033298,11.810000,11.860000,11.400000,9421300.000000,45.426586,67.900002,13.293062,46.613441,35.590000,29.000000
2011-08-29,8.250967,12.130000,12.130000,11.900000,8293300.000000,46.430138,69.400002,13.757303,47.911926,32.279999,28.236000
2011-08-30,8.142136,11.970000,12.060000,11.890000,7907200.000000,46.162525,69.000000,13.754471,48.227760,32.889999,29.020000
2011-08-31,8.142136,11.970000,12.080000,11.890000,10145300.000000,46.430138,69.400002,13.683702,48.306713,31.620001,29.010000
2011-09-01,8.087718,11.890000,12.060000,11.860000,9095900.000000,45.894917,68.599998,13.460080,47.868034,31.820000,28.940001
2011-09-02,7.931267,11.660000,11.800000,11.570000,10719500.000000,45.158981,67.500000,13.140203,46.745026,33.919998,28.930000
2011-09-06,7.836040,11.520000,11.550000,11.310000,12790800.000000,44.222359,66.099998,13.052454,46.753792,37.000000,28.990000
2011-09-07,8.196551,12.050000,12.050000,11.780000,12396600.000000,45.894917,68.599998,13.607271,47.938232,33.380001,29.110001
2011-09-08,8.162542,12.000000,12.100000,11.850000,16279000.000000,45.961811,68.699997,13.547827,47.718891,34.320000,29.049999
2011-09-09,8.080914,11.880000,12.080000,11.800000,15057500.000000,46.363243,69.300003,13.403460,46.657310,38.520000,29.030001
2011-09-12,8.121726,11.940000,11.990000,11.700000,12798200.000000,46.363243,69.300003,13.791267,47.253883,38.590000,28.813999
2011-09-13,8.135332,11.960000,11.980000,11.780000,11612100.000000,45.761105,68.400002,14.063020,47.885590,36.910000,28.551001
2011-09-14,8.040100,11.820000,11.930000,11.610000,18850400.000000,44.958286,67.199997,14.425356,48.569916,34.599998,29.469999
2011-09-15,8.237366,12.110000,12.200000,12.000000,15916200.000000,46.229416,69.099998,14.657471,49.289345,31.969999,29.610001
2011-09-16,8.441426,12.410000,12.510000,12.260000,15643200.000000,47.567467,71.099998,14.677286,49.741138,30.980000,29.530001
2011-09-19,8.312187,12.220000,12.290000,12.010000,7858900.000000,47.634377,71.199997,14.521596,49.758724,32.730000,29.540001
2011-09-20,8.244164,12.120000,12.290000,12.110000,10876500.000000,47.166050,70.500000,14.334768,49.538963,32.860001,29.700001
2011-09-21,8.108123,11.920000,12.310000,11.910000,12460100.000000,48.169594,72.000000,14.046032,48.677574,37.320000,29.879999
2011-09-22,7.836040,11.520000,11.640000,11.390000,24446200.000000,46.162525,69.000000,13.573305,47.095421,41.349998,29.910000
2011-09-23,7.965279,11.710000,11.710000,11.290000,22340300.000000,45.158981,67.500000,13.819576,47.596439,41.250000,30.410000
2011-09-26,7.863245,11.560000,11.650000,11.300000,18025300.000000,44.958286,67.199997,13.809926,48.150196,39.020000,30.430000
2011-09-27,8.176146,12.020000,12.160000,11.740000,18203400.000000,46.764641,69.900002,14.062510,48.651218,37.709999,30.440001
2011-09-28,8.006092,11.770000,12.000000,11.770000,11587300.000000,47.032261,70.300003,13.670862,47.930450,41.080002,30.270000
2011-09-29,8.033298,11.810000,11.990000,11.630000,10301800.000000,47.032261,70.300003,13.494906,47.359119,38.840000,30.280001
2011-09-30,7.774821,11.430000,11.800000,11.380000,15664200.000000,46.831551,70.000000,13.032306,46.137348,42.959999,30.500000
2011-10-03,7.693193,11.310000,11.660000,11.310000,15931500.000000,45.894917,68.599998,12.549838,44.950729,45.450001,30.450001
2011-10-04,7.985686,11.740000,11.750000,11.260000,19700000.000000,46.229416,69.099998,13.049329,45.873657,40.820000,30.530001
2011-10-05,8.040100,11.820000,11.820000,11.530000,11445900.000000,46.229416,69.099998,13.463686,47.051464,37.810001,29.546000
2011-10-06,8.046905,11.830000,11.840000,11.550000,16134800.000000,46.162525,69.000000,13.628293,47.842537,36.270000,30.620001
2011-10-07,8.026499,11.800000,11.880000,11.610000,16618600.000000,46.229416,69.099998,13.690728,47.526127,36.200001,30.530001
2011-10-10,8.176146,12.020000,12.040000,11.900000,11210000.000000,46.229416,69.099998,14.076702,49.169800,33.020000,29.580000
2011-10-11,8.067311,11.860000,12.020000,11.850000,8253000.000000,46.831551,70.000000,14.062510,49.503807,32.860001,29.752001
2011-10-12,8.271371,12.160000,12.220000,11.960000,10920200.000000,47.099152,70.400002,14.167522,49.749924,31.260000,29.509001
2011-10-13,8.278175,12.170000,12.180000,11.940000,14678500.000000,47.099152,70.400002,14.454163,50.206985,30.700001,30.260000
2011-10-14,8.366602,12.300000,12.330000,12.170000,9567900.000000,47.032261,70.300003,14.618770,51.138706,28.240000,30.270000
2011-10-17,8.169341,12.010000,12.220000,11.940000,9357900.000000,47.567467,71.099998,14.238474,50.347633,33.389999,29.421000
2011-10-18,8.305386,12.210000,12.250000,11.940000,8859600.000000,47.299866,70.699997,14.525115,50.971695,31.559999,30.120001
2011-10-19,8.237366,12.110000,12.290000,12.060000,8569800.000000,47.567467,71.099998,14.232796,49.987240,34.439999,30.160000
2011-10-20,8.033298,11.810000,12.040000,11.640000,13372900.000000,46.630833,69.699997,13.985883,49.741138,34.779999,30.020000
2011-10-21,8.284979,12.180000,12.200000,11.970000,7230000.000000,47.032261,70.300003,14.283878,50.365196,31.320000,30.090000
2011-10-24,8.489040,12.480000,12.490000,12.160000,7181400.000000,47.968884,71.699997,14.760672,51.411209,29.260000,29.254000
2011-10-25,8.291779,12.190000,12.360000,12.180000,10456100.000000,47.835083,71.500000,14.516598,50.400364,32.220001,1.801500
2011-10-26,8.332592,12.250000,12.430000,12.120000,16953200.000000,48.102688,71.900002,14.564841,50.338837,29.860001,30.110001
2011-10-27,8.808743,12.950000,13.060000,12.640000,29647900.000000,48.102688,71.900002,15.180699,51.727615,25.459999,30.090000
2011-10-28,8.665895,12.740000,12.860000,12.710000,13080000.000000,48.905529,73.099998,15.240301,51.806728,24.530001,30.040001
2011-10-31,8.584273,12.620000,12.750000,12.550000,8923100.000000,49.240017,73.599998,14.871358,50.936550,29.959999,29.820000
2011-11-01,8.468635,12.450000,12.550000,12.220000,14767400.000000,49.373833,73.800003,14.397405,49.609287,34.770000,29.216000
2011-11-02,8.652293,12.720000,12.730000,12.510000,11367900.000000,49.440742,73.900002,14.451324,50.031204,32.740002,30.080000
2011-11-03,8.774730,12.900000,12.930000,12.630000,12036400.000000,49.173122,73.500000,14.882712,51.068382,30.500000,29.375000
2011-11-04,8.829147,12.980000,13.060000,12.840000,9961200.000000,49.909031,74.599998,15.052988,50.804688,30.160000,29.457001
2011-11-07,8.842752,13.000000,13.010000,12.800000,7639100.000000,50.176651,75.000000,15.044478,51.165085,29.850000,29.382000
2011-11-08,8.795138,12.930000,12.980000,12.730000,7545200.000000,49.842136,74.500000,15.112593,51.753986,27.480000,30.094999
2011-11-09,8.489040,12.480000,12.660000,12.420000,11188800.000000,49.574532,74.099998,14.445646,49.934505,36.160000,30.010000
2011-11-10,8.618282,12.670000,12.750000,12.530000,15910900.000000,48.571011,72.599998,14.542145,49.908138,32.810001,30.070000
2011-11-11,8.808743,12.950000,13.020000,12.690000,12454400.000000,49.106224,73.400002,15.052988,50.848648,30.040001,30.230000
2011-11-14,8.829147,12.980000,13.090000,12.930000,9046900.000000,50.778774,75.900002,14.888388,50.532211,31.129999,29.200001
2011-11-15,8.897167,13.080000,13.080000,12.860000,10189200.000000,50.845676,76.000000,15.075692,51.094753,31.219999,30.120001
2011-11-16,8.665895,12.740000,13.020000,12.730000,12697300.000000,50.444256,75.400002,15.024611,50.250935,33.509998,30.200001
2011-11-17,8.645490,12.710000,12.870000,12.610000,13148200.000000,50.644958,75.699997,14.442810,49.073109,34.509998,29.466999
2011-11-18,8.611479,12.660000,12.720000,12.480000,11364900.000000,49.641438,74.199997,14.306585,48.695160,32.000000,29.506001
2011-11-21,8.543460,12.560000,12.620000,12.370000,15051900.000000,49.039322,73.300003,14.039812,47.763447,32.910000,29.667000
2011-11-22,8.543460,12.560000,12.640000,12.480000,16107200.000000,49.507633,74.000000,13.861016,47.921673,31.969999,30.290001
2011-11-23,8.298583,12.200000,12.410000,12.140000,11899800.000000,49.106224,73.400002,13.423957,46.840508,33.980000,30.260000
2011-11-25,8.210155,12.070000,12.200000,12.000000,5505000.000000,47.901985,71.599998,13.259348,46.480125,34.470001,29.698999
2011-11-28,8.536656,12.550000,12.580000,12.360000,11545800.000000,49.240017,73.599998,13.662353,48.097439,32.130001,29.680000
2011-11-29,8.434623,12.400000,12.550000,12.390000,9364300.000000,49.240017,73.599998,13.577206,47.798607,30.639999,30.330000
2011-11-30,8.788333,12.920000,12.960000,12.680000,18986100.000000,49.909031,74.599998,14.340638,49.565338,27.799999,30.340000
2011-12-01,8.985598,13.210000,13.270000,12.940000,11239500.000000,51.247108,76.599998,14.437134,49.908138,27.410000,30.309999
2011-12-02,8.924376,13.120000,13.360000,13.090000,8691500.000000,50.845676,76.000000,14.439974,49.767494,27.520000,30.059999
2011-12-05,8.992398,13.220000,13.300000,13.120000,15855000.000000,51.046387,76.300003,14.559170,50.312469,27.840000,29.662001
2011-12-06,8.801939,12.940000,13.130000,12.920000,13573800.000000,50.444256,75.400002,14.522272,50.171837,28.129999,30.129999
2011-12-07,8.992398,13.220000,13.280000,12.860000,11695100.000000,51.113289,76.400002,14.715263,50.171837,28.670000,30.150000
2011-12-08,8.801939,12.940000,13.210000,12.910000,9011500.000000,51.046387,76.300003,14.281047,49.328014,30.590000,30.150000
2011-12-09,8.897167,13.080000,13.190000,12.720000,13774300.000000,49.574532,74.099998,14.471188,50.119087,26.379999,30.155001
2011-12-12,8.795138,12.930000,12.940000,12.720000,9816300.000000,50.176651,75.000000,14.085218,49.556557,25.670000,29.549999
2011-12-13,8.652293,12.720000,13.030000,12.600000,12554400.000000,50.310455,75.199997,13.750329,49.011585,25.410000,29.632999
2011-12-14,8.536656,12.550000,12.800000,12.540000,9798500.000000,49.842136,74.500000,13.534639,48.246883,26.040001,30.200001
2011-12-15,8.502647,12.500000,12.690000,12.430000,8199400.000000,48.504101,72.500000,13.500582,48.115036,25.110001,30.280001
2011-12-16,8.679501,12.760000,12.800000,12.430000,13528100.000000,48.637894,72.699997,13.631134,48.362747,24.290001,30.309999
2011-12-19,8.380206,12.320000,12.750000,12.310000,10443300.000000,48.504101,72.500000,13.236638,47.886711,24.920000,29.549000
2011-12-20,8.611479,12.660000,12.800000,12.560000,22957200.000000,48.704819,72.800003,13.824118,49.306038,23.219999,30.350000
2011-12-21,8.645490,12.710000,12.950000,12.520000,16766200.000000,50.845676,76.000000,13.685051,48.600780,21.430000,30.299999
2011-12-22,8.781529,12.910000,12.930000,12.750000,5828300.000000,50.176651,75.000000,14.141164,49.015121,21.160000,29.513000
2011-12-23,8.788333,12.920000,12.960000,12.760000,3709400.000000,50.444256,75.400002,14.203721,49.438255,20.730000,30.250000
2011-12-27,8.856357,13.020000,13.160000,12.870000,4506200.000000,50.511169,75.500000,14.186660,49.622677,21.910000,30.250000
2011-12-28,8.788333,12.920000,13.080000,12.900000,6138400.000000,50.644958,75.699997,13.976235,49.049156,23.520000,30.299999
2011-12-29,8.856357,13.020000,13.050000,12.890000,3996700.000000,50.711868,75.800003,14.098510,49.402077,22.650000,30.299999
2011-12-30,8.781529,12.910000,13.100000,12.880000,4183200.000000,50.711868,75.800003,14.047324,49.260918,23.400000,30.250000
2012-01-03,9.019606,13.260000,13.350000,13.060000,8910500.000000,47.166050,70.500000,14.223628,50.205021,22.969999,29.544001
2012-01-04,8.937982,13.140000,13.210000,13.040000,7386600.000000,47.166050,70.500000,14.223628,50.416779,22.219999,30.240000
2012-01-05,9.019606,13.260000,13.280000,13.140000,10306100.000000,50.845676,76.000000,14.416993,50.831482,21.480000,30.299999
2012-01-06,8.944783,13.150000,13.270000,13.090000,7775800.000000,50.578068,75.599998,14.453959,51.007946,20.629999,30.240000
2012-01-09,9.101232,13.380000,13.390000,13.130000,7543100.000000,50.578068,75.599998,14.746851,50.840298,21.070000,29.639999
2012-01-10,9.366514,13.770000,13.820000,13.460000,15501300.000000,51.180191,76.500000,14.894721,51.210892,20.690001,30.129999
2012-01-11,9.291691,13.660000,13.700000,13.580000,11564800.000000,51.180191,76.500000,14.945901,51.316761,21.049999,30.025000
2012-01-12,9.407329,13.830000,13.980000,13.700000,12716100.000000,51.514709,77.000000,15.105139,51.519703,20.469999,29.959999
2012-01-13,9.352909,13.750000,13.800000,13.590000,9564100.000000,51.849220,77.500000,14.798031,51.334415,20.910000,29.889999
2012-01-17,9.155649,13.460000,13.740000,13.420000,13523900.000000,50.578068,75.599998,14.840690,51.802059,22.200001,29.254999
2012-01-18,9.407329,13.830000,13.940000,13.620000,14004200.000000,51.313988,76.699997,15.594240,52.490280,20.889999,29.930000
2012-01-19,9.699820,14.260000,14.270000,13.870000,14215100.000000,51.313988,76.699997,15.904192,52.816730,19.870001,29.950001
2012-01-20,9.502556,13.970000,14.260000,13.950000,14399700.000000,51.313988,76.699997,15.980968,52.737339,18.280001,29.011999
2012-01-23,9.529765,14.010000,14.150000,13.880000,9998400.000000,51.313988,76.699997,15.929779,52.754974,18.670000,29.083000
2012-01-24,9.475349,13.930000,14.040000,13.850000,9240200.000000,51.313988,76.699997,15.986652,52.657925,18.910000,29.950001
2012-01-25,9.631796,14.160000,14.170000,13.900000,9296200.000000,51.313988,76.699997,16.054892,53.319672,18.309999,29.920000
2012-01-26,9.679412,14.230000,14.430000,14.180000,13756900.000000,51.313988,76.699997,15.887124,53.134369,18.570000,29.870001
2012-01-27,9.597789,14.110000,14.190000,13.990000,11038700.000000,51.313988,76.699997,15.938304,53.293213,18.530001,30.350000
2012-01-30,9.509357,13.980000,14.070000,13.850000,9843400.000000,52.652039,78.699997,15.773385,53.337318,19.400000,28.951000
2012-01-31,9.577382,14.080000,14.190000,13.990000,7117600.000000,52.518250,78.500000,15.784760,53.407898,19.440001,29.770000
2012-02-01,9.652205,14.190000,14.270000,14.100000,9918300.000000,51.514709,77.000000,16.137363,53.840240,18.549999,29.510000
2012-02-02,9.461743,13.910000,14.220000,13.900000,11380900.000000,51.380901,76.800003,16.225512,54.007896,17.980000,29.559999
2012-02-03,9.556974,14.050000,14.060000,13.800000,11174500.000000,50.979477,76.199997,16.478590,54.749069,17.100000,29.469999
2012-02-06,9.516162,13.990000,14.040000,13.900000,9070400.000000,51.782314,77.400002,16.290909,54.704941,17.760000,29.469999
2012-02-07,9.556974,14.050000,14.140000,13.880000,6824400.000000,51.782314,77.400002,16.299454,54.819630,17.650000,29.610001
2012-02-08,9.652205,14.190000,14.260000,14.020000,6962600.000000,51.849220,77.500000,16.495659,55.110806,18.160000,29.530001
2012-02-09,9.713425,14.280000,14.320000,14.070000,9101100.000000,52.183727,78.000000,16.549686,55.507877,18.629999,29.480000
2012-02-10,9.414128,13.840000,14.090000,13.790000,8965700.000000,51.447800,76.900002,16.228357,55.119640,20.790001,29.420000
2012-02-13,9.597789,14.110000,14.160000,13.990000,13300700.000000,51.247108,76.599998,16.276697,55.631382,19.040001,29.559999
2012-02-14,9.645401,14.180000,14.200000,14.040000,10985800.000000,51.715405,77.300003,16.336414,55.772568,19.540001,29.440001
2012-02-15,9.740630,14.320000,14.460000,14.250000,12026600.000000,52.518250,78.500000,16.421724,55.384350,21.139999,29.549999
2012-02-16,9.883473,14.530000,14.580000,14.300000,7762500.000000,52.518250,78.500000,16.834049,56.143143,19.219999,29.490000
2012-02-17,9.944696,14.620000,14.770000,14.550000,7889600.000000,53.521744,80.000000,16.677643,55.966679,17.780001,29.559999
2012-02-21,9.781441,14.380000,14.670000,14.330000,9565000.000000,53.521744,80.000000,16.450161,56.125515,18.190001,29.510000
2012-02-22,9.849465,14.480000,14.500000,14.300000,7314500.000000,53.321060,79.699997,16.390434,55.869610,18.190001,29.510000
2012-02-23,9.618194,14.140000,14.330000,14.100000,9306400.000000,52.250618,78.099998,16.418882,56.240211,16.799999,29.540001
2012-02-24,9.774641,14.370000,14.400000,14.200000,7352500.000000,52.919647,79.099998,16.367702,56.434326,17.309999,29.540001
2012-02-27,9.788247,14.390000,14.450000,14.180000,5314700.000000,52.919647,79.099998,16.384756,56.513737,18.190001,29.520000
2012-02-28,9.992308,14.690000,14.690000,14.450000,7511800.000000,52.919647,79.099998,16.649206,57.087254,17.959999,29.570000
2012-02-29,9.876671,14.520000,14.800000,14.490000,10514800.000000,54.257679,81.099998,16.401817,56.831383,18.430000,29.549999
2012-03-01,9.958296,14.640000,14.680000,14.430000,6178400.000000,53.588669,80.099998,16.413189,57.281372,17.260000,29.340000
2012-03-02,9.924287,14.590000,14.640000,14.490000,6143400.000000,53.521744,80.000000,16.228357,57.237240,17.290001,29.360001
2012-03-05,9.747434,14.330000,14.510000,14.230000,6702200.000000,52.785839,78.900002,15.841628,56.646080,18.049999,29.440001
2012-03-06,9.631796,14.160000,14.340000,14.100000,7497600.000000,53.187244,79.500000,15.693769,56.090210,20.870001,29.480000
2012-03-07,9.795046,14.400000,14.450000,14.210000,9138800.000000,52.919647,79.099998,15.924094,56.522537,19.070000,29.540001
2012-03-08,9.937891,14.610000,14.620000,14.460000,5385700.000000,53.321060,79.699997,16.160112,57.131363,17.950001,29.510000
2012-03-09,9.931088,14.600000,14.670000,14.510000,5586600.000000,53.521744,80.000000,16.336414,57.369595,17.110001,29.490000
2012-03-12,9.795046,14.400000,14.600000,14.340000,7423400.000000,53.521744,80.000000,16.180017,57.396080,15.640000,29.400000
2012-03-13,10.114749,14.870000,14.870000,14.550000,6853900.000000,54.391502,81.300003,16.532623,58.463726,14.800000,29.490000
2012-03-14,10.073936,14.810000,15.110000,14.800000,6642900.000000,55.662640,83.199997,16.478590,58.666637,15.310000,29.490000
2012-03-15,10.162360,14.940000,15.020000,14.800000,7049200.000000,55.662640,83.199997,16.805611,58.834282,15.420000,29.480000
2012-03-16,10.060331,14.790000,14.930000,14.760000,5240700.000000,54.257679,81.099998,16.834049,58.792728,14.470000,29.520000
2012-03-19,10.312006,15.160000,15.270000,14.860000,7112900.000000,55.997150,83.699997,16.953472,59.208099,15.040000,29.500000
2012-03-20,10.162360,14.940000,15.080000,14.840000,5302400.000000,55.662640,83.199997,16.819817,59.314205,15.580000,29.490000
2012-03-21,10.346019,15.210000,15.430000,15.140000,7137700.000000,56.799984,84.900002,16.888065,59.323040,15.130000,29.530001
2012-03-22,10.223583,15.030000,15.170000,14.980000,6137600.000000,57.000668,85.199997,16.797075,59.199314,15.570000,29.530001
2012-03-23,10.196372,14.990000,15.170000,14.960000,6650100.000000,57.134483,85.400002,16.831202,59.163963,14.820000,29.549999
2012-03-26,10.461658,15.380000,15.400000,14.980000,9689000.000000,55.930248,83.599998,17.063366,60.198059,14.260000,29.540001
2012-03-27,10.454854,15.370000,15.510000,15.350000,5885600.000000,57.402111,85.800003,17.057661,60.286419,15.590000,29.610001
2012-03-28,10.325614,15.180000,15.390000,15.120000,10838900.000000,57.201385,85.500000,16.861113,60.047810,15.470000,29.530001
2012-03-29,10.257593,15.080000,15.100000,14.960000,7107500.000000,56.264748,84.099998,16.863962,59.817993,15.480000,29.510000
2012-03-30,10.393634,15.280000,15.410000,15.140000,7648300.000000,56.799984,84.900002,16.935173,59.703102,15.500000,29.540001
2012-04-02,10.475259,15.400000,15.520000,15.130000,7762700.000000,56.933769,85.099998,16.949417,60.321789,15.640000,29.490000
2012-04-03,10.352822,15.220000,15.490000,15.170000,8125600.000000,56.866879,85.000000,16.678793,60.304073,15.660000,29.459999
2012-04-04,10.203174,15.000000,15.140000,14.840000,6057300.000000,56.866879,85.000000,16.311323,59.482151,16.440001,29.450001
2012-04-05,10.366428,15.240000,15.310000,14.990000,8314700.000000,55.595741,83.099998,16.336962,59.853344,16.700001,29.459999
2012-04-09,10.107945,14.860000,15.100000,14.840000,8027100.000000,55.528835,83.000000,16.120459,59.402588,18.809999,29.510000
2012-04-10,9.944696,14.620000,14.990000,14.600000,11512600.000000,54.859802,82.000000,15.815648,58.448044,20.389999,29.510000
2012-04-11,10.060331,14.790000,14.890000,14.770000,6097900.000000,55.127422,82.400002,16.080585,58.730877,20.020000,29.520000
2012-04-12,10.148759,14.920000,15.000000,14.830000,7144700.000000,55.261219,82.599998,16.385386,59.402588,17.200001,29.510000
2012-04-13,10.271197,15.100000,15.230000,14.950000,9421500.000000,56.799984,84.900002,16.094818,58.501060,19.549999,29.490000
2012-04-16,10.271197,15.100000,15.330000,15.040000,6344600.000000,56.799984,84.900002,16.089125,57.847034,19.549999,29.490000
2012-04-17,10.346019,15.210000,15.250000,15.010000,11083600.000000,56.064041,83.800003,16.339808,59.022537,18.459999,29.480000
2012-04-18,10.393634,15.280000,15.360000,14.980000,6028300.000000,56.866879,85.000000,16.220163,58.872284,18.639999,29.480000
2012-04-19,10.373228,15.250000,15.450000,15.140000,7294800.000000,57.402111,85.800003,16.020761,58.209419,18.360001,29.469999
2012-04-20,10.277996,15.110000,15.370000,15.050000,6731400.000000,56.398571,84.300003,15.650433,58.050327,17.440001,29.469999
2012-04-23,10.128352,14.890000,14.930000,14.740000,7086600.000000,56.398571,84.300003,15.459580,57.520008,18.969999,29.469999
2012-04-24,10.107945,14.860000,15.060000,14.790000,9714900.000000,56.599258,84.599998,15.345631,57.210682,18.100000,29.469999
2012-04-25,10.141955,14.910000,15.040000,14.860000,10077400.000000,56.331650,84.199997,15.687467,58.730877,16.820000,29.459999
2012-04-26,10.760948,15.820000,15.940000,15.150000,19367100.000000,56.197857,84.000000,16.049240,59.075554,16.240000,29.430000
2012-04-27,10.985418,16.150000,16.150000,15.650000,15868000.000000,57.535912,86.000000,16.052090,59.429089,16.320000,29.309999
2012-04-30,10.597699,15.580000,16.070000,15.580000,14862000.000000,58.071117,86.800003,15.983730,59.004868,17.150000,29.209999
2012-05-01,10.563685,15.530000,15.750000,15.520000,9316000.000000,58.071117,86.800003,16.032152,59.102081,16.600000,29.129999
2012-05-02,10.951406,16.100000,16.129999,15.550000,13476100.000000,59.141556,88.400002,16.109068,59.270020,16.879999,29.110001
2012-05-03,10.679322,15.700000,16.110001,15.660000,9513700.000000,59.476086,88.900002,15.707413,58.642498,17.559999,29.200001
2012-05-04,10.502466,15.440000,15.720000,15.440000,9666400.000000,58.606335,87.599998,15.391207,57.184151,19.160000,29.209999
2012-05-07,10.488863,15.420000,15.500000,15.240000,8319800.000000,57.268295,85.599998,15.345631,57.237206,18.940001,29.209999
2012-05-08,10.312006,15.160000,15.330000,14.880000,13955300.000000,56.465469,84.400002,15.257328,57.025063,19.049999,29.309999
2012-05-09,10.291605,15.130000,15.300000,14.980000,11156700.000000,56.599258,84.599998,15.203210,56.848297,20.080000,29.299999
2012-05-10,10.468457,15.390000,15.450000,15.160000,7212800.000000,57.067589,85.300003,15.146221,56.733398,18.830000,29.330000
2012-05-11,10.468457,15.390000,15.530000,15.200000,7900500.000000,57.201385,85.500000,15.251629,56.724571,19.889999,29.330000
2012-05-14,10.257593,15.080000,15.270000,15.080000,8117100.000000,57.134483,85.400002,15.103498,56.194275,21.870001,29.370001
2012-05-15,10.060331,14.790000,15.170000,14.740000,16526100.000000,57.201385,85.500000,14.943972,56.008659,21.969999,29.459999
2012-05-16,10.148759,14.920000,15.010000,14.710000,14335800.000000,55.796444,83.400002,14.713229,55.628609,22.270000,29.559999
2012-05-17,9.999113,14.700000,14.930000,14.670000,11276300.000000,56.933769,85.099998,14.388488,54.453110,24.490000,29.580000
2012-05-18,9.713425,14.280000,14.820000,14.280000,12673100.000000,54.725998,81.800003,14.112169,53.746037,25.100000,29.510000
2012-05-21,9.808653,14.420000,14.490000,14.340000,18255500.000000,55.194332,82.500000,14.465401,55.248562,22.010000,29.540001
2012-05-22,9.795046,14.400000,14.520000,14.310000,13708400.000000,54.993610,82.199997,14.360003,55.186691,22.480000,29.480000
2012-05-23,9.577382,14.080000,14.120000,13.860000,12717800.000000,52.919647,79.099998,14.416979,55.292767,22.330000,29.500000
2012-05-24,9.495753,13.960000,14.210000,13.900000,10795800.000000,53.923187,80.599998,14.211871,54.930378,21.540001,29.530001
2012-05-25,9.509357,13.980000,14.100000,13.900000,6457500.000000,53.521744,80.000000,14.354301,54.859669,21.760000,29.549999
2012-05-29,9.624995,14.150000,14.340000,14.050000,13769800.000000,55.060528,82.300003,14.661954,55.557896,21.030001,29.590000
2012-05-30,9.475349,13.930000,13.990000,13.810000,10371800.000000,54.659103,81.699997,14.456854,55.089466,24.139999,29.600000
2012-05-31,9.339306,13.730000,14.040000,13.660000,23792400.000000,56.933769,85.099998,14.305879,54.850838,24.059999,29.719999
2012-06-01,8.883568,13.060000,13.430000,13.040000,20047900.000000,53.454857,79.900002,13.693417,53.392509,26.660000,29.830000
2012-06-04,8.856357,13.020000,13.180000,12.870000,13534100.000000,51.180191,76.500000,13.670632,53.799065,26.120001,29.889999
2012-06-05,8.985598,13.210000,13.270000,13.030000,12895100.000000,52.317516,78.199997,13.932704,54.020012,24.680000,29.980000
2012-06-06,9.182856,13.500000,13.520000,13.130000,12973900.000000,52.049904,77.800003,14.371393,55.257401,22.160000,29.950001
2012-06-07,9.210065,13.540000,13.710000,13.490000,11723700.000000,53.387959,79.800003,14.243209,55.036434,21.719999,29.820000
2012-06-08,9.155649,13.460000,13.590000,13.220000,9304500.000000,52.116814,77.900002,14.391336,55.566753,21.230000,29.799999
2012-06-11,9.121638,13.410000,13.890000,13.370000,10415400.000000,53.789379,80.400002,14.189082,54.629879,23.559999,29.940001
2012-06-12,9.318901,13.700000,13.750000,13.410000,17728000.000000,53.120350,79.400002,14.442617,55.292767,22.090000,29.889999
2012-06-13,9.216867,13.550000,13.700000,13.510000,11660300.000000,53.521744,80.000000,14.328669,54.912693,24.270000,29.930000
2012-06-14,9.162451,13.470000,13.580000,13.300000,12390800.000000,52.986534,79.199997,14.297334,55.115990,21.680000,29.930000
2012-06-15,9.298495,13.670000,13.690000,13.440000,6615300.000000,52.250618,78.099998,14.522375,55.800751,21.110001,29.959999
2012-06-18,9.495753,13.960000,13.970000,13.590000,12021400.000000,54.056999,80.800003,14.724625,56.323421,18.320000,29.870001
2012-06-19,9.597789,14.110000,14.160000,13.880000,13003500.000000,53.856289,80.500000,14.918207,56.908108,18.379999,29.879999
2012-06-20,9.611391,14.130000,14.200000,14.000000,5594700.000000,54.592201,81.599998,15.049541,56.952389,17.240000,29.830000
2012-06-21,9.237275,13.580000,14.040000,13.530000,12836500.000000,53.923187,80.599998,14.435683,55.535004,20.080000,29.830000
2012-06-22,9.407329,13.830000,13.890000,13.680000,8114800.000000,53.588669,80.099998,14.644118,56.119686,18.110001,29.830000
2012-06-25,9.101232,13.380000,13.690000,13.350000,14658900.000000,53.254162,79.599998,14.170154,55.038918,20.379999,29.910000
2012-06-26,9.053615,13.310000,13.470000,13.180000,15803600.000000,52.652039,78.699997,14.224407,55.384399,19.719999,29.930000
2012-06-27,9.210065,13.540000,13.650000,13.400000,11644700.000000,53.053452,79.300003,14.407131,55.721039,19.450001,29.930000
2012-06-28,9.142046,13.440000,13.520000,13.320000,11919300.000000,53.454857,79.900002,14.315768,55.100918,19.709999,29.889999
2012-06-29,9.495753,13.960000,14.080000,13.760000,12805700.000000,54.391502,81.300003,14.938191,56.837219,17.080000,29.910000
2012-07-02,9.706620,14.270000,14.270000,14.020000,10545300.000000,55.729530,83.300003,14.915353,57.005550,16.799999,29.809999
2012-07-03,9.822256,14.440000,14.440000,14.280000,5737000.000000,56.331650,84.199997,15.098083,57.483913,16.660000,29.840000
2012-07-05,9.619301,13.650000,13.860000,13.550000,12786000.000000,56.192547,81.000000,14.983874,57.519325,17.500000,29.809999
2012-07-06,9.513594,13.500000,13.590000,13.380000,14424300.000000,56.123196,80.900002,14.606998,56.801781,17.100000,29.840000
2012-07-09,9.513594,13.500000,13.540000,13.380000,10952700.000000,55.498798,80.000000,14.412839,56.695503,17.980000,29.879999
2012-07-10,9.358558,13.280000,13.520000,13.240000,16719300.000000,54.874451,79.099998,14.115908,56.137386,18.719999,29.920000
2012-07-11,9.266945,13.150000,13.270000,13.070000,18558000.000000,54.180706,78.099998,13.958873,55.827335,17.950001,29.920000
2012-07-12,9.020295,12.800000,12.960000,12.740000,12984200.000000,52.515755,75.699997,13.739031,55.304668,18.330000,29.920000
2012-07-13,9.083721,12.890000,12.980000,12.760000,8612900.000000,52.585129,75.800003,13.836099,56.146259,16.740000,30.000000
2012-07-16,8.928683,12.670000,12.840000,12.630000,13843600.000000,52.377018,75.500000,13.707619,55.986797,17.110001,29.959999
2012-07-17,8.942779,12.690000,12.740000,12.520000,11144900.000000,51.891388,74.800003,13.650518,56.279121,16.480000,29.950001
2012-07-18,9.259898,13.140000,13.180000,12.590000,19926600.000000,51.891388,74.800003,14.115908,57.040974,16.160000,29.930000
2012-07-19,9.062577,12.860000,13.420000,12.860000,20516300.000000,53.764488,77.500000,14.398565,57.669914,15.450000,29.950001
2012-07-20,8.914587,12.650000,12.920000,12.630000,24366500.000000,53.209480,76.699997,14.158739,56.908108,16.270000,29.940001
2012-07-23,9.006202,12.780000,12.800000,12.140000,24666900.000000,51.544529,74.300003,14.041675,56.217113,18.620001,29.969999
2012-07-24,9.097813,12.910000,12.920000,12.610000,18263200.000000,51.891388,74.800003,13.976007,55.774174,20.469999,30.059999
2012-07-25,9.168282,13.010000,13.150000,12.850000,19915700.000000,51.752632,74.599998,14.255808,55.402134,19.340000,30.100000
2012-07-26,9.414933,13.360000,13.430000,13.120000,19660800.000000,52.931999,76.300003,14.569876,56.137386,17.530001,30.120001
2012-07-27,9.640441,13.680000,13.760000,13.470000,13812600.000000,55.013206,79.300003,14.926772,57.466187,16.700001,30.070000
2012-07-30,9.506543,13.490000,13.660000,13.330000,9516300.000000,54.805096,79.000000,14.792582,57.421883,18.030001,30.020000
2012-07-31,9.844806,13.970000,14.030000,13.620000,18347900.000000,56.192547,81.000000,14.901077,57.404179,18.930000,30.020000
2012-08-01,9.781381,13.880000,13.950000,13.470000,24950500.000000,55.498798,80.000000,14.898222,57.235847,18.959999,29.940001
2012-08-02,9.774335,13.870000,13.990000,13.600000,21545800.000000,55.498798,80.000000,14.809707,57.032131,17.570000,29.930000
2012-08-03,9.992797,14.180000,14.200000,13.990000,10165300.000000,55.360069,79.800003,15.140912,58.112888,15.640000,29.940001
2012-08-06,10.035080,14.240000,14.360000,14.120000,13239500.000000,56.123196,80.900002,15.192299,58.555817,15.950000,29.860001
2012-08-07,9.985747,14.170000,14.350000,14.150000,11280600.000000,56.470055,81.400002,15.543489,59.043026,15.990000,29.920000
2012-08-08,9.929373,14.090000,14.150000,14.040000,10068400.000000,55.845707,80.500000,15.580608,59.016449,15.320000,29.930000
2012-08-09,10.098503,14.330000,14.470000,14.160000,8949000.000000,57.094425,82.300003,15.703377,59.193615,15.280000,29.940001
2012-08-10,10.211258,14.490000,14.500000,14.260000,12526400.000000,56.886284,82.000000,15.783318,59.229034,14.740000,29.900000
2012-08-13,10.084407,14.310000,14.500000,14.240000,8447200.000000,57.371918,82.699997,15.646276,59.370804,13.700000,29.930000
2012-08-14,10.147831,14.400000,14.540000,14.370000,7096300.000000,57.718781,83.199997,15.526355,59.397377,14.850000,29.969999
2012-08-15,10.161928,14.420000,14.540000,14.280000,6466100.000000,57.580017,83.000000,15.614862,59.547977,14.630000,29.940001
2012-08-16,10.183066,14.450000,14.530000,14.400000,9423100.000000,57.510639,82.900002,15.860410,60.256672,14.290000,29.959999
2012-08-17,10.147831,14.400000,14.430000,14.330000,8674200.000000,56.886284,82.000000,15.746201,60.522423,13.450000,29.969999
2012-08-20,10.218301,14.500000,14.520000,14.320000,9385100.000000,57.163780,82.400002,15.640561,60.611019,14.020000,29.969999
2012-08-21,10.324014,14.650000,14.770000,14.550000,14315400.000000,57.996265,83.599998,15.649130,60.371853,15.020000,29.969999
2012-08-22,10.147831,14.400000,14.560000,14.350000,7536500.000000,57.163780,82.400002,15.534924,60.619877,15.110000,29.021999
2012-08-23,10.098503,14.330000,14.490000,14.250000,7987500.000000,57.371918,82.699997,15.446402,60.123779,15.960000,29.930000
2012-08-24,10.126690,14.370000,14.440000,14.170000,7707100.000000,56.886284,82.000000,15.523505,60.495842,15.180000,29.930000
2012-08-27,10.133738,14.380000,14.480000,14.290000,6884900.000000,57.580017,83.000000,15.463548,60.593330,16.350000,29.930000
2012-08-28,10.084407,14.310000,14.400000,14.270000,5735000.000000,57.163780,82.400002,15.440703,60.593330,16.490000,29.930000
2012-08-29,10.112597,14.350000,14.410000,14.240000,5854000.000000,57.371918,82.699997,15.457839,60.593330,17.059999,29.930000
2012-08-30,10.042125,14.250000,14.340000,14.210000,7696200.000000,57.371918,82.699997,15.220854,59.982044,17.830000,29.910000
2012-08-31,10.359247,14.700000,14.720000,14.350000,11061400.000000,57.788136,83.300003,15.403590,60.380688,17.469999,29.920000
2012-09-04,10.133738,14.380000,14.700000,14.320000,10616400.000000,58.273766,84.000000,15.283660,60.318676,17.980000,29.840000
2012-09-05,9.992797,14.180000,14.350000,14.150000,9397900.000000,56.886284,82.000000,15.200863,60.256672,17.740000,29.820000
2012-09-06,10.154879,14.410000,14.500000,14.190000,12516400.000000,56.261913,81.099998,15.663404,61.594330,15.600000,29.830000
2012-09-07,10.225353,14.510000,14.640000,14.420000,7940500.000000,58.135025,83.800003,15.620578,61.505753,14.380000,29.750000
2012-09-10,10.359247,14.700000,14.800000,14.540000,11787400.000000,57.926888,83.500000,15.349342,60.717323,16.280001,29.730000
2012-09-11,10.514283,14.920000,15.000000,14.720000,9695100.000000,58.551273,84.400002,15.449271,60.619877,16.410000,29.660000
2012-09-12,10.549517,14.970000,15.030000,14.890000,9029500.000000,58.620644,84.500000,15.483531,60.797043,15.800000,29.600000
2012-09-13,10.591802,15.030000,15.060000,14.720000,11231800.000000,58.967480,85.000000,15.620578,61.620907,14.050000,29.580000
2012-09-14,10.824355,15.360000,15.640000,15.170000,9997300.000000,60.008102,86.500000,15.826151,62.170120,14.510000,29.600000
2012-09-17,10.563612,14.990000,15.260000,14.990000,7884100.000000,60.008102,86.500000,15.663404,62.196697,14.590000,29.330000
2012-09-18,10.634083,15.090000,15.150000,14.940000,9924700.000000,59.453098,85.699997,15.597730,62.249897,14.180000,29.280001
2012-09-19,10.598846,15.040000,15.170000,14.980000,8933500.000000,59.661236,86.000000,15.503514,62.365036,13.880000,29.320000
2012-09-20,10.429719,14.800000,14.950000,14.740000,8822200.000000,59.175632,85.300003,15.352195,62.303040,14.070000,29.330000
2012-09-21,10.429719,14.800000,15.040000,14.800000,9381100.000000,59.453098,85.699997,15.369327,62.320820,13.980000,29.350000
2012-09-24,10.450857,14.830000,14.870000,14.740000,8883700.000000,59.730606,86.099998,15.149475,61.956543,14.150000,29.290001
2012-09-25,10.429719,14.800000,14.950000,14.750000,13185500.000000,59.591858,85.900002,14.772346,61.085915,15.430000,29.350000
2012-09-26,10.563612,14.990000,15.000000,14.800000,14680700.000000,59.938721,86.400002,14.666244,60.588417,16.809999,29.309999
2012-09-27,10.993486,15.600000,15.620000,15.160000,22079700.000000,60.771210,87.599998,14.998908,61.423496,14.840000,29.379999
2012-09-28,11.148522,15.820000,15.830000,15.580000,18294000.000000,62.297413,89.800003,14.878463,60.917126,15.730000,29.320000
2012-10-01,11.204898,15.900000,15.940000,15.700000,19411300.000000,61.673073,88.900002,14.821104,60.828274,16.320000,29.290001
2012-10-02,11.275367,16.000000,16.059999,15.860000,17701800.000000,62.158680,89.599998,14.892802,61.005970,15.710000,29.290001
2012-10-03,11.310603,16.049999,16.049999,15.820000,13156700.000000,62.297413,89.800003,14.846916,61.396854,15.430000,29.270000
2012-10-04,11.388123,16.160000,16.170000,16.000000,15213900.000000,62.852394,90.599998,14.924346,61.610054,14.550000,29.299999
2012-10-05,11.324701,16.070000,16.309999,16.030001,10687600.000000,63.129879,91.000000,14.907144,61.281361,14.330000,29.270000
2012-10-08,10.944153,15.530000,15.840000,15.480000,12827100.000000,61.811817,89.099998,14.743677,60.721684,15.110000,29.219999
2012-10-09,10.824355,15.360000,15.450000,15.240000,9900400.000000,60.424320,87.099998,14.517113,59.753319,16.370001,29.280001
2012-10-10,10.655224,15.120000,15.390000,15.110000,10169200.000000,60.424320,87.099998,14.316363,59.451275,16.290001,29.280001
2012-10-11,10.591802,15.030000,15.240000,15.000000,8288900.000000,59.314362,85.500000,14.359382,59.264725,15.590000,29.299999
2012-10-12,10.655224,15.120000,15.160000,15.050000,11019600.000000,59.869358,86.300003,14.276212,59.238056,16.139999,29.260000
2012-10-15,10.775025,15.290000,15.370000,15.150000,13756900.000000,59.938721,86.400002,14.468355,59.673401,15.270000,29.200001
2012-10-16,10.887779,15.450000,15.500000,15.300000,10332200.000000,60.701824,87.500000,14.798159,60.517353,15.220000,29.219999
2012-10-17,10.993486,15.600000,15.650000,15.320000,11422800.000000,60.632446,87.400002,14.769484,60.481792,15.070000,29.170000
2012-10-18,10.958250,15.550000,15.610000,15.410000,7576200.000000,61.118046,88.099998,14.626094,59.779995,15.030000,29.160000
2012-10-19,10.725696,15.220000,15.380000,15.160000,14543200.000000,60.146847,86.699997,14.187310,58.349670,17.059999,29.200001
2012-10-22,10.803212,15.330000,15.410000,15.230000,8037000.000000,59.661236,86.000000,14.224586,58.651714,16.620001,29.209999
2012-10-23,10.725696,15.220000,15.310000,15.070000,8265300.000000,59.453098,85.699997,14.259007,58.092045,18.830000,29.230000
2012-10-24,10.676365,15.150000,15.740000,15.140000,7975800.000000,59.244991,85.400002,14.029573,57.887707,18.330000,29.299999
2012-10-25,10.838449,15.380000,15.500000,15.220000,10750400.000000,58.828766,84.800003,14.236061,57.887707,18.120001,29.260000
2012-10-26,10.923015,15.500000,15.660000,15.330000,9848800.000000,60.563087,87.300003,14.281943,58.056496,17.809999,29.219999
2012-10-31,11.204898,15.900000,16.000000,15.690000,8240100.000000,61.534302,88.699997,14.307756,57.701134,18.600000,29.180000
2012-11-01,11.352889,16.110001,16.209999,15.850000,7898500.000000,61.881172,89.199997,14.758014,58.518471,16.690001,29.209999
2012-11-02,11.113286,15.770000,16.170000,15.750000,6977400.000000,62.366802,89.900002,14.482691,57.896591,17.590000,29.209999
2012-11-05,11.190802,15.880000,15.890000,15.760000,13086400.000000,62.644302,90.300003,14.735076,58.278622,18.420000,29.180000
2012-11-06,11.416314,16.200001,16.280001,15.880000,8769700.000000,62.713673,90.400002,14.955890,58.385216,17.580000,29.219999
2012-11-07,11.395170,16.170000,16.230000,15.970000,16034300.000000,63.129879,91.000000,14.551524,57.008183,19.080000,29.219999
2012-11-08,11.366982,16.129999,16.309999,16.120001,9815600.000000,62.783043,90.500000,14.385188,56.110920,18.490000,29.090000
2012-11-09,11.529068,16.360001,16.490000,16.150000,12006600.000000,62.991158,90.800003,14.402394,56.350788,18.610001,29.110001
2012-11-12,11.592491,16.450001,16.590000,16.420000,9216100.000000,63.338024,91.300003,14.411002,56.341892,16.680000,28.959999
2012-11-13,11.402215,16.180000,16.379999,16.150000,10552800.000000,62.644302,90.300003,14.302018,55.951012,16.650000,28.990000
2012-11-14,11.218992,15.920000,16.299999,15.860000,12734000.000000,62.783043,90.500000,14.069721,55.293598,17.920000,28.969999
2012-11-15,11.310603,16.049999,16.090000,15.910000,6853600.000000,62.574913,90.199997,13.894785,55.107029,17.990000,29.000000
2012-11-16,11.409266,16.190001,16.270000,15.900000,10454800.000000,62.574913,90.199997,13.897651,55.346905,16.410000,29.059999
2012-11-19,11.514971,16.340000,16.340000,16.100000,6442400.000000,62.436172,90.000000,14.178704,56.661724,15.240000,29.120001
2012-11-20,11.451547,16.250000,16.280001,16.040001,5566500.000000,62.713673,90.400002,14.115612,56.679497,15.080000,29.139999
2012-11-21,11.458594,16.260000,16.330000,16.170000,4410400.000000,62.783043,90.500000,14.167231,56.794991,15.310000,29.100000
2012-11-23,11.867328,16.840000,16.969999,16.750000,9092900.000000,66.251709,95.500000,14.402394,57.656727,15.140000,29.100000
2012-11-26,11.712288,16.620001,16.850000,16.540001,11667800.000000,66.112961,95.300003,14.462618,57.905487,15.500000,29.100000
2012-11-27,11.860278,16.830000,16.940001,16.750000,12304300.000000,66.806709,96.300003,14.431078,57.710037,15.920000,29.059999
2012-11-28,11.909607,16.900000,16.920000,16.670000,9950200.000000,66.529228,95.900002,14.583076,58.207516,15.510000,29.090000
2012-11-29,12.071693,17.129999,17.200001,16.980000,7697000.000000,66.945442,96.500000,14.626094,58.554008,15.060000,29.110001
2012-11-30,12.170354,17.270000,17.469999,17.270000,10360100.000000,68.471680,98.699997,14.606019,58.456295,15.870000,29.059999
2012-12-03,12.036457,17.080000,17.330000,17.059999,5731000.000000,67.916687,97.900002,14.537187,58.340794,16.639999,29.049999
2012-12-04,11.803904,16.750000,17.059999,16.740000,14163100.000000,67.014816,96.599998,14.626094,58.305237,17.120001,29.040001
2012-12-05,11.951887,16.959999,17.110001,16.879999,11844700.000000,67.222961,96.900002,14.628958,57.656727,16.459999,29.059999
2012-12-06,12.015314,17.049999,17.049999,16.940001,7265400.000000,67.014816,96.599998,14.772346,58.029839,16.580000,29.059999
2012-12-07,12.001221,17.030001,17.340000,17.000000,12843700.000000,68.055443,98.099998,14.803898,57.683365,15.900000,29.049999
2012-12-10,11.895517,16.879999,17.080000,16.840000,8013500.000000,66.945442,96.500000,14.901404,57.852165,16.049999,29.030001
2012-12-11,12.113976,17.190001,17.260000,17.110001,10565100.000000,68.194176,98.300003,15.185325,58.607315,15.570000,29.080000
2012-12-12,12.022363,17.059999,17.240000,17.030001,8601000.000000,68.263519,98.400002,15.127963,58.482922,15.950000,29.049999
2012-12-13,12.057600,17.110001,17.370001,17.049999,11060000.000000,68.818527,99.199997,14.984572,58.020943,16.559999,29.020000
2012-12-14,11.944843,16.950001,17.129999,16.910000,12329200.000000,68.263519,98.400002,14.869855,57.470154,17.000000,29.040001
2012-12-17,11.937798,16.940001,16.990000,16.830000,10028800.000000,67.292328,97.000000,14.932952,58.234184,16.340000,29.030001
2012-12-18,11.965986,16.980000,17.030001,16.760000,9133700.000000,67.084190,96.699997,15.213997,59.122581,15.570000,29.030001
2012-12-19,12.043505,17.090000,17.200001,16.990000,6620600.000000,67.500435,97.300003,15.233568,58.864956,17.360001,29.020000
2012-12-20,12.050550,17.100000,17.129999,16.950001,8313900.000000,66.598595,96.000000,15.204796,58.864956,17.670000,29.030001
2012-12-21,11.944843,16.950001,17.020000,16.680000,8153700.000000,65.766098,94.800003,15.063766,58.245850,17.840000,29.020000
2012-12-24,11.930753,16.930000,17.000000,16.840000,1533500.000000,66.043594,95.199997,14.994693,58.129723,17.840000,29.030001
2012-12-26,11.923703,16.920000,17.070000,16.910000,3234800.000000,66.598595,96.000000,14.896836,57.620502,19.480000,29.030001
2012-12-27,11.965986,16.980000,17.100000,16.820000,6257900.000000,66.321083,95.599998,14.819133,57.531166,19.469999,29.020000
2012-12-28,12.071693,17.129999,17.200001,16.840000,6091600.000000,67.292328,97.000000,14.724154,56.977303,22.719999,29.030001
2012-12-31,12.092834,17.160000,17.209999,16.940001,5631600.000000,67.292328,97.000000,14.977424,58.183331,18.020000,29.020000
2013-01-02,12.755261,18.100000,18.120001,17.700001,10226100.000000,69.096031,99.599998,15.630748,60.032539,14.680000,29.040001
2013-01-03,12.748215,18.090000,18.299999,18.010000,13148600.000000,70.067253,101.000000,15.524257,59.719879,14.560000,28.990000
2013-01-04,12.656600,17.959999,18.120001,17.920000,7464200.000000,70.414124,101.500000,15.515618,59.523342,13.830000,28.959999
2013-01-07,12.473378,17.700001,17.860001,17.670000,9429900.000000,69.720390,100.500000,15.460938,59.541195,13.790000,29.020000
2013-01-08,12.360624,17.540001,17.719999,17.500000,8112900.000000,69.165398,99.699997,15.282500,59.425049,13.620000,28.980000
2013-01-09,12.360624,17.540001,17.930000,17.400000,12977400.000000,69.373528,100.000000,15.429274,59.648392,13.810000,29.010000
2013-01-10,12.811642,18.180000,18.219999,17.690001,15772200.000000,70.067253,101.000000,15.653767,60.005741,13.490000,28.969999
2013-01-11,12.790497,18.150000,18.200001,17.920000,12556600.000000,70.067253,101.000000,15.728601,60.086121,13.360000,28.950001
2013-01-14,12.691835,18.010000,18.200001,17.900000,8392500.000000,70.761002,102.000000,15.702696,59.818123,13.520000,28.920000
2013-01-15,12.607270,17.889999,17.940001,17.770000,12064700.000000,69.720390,100.500000,15.616353,59.523342,13.550000,28.940001
2013-01-16,12.543850,17.799999,17.850000,17.750000,8976600.000000,68.818527,99.199997,15.803424,59.764542,13.420000,28.950001
2013-01-17,12.868012,18.260000,18.350000,17.990000,11372400.000000,68.887909,99.300003,16.102749,60.050400,13.570000,28.959999
2013-01-18,12.783448,18.139999,18.209999,17.990000,12608400.000000,70.414124,101.500000,16.033672,59.916397,12.460000,28.959999
2013-01-22,12.797546,18.160000,18.160000,17.990000,11338900.000000,70.067253,101.000000,15.978986,60.014679,12.430000,28.950001
2013-01-23,12.875063,18.270000,18.309999,18.120001,9210500.000000,70.067253,101.000000,16.157429,60.380951,12.460000,28.990000
2013-01-24,12.550900,17.809999,18.070000,17.790001,8766400.000000,69.304131,99.900002,16.004896,59.550133,12.690000,28.990000
2013-01-25,12.508613,17.750000,17.790001,17.570000,9410300.000000,68.679771,99.000000,16.209236,59.853886,12.890000,29.080000
2013-01-28,12.346527,17.520000,17.700001,17.510000,13755500.000000,68.887909,99.300003,16.249521,59.987877,13.570000,29.190001
2013-01-29,12.515663,17.760000,17.870001,17.670000,10022400.000000,70.067253,101.000000,16.145926,59.996799,13.310000,29.510000
2013-01-30,12.543850,17.799999,17.850000,17.620001,8748500.000000,70.414124,101.500000,16.163189,59.871731,14.320000,29.440001
2013-01-31,12.501565,17.740000,17.870001,17.730000,10751300.000000,70.414124,101.500000,16.122894,59.737736,14.280000,29.510000
2013-02-01,12.734121,18.070000,18.129999,17.870001,8979400.000000,70.414124,101.500000,16.436605,60.443439,12.900000,29.520000
2013-02-04,12.614316,17.900000,18.129999,17.879999,5769800.000000,71.454742,103.000000,16.183327,59.389336,14.670000,29.590000
2013-02-05,12.811642,18.180000,18.219999,17.969999,6314500.000000,71.454742,103.000000,16.436605,60.264801,13.720000,29.570000
2013-02-06,12.712979,18.040001,18.280001,17.990000,5810300.000000,72.842201,105.000000,16.476891,60.068245,13.410000,29.520000
2013-02-07,12.896203,18.299999,18.360001,18.020000,8194200.000000,72.842201,105.000000,16.387680,60.121868,13.500000,29.590000
2013-02-08,13.001910,18.450001,18.480000,18.219999,9341100.000000,72.842201,105.000000,16.589138,60.738270,13.020000,29.600000
2013-02-11,13.023049,18.480000,18.570000,18.389999,4804300.000000,72.842201,105.000000,16.629435,60.756168,12.940000,29.719999
2013-02-12,13.037148,18.500000,18.530001,18.340000,4868400.000000,72.842201,105.000000,16.658215,60.506020,12.640000,29.719999
2013-02-13,12.973722,18.410000,18.549999,18.350000,6487300.000000,72.842201,105.000000,16.692755,60.720421,12.980000,29.680000
2013-02-14,13.086474,18.570000,18.580000,18.370001,5087900.000000,72.842201,105.000000,16.865435,60.702530,12.660000,29.670000
2013-02-15,13.058286,18.530001,18.600000,18.490000,5266400.000000,72.842201,105.000000,16.773329,60.523872,12.460000,29.600000
2013-02-19,13.495208,19.150000,19.160000,18.620001,11089400.000000,74.229660,107.000000,16.966167,60.961609,12.310000,29.629999
2013-02-20,13.311987,18.889999,19.250000,18.860001,9250100.000000,75.617126,109.000000,16.603540,60.023594,14.680000,29.500000
2013-02-21,13.171042,18.690001,18.910000,18.629999,7048100.000000,74.229660,107.000000,16.292696,59.380379,15.220000,29.559999
2013-02-22,13.319029,18.900000,19.000000,18.660000,8572300.000000,73.189064,105.500000,16.635185,59.978947,14.170000,29.670000
2013-02-25,12.860969,18.250000,18.809999,18.250000,11474200.000000,72.842201,105.000000,16.318605,59.237457,18.990000,29.590000
2013-02-26,12.550900,17.809999,18.070000,17.690001,18927900.000000,71.801598,103.500000,16.427961,59.460785,16.870001,29.639999
2013-02-27,12.811642,18.180000,18.370001,17.990000,15507300.000000,72.495331,104.500000,16.698507,60.068245,14.730000,29.680000
2013-02-28,12.860969,18.250000,18.500000,18.120001,9086700.000000,72.495331,104.500000,16.710007,59.943188,15.510000,29.600000
2013-03-01,12.860969,18.250000,18.350000,18.070000,8703200.000000,72.842201,105.000000,16.640945,60.193329,15.360000,29.639999
2013-03-04,12.783448,18.139999,18.170000,17.879999,10449900.000000,70.761002,102.000000,16.594885,60.461342,14.010000,29.610001
2013-03-05,12.917346,18.330000,18.410000,18.260000,8628300.000000,72.148476,104.000000,16.920113,61.354694,13.480000,29.680000
2013-03-06,12.769355,18.120001,18.430000,18.080000,9243600.000000,72.148476,104.000000,16.940262,61.202812,13.530000,29.639999
2013-03-07,12.720030,18.049999,18.250000,17.980000,12116900.000000,71.454742,103.000000,17.017975,61.363628,13.060000,29.610001
2013-03-08,12.621365,17.910000,18.190001,17.790001,9194700.000000,71.801598,103.500000,17.041006,61.435051,12.590000,29.639999
2013-03-11,12.487468,17.719999,17.879999,17.700001,8261800.000000,70.761002,102.000000,17.058270,61.613735,11.560000,29.660000
2013-03-12,12.494518,17.730000,17.900000,17.700001,6289800.000000,71.107864,102.500000,17.130217,61.390415,12.270000,29.680000
2013-03-13,12.684791,18.000000,18.049999,17.900000,9987400.000000,72.495331,104.500000,17.182014,61.310001,11.830000,29.670000
2013-03-14,12.720030,18.049999,18.150000,17.860001,7771400.000000,72.148476,104.000000,17.271240,61.515484,11.300000,29.680000
2013-03-15,12.431093,17.639999,17.910000,17.610001,13988800.000000,71.454742,103.000000,16.989183,61.344463,11.300000,29.709999
2013-03-18,12.149211,17.240000,17.450001,17.200001,13773100.000000,69.720390,100.500000,16.773329,61.210152,13.360000,29.700001
2013-03-19,12.036457,17.080000,17.240000,17.000000,12270900.000000,69.373528,100.000000,16.704258,61.093731,14.390000,28.959999
2013-03-20,12.156259,17.250000,17.330000,17.100000,10920000.000000,68.541054,98.800003,16.925861,61.523552,12.670000,29.148001
2013-03-21,11.902561,16.889999,17.110001,16.870001,8847800.000000,68.471680,98.699997,16.652464,60.825130,13.990000,28.940001
2013-03-22,12.029411,17.070000,17.090000,16.879999,5857700.000000,67.986061,98.000000,16.836653,61.416084,13.570000,29.080000
2013-03-25,11.944843,16.950001,17.209999,16.930000,8533300.000000,69.026649,99.500000,16.819029,61.192253,13.740000,29.000000
2013-03-26,12.029411,17.070000,17.110001,16.950001,8555300.000000,68.679771,99.000000,16.948992,61.523552,12.770000,29.360001
2013-03-27,12.099878,17.170000,17.260000,16.969999,10581000.000000,69.720390,100.500000,16.983643,61.604141,13.150000,29.049999
2013-03-28,12.113976,17.190001,17.209999,17.030001,11994500.000000,69.373528,100.000000,17.099169,61.756336,12.700000,29.110001
2013-04-01,12.036457,17.080000,17.270000,17.030001,10849200.000000,70.067253,101.000000,16.749727,61.335491,13.580000,29.080000
2013-04-02,12.057600,17.110001,17.230000,17.070000,10203600.000000,69.720390,100.500000,16.602449,61.819035,12.780000,29.879999
2013-04-03,11.796855,16.740000,17.120001,16.650000,15742400.000000,69.720390,100.500000,16.267450,61.254894,14.210000,29.850000
2013-04-04,11.860278,16.830000,16.840000,16.650000,11240200.000000,69.720390,100.500000,16.481155,61.272823,13.890000,29.809999
2013-04-05,11.789809,16.730000,16.780001,16.480000,11192000.000000,69.720390,100.500000,16.394522,60.762459,13.920000,28.902000
2013-04-08,11.867328,16.840000,16.860001,16.559999,9706100.000000,68.332924,98.500000,16.593782,61.084782,13.190000,29.900000
2013-04-09,11.944843,16.950001,17.070000,16.670000,10358700.000000,67.639183,97.500000,16.752621,61.496693,12.840000,29.920000
2013-04-10,12.113976,17.190001,17.250000,16.959999,12085500.000000,68.194176,98.300003,17.128038,62.696537,12.360000,29.980000
2013-04-11,12.219681,17.340000,17.520000,17.209999,8494300.000000,70.414124,101.500000,17.047178,62.669640,12.240000,29.950001
2013-04-12,12.198542,17.309999,17.370001,17.100000,7375800.000000,69.720390,100.500000,16.977865,62.624905,12.060000,29.930000
2013-04-15,11.902561,16.889999,17.170000,16.879999,9138100.000000,68.957283,99.400002,16.564901,61.389248,17.270000,29.084000
2013-04-16,12.149211,17.240000,17.290001,17.120001,9856000.000000,69.720390,100.500000,16.905668,62.204041,13.960000,29.150000
2013-04-17,12.036457,17.080000,17.170000,16.990000,21226100.000000,69.373528,100.000000,16.339647,60.986301,16.510000,28.940001
2013-04-18,12.642511,17.940001,18.330000,17.889999,24337500.000000,69.304131,99.900002,16.201033,60.144619,17.559999,29.360001
2013-04-19,13.248558,18.799999,18.980000,18.549999,21119200.000000,73.882797,106.500000,16.322315,60.968369,14.970000,29.129999
2013-04-22,13.037148,18.500000,18.770000,18.350000,20376200.000000,75.270271,108.500000,16.498484,61.595181,14.390000,29.110001
2013-04-23,12.882110,18.280001,18.510000,18.129999,21663000.000000,73.535927,106.000000,16.839258,62.186123,13.480000,29.000000
2013-04-24,12.994864,18.440001,18.530001,18.209999,10201900.000000,73.535927,106.000000,17.055849,62.159260,13.610000,29.000000
2013-04-25,13.171042,18.690001,18.690001,18.469999,15245700.000000,74.229660,107.000000,17.223337,62.490562,13.620000,29.010000
2013-04-26,13.058286,18.530001,18.809999,18.490000,7028200.000000,75.270271,108.500000,17.055849,62.293594,13.610000,29.020000
2013-04-29,13.269699,18.830000,18.860001,18.620001,7825300.000000,74.923401,108.000000,17.266653,62.866627,13.710000,28.806000
2013-04-30,13.445877,19.080000,19.209999,18.820000,12088600.000000,75.963997,109.500000,17.399502,63.323296,13.520000,28.690001
2013-05-01,13.467018,19.110001,19.170000,19.030001,8604300.000000,75.963997,109.500000,17.263765,63.027817,14.490000,28.600000
2013-05-02,13.763000,19.530001,19.540001,19.129999,11268200.000000,76.657738,110.500000,17.491919,63.824726,13.590000,28.799999
2013-05-03,13.678430,19.410000,19.580000,19.400000,9254600.000000,76.310867,110.000000,17.627651,64.576889,12.850000,29.024000
2013-05-06,13.777090,19.549999,19.629999,19.480000,5661100.000000,77.351501,111.500000,17.766260,64.827568,12.660000,29.500000
2013-05-07,13.720716,19.469999,19.620001,19.370001,8522800.000000,78.045212,112.500000,17.780703,64.791794,12.830000,28.841000
2013-05-08,14.242201,20.209999,20.280001,19.719999,14032800.000000,79.432686,114.500000,17.971308,65.105171,12.660000,29.510000
2013-05-09,14.242201,20.209999,20.299999,20.100000,8912600.000000,79.779572,115.000000,18.104141,65.015663,13.130000,28.521999
2013-05-10,14.214013,20.170000,20.180000,20.000000,7955300.000000,79.432686,114.500000,18.262981,65.409592,12.590000,29.400000
2013-05-13,14.044881,19.930000,20.100000,19.920000,6519800.000000,79.432686,114.500000,18.086824,65.490181,12.550000,28.931999
2013-05-14,14.016692,19.889999,20.049999,19.860001,8539100.000000,80.126434,115.500000,18.170565,65.830452,12.770000,29.100000
2013-05-15,13.953268,19.799999,19.870001,19.760000,9222200.000000,79.779572,115.000000,18.346722,65.964790,12.810000,29.177000
2013-05-16,13.706619,19.450001,19.650000,19.450001,10411800.000000,78.738937,113.500000,18.216780,65.893143,13.070000,29.184999
2013-05-17,13.748903,19.510000,19.620001,19.430000,10542300.000000,78.738937,113.500000,18.450691,66.528893,12.450000,29.191999
2013-05-20,13.650248,19.370001,19.670000,19.340000,8361000.000000,79.085815,114.000000,18.416029,66.430374,13.020000,29.183001
2013-05-21,13.551579,19.230000,19.530001,19.180000,12950200.000000,78.045212,112.500000,18.413143,66.502007,13.370000,29.100000
2013-05-22,13.311987,18.889999,19.270000,18.830000,12530800.000000,77.698334,112.000000,18.121473,65.919998,13.820000,29.027000
2013-05-23,13.213324,18.750000,18.840000,18.400000,11028900.000000,74.923401,108.000000,18.124357,65.767784,14.070000,29.870001
2013-05-24,13.290843,18.860001,18.870001,18.650000,5303600.000000,75.963997,109.500000,18.118578,65.731964,13.990000,29.056000
2013-05-28,13.424735,19.049999,19.219999,18.990000,9106200.000000,75.963997,109.500000,18.283199,66.161751,14.480000,29.157000
2013-05-29,13.558633,19.240000,19.299999,19.020000,13092900.000000,77.004631,111.000000,18.352499,65.848343,14.830000,29.431999
2013-05-30,13.368362,18.969999,19.190001,18.959999,8189600.000000,76.310867,110.000000,18.635517,66.197563,14.530000,29.231001
2013-05-31,13.149899,18.660000,18.920000,18.629999,5732400.000000,75.963997,109.500000,18.390051,65.588707,16.299999,29.201000
2013-06-03,13.185135,18.709999,18.730000,18.590000,7736400.000000,74.576538,107.500000,18.456469,65.705109,16.280001,29.188999
2013-06-04,13.347219,18.940001,19.030001,18.690001,10672000.000000,75.617126,109.000000,18.540218,65.364876,16.270000,29.159000
2013-06-05,13.149899,18.660000,18.969999,18.620001,6480800.000000,75.963997,109.500000,18.257208,64.514206,17.500000,29.158001
2013-06-06,13.107618,18.600000,18.740000,18.500000,6501100.000000,74.576538,107.500000,18.231209,64.827568,16.629999,28.934000
2013-06-07,13.171042,18.690001,18.850000,18.650000,9081200.000000,75.270271,108.500000,18.502668,65.714020,15.140000,28.771000
2013-06-10,13.255606,18.809999,18.940001,18.650000,7479600.000000,75.270271,108.500000,18.615299,65.740921,15.440000,28.771000
2013-06-11,13.051241,18.520000,18.750000,18.500000,6397300.000000,74.923401,108.000000,18.196558,65.087257,17.070000,28.771000
2013-06-12,12.938488,18.360001,18.719999,18.290001,8052500.000000,74.923401,108.000000,17.985737,64.335114,18.590000,28.771000
2013-06-13,12.875063,18.270000,18.309999,17.990000,10935400.000000,72.495331,104.500000,18.352499,65.149956,16.410000,28.987000
2013-06-14,12.677744,17.990000,18.330000,17.900000,12849000.000000,73.535927,106.000000,18.277412,64.720154,17.150000,29.021999
2013-06-17,12.769355,18.120001,18.370001,18.030001,9447900.000000,73.535927,106.000000,18.543098,65.346931,16.799999,29.148001
2013-06-18,12.987818,18.430000,18.440001,18.120001,5406300.000000,73.882797,106.500000,18.849213,65.884193,16.610001,29.045000
2013-06-19,12.677744,17.990000,18.459999,17.990000,8924900.000000,73.189064,105.500000,18.626854,65.149956,16.639999,29.124001
2013-06-20,12.269013,17.410000,17.700001,17.360001,12639600.000000,72.148476,104.000000,18.037724,63.600914,20.490000,29.299000
2013-06-21,12.106929,17.180000,17.610001,17.150000,23104500.000000,71.801598,103.500000,18.115692,63.263165,18.900000,29.351999
2013-06-24,11.930753,16.930000,17.070000,16.610001,13192700.000000,70.067253,101.000000,17.728722,62.634373,20.110001,29.533001
2013-06-25,12.353577,17.530001,17.570000,17.139999,11598600.000000,70.067253,101.000000,18.161900,63.092506,18.469999,29.389000
2013-06-26,12.431093,17.639999,17.709999,17.490000,9187600.000000,70.414124,101.500000,18.254805,63.658386,17.209999,29.389999
2013-06-27,12.635463,17.930000,18.120001,17.820000,12208300.000000,72.495331,104.500000,18.318466,63.927860,16.860001,29.419001
2013-06-28,12.910298,18.320000,18.410000,18.200001,12464500.000000,77.004631,111.000000,18.382126,64.017677,16.860001,29.207001
2013-07-01,13.001910,18.450001,18.670000,18.420000,11763500.000000,74.923401,108.000000,18.358980,64.412880,16.370001,29.475000
2013-07-02,13.037148,18.500000,18.850000,18.480000,12477200.000000,76.310867,110.000000,18.385021,64.439842,16.440001,29.191999
2013-07-03,13.125517,18.120001,18.160000,17.930000,6647800.000000,76.310555,107.000000,18.468935,64.700325,16.200001,29.343000
2013-07-05,13.190712,18.209999,18.540001,18.160000,13475100.000000,77.736923,109.000000,18.709135,65.194397,14.890000,29.464001
2013-07-08,12.748846,17.600000,17.920000,17.570000,12284200.000000,74.884201,105.000000,18.335825,65.257248,14.780000,29.362000
2013-07-09,12.922699,17.840000,18.020000,17.809999,9364200.000000,75.597374,106.000000,18.532614,65.652473,14.350000,29.291000
2013-07-10,12.922699,17.840000,18.110001,17.809999,8103100.000000,75.597374,106.000000,18.723608,66.029724,14.210000,29.504000
2013-07-11,13.429751,18.540001,18.660000,18.469999,13715600.000000,78.093506,109.500000,19.131651,67.341156,14.010000,28.872000
2013-07-12,13.357315,18.440001,18.639999,18.309999,8718400.000000,78.450096,110.000000,19.235836,67.637573,13.840000,29.028000
2013-07-15,13.328341,18.400000,18.490000,18.309999,6033700.000000,78.093506,109.500000,19.235836,67.790283,13.790000,29.079000
2013-07-16,13.350072,18.430000,18.450001,18.240000,5607100.000000,77.023735,108.000000,19.311075,67.700462,14.420000,29.920000
2013-07-17,13.364558,18.450001,18.639999,18.389999,12115500.000000,77.736923,109.000000,19.316864,67.871101,13.780000,29.870001
2013-07-18,12.176598,16.809999,17.559999,16.740000,43566600.000000,75.240768,105.500000,19.154804,67.700462,13.770000,29.889999
2013-07-19,11.944801,16.490000,16.520000,15.890000,24303600.000000,70.034561,98.199997,19.105602,66.999825,12.540000,30.010000
2013-07-22,12.038967,16.620001,16.650000,16.440001,18796700.000000,69.178734,97.000000,19.067984,67.197426,12.290000,29.950001
2013-07-23,12.125893,16.740000,17.020000,16.700001,14272700.000000,71.318283,100.000000,19.013006,66.703400,12.660000,29.900000
2013-07-24,12.328716,17.020000,17.219999,16.959999,17278700.000000,72.744629,102.000000,18.657049,66.918983,13.180000,29.910000
2013-07-25,12.444615,17.180000,17.190001,17.070000,12460600.000000,73.101234,102.500000,18.752550,67.341156,12.970000,29.920000
2013-07-26,12.241791,16.900000,17.139999,16.799999,14971300.000000,73.101234,102.500000,18.604965,67.700462,12.720000,29.950001
2013-07-29,12.096920,16.700001,16.860001,16.680000,5983600.000000,71.318283,100.000000,18.486307,67.574707,13.390000,29.936001
2013-07-30,12.292497,16.969999,17.129999,16.889999,8600400.000000,72.744629,102.000000,18.709135,67.934013,13.390000,29.945000
2013-07-31,12.299743,16.980000,17.110001,16.969999,10546900.000000,73.101234,102.500000,18.801750,68.059792,13.450000,29.982000
2013-08-01,12.495319,17.250000,17.270000,16.959999,15090600.000000,71.674866,100.500000,19.128754,68.751411,12.940000,30.108999
2013-08-02,12.169353,16.799999,17.049999,16.760000,11401700.000000,71.674866,100.500000,19.024580,69.137642,11.980000,30.110001
2013-08-05,12.183843,16.820000,16.860001,16.610001,7301600.000000,71.674866,100.500000,18.984070,69.182579,11.840000,30.113001
2013-08-06,12.017238,16.590000,16.809999,16.570000,13470400.000000,70.462463,98.800003,18.868305,68.769371,12.720000,29.941999
2013-08-07,11.713006,16.170000,16.400000,16.110001,17069600.000000,69.178734,97.000000,18.662844,68.643600,12.980000,29.987000
2013-08-08,11.749222,16.219999,16.270000,16.090000,10922600.000000,68.750801,96.400002,18.671520,68.984940,12.730000,30.013000
2013-08-09,11.741979,16.209999,16.270000,16.129999,10587800.000000,68.750801,96.400002,18.576021,68.706505,13.410000,29.943001
2013-08-12,11.626079,16.049999,16.230000,15.970000,14971700.000000,68.465538,96.000000,18.645472,68.868164,12.810000,29.940001
2013-08-13,11.785444,16.270000,16.360001,16.110001,16817700.000000,69.321365,97.199997,18.865412,69.254410,12.310000,29.962000
2013-08-14,11.633324,16.059999,16.299999,16.059999,7870800.000000,69.036079,96.800003,18.578918,68.993927,13.040000,29.986000
2013-08-15,11.589859,16.000000,16.090000,15.880000,10792600.000000,68.465538,96.000000,18.159304,67.826241,14.730000,30.014999
2013-08-16,11.568130,15.970000,16.209999,15.970000,10987100.000000,68.822136,96.500000,18.222960,67.799255,14.370000,30.016001
2013-08-19,11.452231,15.810000,16.030001,15.810000,6690600.000000,68.108955,95.500000,18.092741,67.682503,15.100000,29.992001
2013-08-20,11.466722,15.830000,15.980000,15.810000,10514800.000000,67.324455,94.400002,18.220072,67.978935,14.910000,30.014000
2013-08-21,11.408772,15.750000,15.920000,15.700000,10358700.000000,67.324455,94.400002,18.081167,67.745377,15.940000,30.070000
2013-08-22,11.633324,16.059999,16.120001,15.870000,8432900.000000,67.395752,94.500000,18.280842,68.410080,14.760000,30.070000
2013-08-23,11.749222,16.219999,16.290001,16.139999,7465700.000000,69.178734,97.000000,18.280842,68.868164,13.980000,30.112000
2013-08-26,11.778197,16.260000,16.420000,16.160000,7273500.000000,69.036079,96.800003,18.246111,68.904129,14.990000,30.037001
2013-08-27,11.575377,15.980000,16.160000,15.940000,8530100.000000,68.180290,95.599998,17.797558,67.493843,16.770000,30.003000
2013-08-28,11.778197,16.260000,16.299999,16.129999,6967400.000000,69.036079,96.800003,18.029074,67.754349,16.490000,30.042999
2013-08-29,12.075188,16.670000,16.750000,16.459999,9963200.000000,70.391144,98.699997,18.217176,68.230446,16.809999,29.249001
2013-08-30,11.995505,16.559999,17.100000,16.510000,11490100.000000,71.674866,100.500000,18.060902,67.790283,17.010000,29.996000
2013-09-03,12.241791,16.900000,17.230000,16.820000,11182100.000000,72.744629,102.000000,18.211395,68.176537,16.610001,29.884001
2013-09-04,12.212818,16.860001,17.000000,16.750000,13726500.000000,71.674866,100.500000,18.671520,68.904129,15.880000,29.909000
2013-09-05,12.444615,17.180000,17.260000,16.950001,7738300.000000,72.388069,101.500000,18.813322,69.020889,15.770000,29.862000
2013-09-06,12.321469,17.010000,17.290001,17.000000,6338000.000000,72.744629,102.000000,18.726507,69.101723,15.850000,29.959999
2013-09-09,12.531538,17.299999,17.340000,17.090000,9635300.000000,73.457817,103.000000,18.975378,69.910118,15.630000,28.851999
2013-09-10,12.661924,17.480000,17.540001,17.340000,12162900.000000,74.527611,104.500000,19.345793,70.251488,14.530000,28.771999
2013-09-11,12.632951,17.440001,17.520000,17.400000,7063000.000000,74.527611,104.500000,19.293713,70.116730,13.820000,28.893999
2013-09-12,12.517051,17.280001,17.480000,17.219999,5454000.000000,73.814430,103.500000,19.166384,70.071846,14.290000,28.813999
2013-09-13,12.553267,17.330000,17.340000,17.219999,4095700.000000,73.101234,102.500000,19.256094,70.116730,14.160000,28.937000
2013-09-16,12.763336,17.620001,17.760000,17.600000,7962200.000000,75.240768,105.500000,19.319752,69.928093,14.380000,28.773001
2013-09-17,12.806800,17.680000,17.820000,17.620001,5369100.000000,75.240768,105.500000,19.452877,70.395218,14.530000,28.882999
2013-09-18,12.756094,17.610001,17.770000,17.350000,14262300.000000,73.457817,103.000000,19.626509,71.239548,13.590000,28.895000
2013-09-19,12.748846,17.600000,17.740000,17.580000,8842600.000000,73.457817,103.000000,19.568634,71.410187,13.160000,28.539000
2013-09-20,12.538782,17.309999,17.610001,17.299999,10964700.000000,73.457817,103.000000,19.461563,71.165146,13.120000,28.759001
2013-09-23,12.785068,17.650000,17.750000,17.530001,10653800.000000,75.240768,105.500000,19.380529,71.021004,14.310000,28.830999
2013-09-24,12.719872,17.559999,17.690001,17.459999,9132700.000000,74.884201,105.000000,19.502913,71.021004,14.080000,28.875000
2013-09-25,12.546023,17.320000,17.469999,17.250000,8526900.000000,73.457817,103.000000,19.523262,70.777763,14.010000,28.896999
2013-09-26,12.546023,17.320000,17.330000,17.150000,4675400.000000,72.388069,101.500000,19.511637,71.327316,14.060000,28.812000
2013-09-27,12.364935,17.070000,17.260000,17.030001,7682900.000000,73.457817,103.000000,19.354654,71.237228,15.460000,28.854000
2013-09-30,12.285249,16.959999,17.120001,16.740000,10700100.000000,71.674866,100.500000,19.375004,71.066040,16.600000,28.790001
2013-10-01,12.618461,17.420000,17.430000,17.090000,9771900.000000,72.388069,101.500000,19.561054,71.786781,15.540000,28.774000
2013-10-02,12.654682,17.469999,17.490000,17.200001,7562800.000000,73.457817,103.000000,19.526159,71.759750,16.600000,28.811001
2013-10-03,12.821284,17.700001,17.850000,17.520000,10645800.000000,74.884201,105.000000,19.476753,70.921883,17.670000,28.612000
2013-10-04,12.806800,17.680000,17.750000,17.549999,4444200.000000,74.171013,104.000000,19.624998,71.534538,16.740000,28.584999
2013-10-07,12.763336,17.620001,17.760000,17.480000,6451300.000000,73.457817,103.000000,19.526159,70.939911,19.410000,28.676001
2013-10-08,12.647435,17.459999,17.969999,17.450001,10981400.000000,74.884201,105.000000,19.215122,69.570496,20.340000,28.676001
2013-10-09,12.502563,17.260000,17.670000,17.150000,16482600.000000,74.884201,105.000000,19.145351,69.354286,19.600000,28.589001
2013-10-10,12.799553,17.670000,17.670000,17.420000,10695500.000000,74.884201,105.000000,19.572687,70.822792,16.480000,28.655001
2013-10-11,13.103786,18.090000,18.120001,17.830000,11789100.000000,75.953949,106.500000,19.610474,71.381378,15.720000,28.643000
2013-10-14,13.045836,18.010000,18.040001,17.850000,6662100.000000,74.884201,105.000000,19.764551,71.885895,16.070000,28.608000
2013-10-15,13.147248,18.150000,18.230000,17.969999,11212900.000000,76.310555,107.000000,19.587206,71.606583,18.660000,28.638000
2013-10-16,13.241418,18.280001,18.299999,18.139999,15598100.000000,75.597374,106.000000,19.773258,72.417465,14.710000,28.541000
2013-10-17,13.509433,18.650000,18.709999,18.180000,11722200.000000,76.310555,107.000000,19.918606,72.831871,13.480000,28.707001
2013-10-18,13.820910,19.080000,19.160000,18.700001,18201700.000000,78.450096,110.000000,19.973848,74.012115,13.040000,28.569000
2013-10-21,13.748473,18.980000,19.010000,18.870001,9149900.000000,78.450096,110.000000,20.023256,74.174301,13.160000,28.681999
2013-10-22,13.878859,19.160000,19.250000,19.020000,9070100.000000,79.519867,111.500000,19.976753,74.282394,13.330000,28.681999
2013-10-23,13.560135,18.719999,19.000000,18.690001,7310500.000000,79.163284,111.000000,19.316868,73.831902,13.420000,28.417999
2013-10-24,13.531163,18.680000,18.830000,18.580000,10937800.000000,78.450096,110.000000,19.488377,74.156258,13.200000,28.613001
2013-10-25,13.379045,18.469999,18.510000,18.290001,11326500.000000,76.310555,107.000000,19.549429,74.687843,13.090000,28.671000
2013-10-28,13.480458,18.610001,18.700001,18.549999,4698300.000000,78.093506,109.500000,19.683142,74.705818,13.310000,28.662001
2013-10-29,13.596360,18.770000,18.790001,18.590000,6290000.000000,78.093506,109.500000,20.000006,74.831955,13.410000,28.716999
2013-10-30,13.458731,18.580000,18.910000,18.480000,6733800.000000,78.450096,110.000000,19.889540,74.759911,13.650000,28.729000
2013-10-31,13.335584,18.410000,18.670000,18.350000,11222600.000000,78.093506,109.500000,20.020357,74.588722,13.750000,28.730000
2013-11-01,13.379045,18.469999,18.629999,18.400000,6402000.000000,78.093506,109.500000,19.933144,74.606720,13.280000,28.792999
2013-11-04,13.284883,18.340000,18.549999,18.260000,8109000.000000,77.736923,109.000000,19.918606,74.714844,12.930000,28.719000
2013-11-05,13.096540,18.080000,18.170000,18.040001,9365500.000000,75.953949,106.500000,19.872101,74.795937,13.270000,28.658001
2013-11-06,13.234176,18.270000,18.309999,18.030001,9934100.000000,76.310555,107.000000,19.912790,74.777901,12.670000,28.693001
2013-11-07,13.132764,18.129999,18.350000,18.100000,10357600.000000,76.310555,107.000000,19.561054,73.372444,13.910000,28.674000
2013-11-08,13.045836,18.010000,18.040001,17.870001,8990200.000000,75.597374,106.000000,19.773258,74.363457,12.900000,28.889999
2013-11-11,12.843015,17.730000,17.850000,17.709999,6615000.000000,74.527611,104.500000,19.773258,74.246361,12.530000,28.844000
2013-11-12,12.900970,17.809999,17.809999,17.610001,8571600.000000,74.884201,105.000000,19.895353,74.363457,12.820000,28.794001
2013-11-13,12.756094,17.610001,17.750000,17.360001,12877300.000000,73.457817,103.000000,20.055239,75.264420,12.520000,28.729000
2013-11-14,12.676411,17.500000,17.650000,17.480000,10754400.000000,73.814430,103.500000,19.970940,75.498657,12.370000,28.684999
2013-11-15,12.792313,17.660000,17.770000,17.540001,12669700.000000,74.171013,104.000000,20.098841,75.642815,12.190000,28.837000
2013-11-18,12.821284,17.700001,17.879999,17.670000,10210200.000000,74.171013,104.000000,19.918606,74.904037,13.100000,28.740999
2013-11-19,12.727118,17.570000,17.850000,17.549999,8452000.000000,74.884201,105.000000,19.688967,74.687843,13.390000,29.469999
2013-11-20,12.712629,17.549999,17.680000,17.430000,10457400.000000,73.457817,103.000000,19.584314,74.507607,13.400000,29.469999
2013-11-21,12.328716,17.020000,17.350000,16.860001,19212800.000000,72.031464,101.000000,19.938961,75.264420,12.660000,29.549999
2013-11-22,12.408397,17.129999,17.190001,16.930000,15826400.000000,71.318283,100.000000,19.965120,75.669838,12.260000,29.549999
2013-11-25,12.437368,17.170000,17.250000,17.129999,9930300.000000,72.031464,101.000000,19.938961,75.850060,12.790000,28.783001
2013-11-26,12.647435,17.459999,17.549999,17.350000,14337100.000000,73.814430,103.500000,20.107565,76.246445,12.810000,29.600000
2013-11-27,12.734356,17.580000,17.719999,17.510000,13181100.000000,74.884201,105.000000,20.162798,76.777985,12.980000,29.650000
2013-11-29,12.843015,17.730000,17.790001,17.660000,3991200.000000,74.884201,105.000000,20.194771,77.237495,13.700000,28.899000
2013-12-02,12.603975,17.400000,17.750000,17.360001,12010000.000000,74.527611,104.500000,20.145350,77.012245,14.230000,28.898001
2013-12-03,12.698141,17.530001,17.700001,17.430000,10074800.000000,74.171013,104.000000,20.215126,76.949173,14.550000,29.600000
2013-12-04,12.705386,17.540001,17.650000,17.450001,6448500.000000,74.884201,105.000000,20.122105,77.021263,14.700000,29.540001
2013-12-05,12.603975,17.400000,17.570000,17.389999,9852400.000000,74.171013,104.000000,20.162798,76.922134,15.080000,29.565001
2013-12-06,12.763336,17.620001,17.639999,17.500000,6875100.000000,73.457817,103.000000,20.398256,77.480751,13.790000,29.650000
2013-12-09,12.727118,17.570000,17.719999,17.469999,9100100.000000,74.884201,105.000000,20.444773,77.796043,13.490000,28.808001
2013-12-10,12.582246,17.370001,17.490000,17.320000,9872100.000000,74.171013,104.000000,20.389540,77.741982,13.910000,29.580000
2013-12-11,12.661924,17.480000,17.650000,17.430000,7899600.000000,74.884201,105.000000,20.212217,76.741936,15.420000,29.590000
2013-12-12,12.401154,17.120001,17.480000,17.090000,10866900.000000,73.457817,103.000000,20.046518,76.543732,15.540000,29.580000
2013-12-13,12.372178,17.080000,17.270000,17.020000,10409400.000000,73.101234,102.500000,20.005821,76.444633,15.760000,29.600000
2013-12-16,12.393910,17.110001,17.240000,17.100000,7179800.000000,72.744629,102.000000,20.252913,76.868095,16.030001,28.850000
2013-12-17,12.372178,17.080000,17.299999,17.070000,24563300.000000,73.814430,103.500000,20.465128,76.714958,16.209999,29.629999
2013-12-18,12.314227,17.000000,17.049999,16.680000,16981600.000000,72.031464,101.000000,20.572676,77.606842,13.800000,29.620001
2013-12-19,12.350445,17.049999,17.090000,16.900000,8418300.000000,73.101234,102.500000,20.488382,77.390648,14.150000,29.680000
2013-12-20,12.306985,16.990000,17.139999,16.870001,7594000.000000,72.744629,102.000000,20.671520,78.178757,13.790000,29.809999
2013-12-23,12.415642,17.139999,17.250000,17.059999,7667100.000000,74.171013,104.000000,20.825790,79.001198,13.040000,29.193001
2013-12-24,12.451859,17.190001,17.219999,17.080000,2766700.000000,73.457817,103.000000,20.872450,79.037361,12.480000,29.950001
2013-12-26,12.444615,17.180000,17.340000,17.100000,2839300.000000,74.171013,104.000000,20.954113,79.299431,12.330000,29.950001
2013-12-27,12.502563,17.260000,17.280001,17.170000,4619200.000000,74.527611,104.500000,20.971613,79.100616,12.460000,29.271999
2013-12-30,12.734356,17.580000,17.620001,17.410000,7808000.000000,75.597374,106.000000,21.006605,78.983139,13.560000,29.502001
2013-12-31,12.632951,17.440001,17.559999,17.389999,7647200.000000,75.240768,105.500000,21.204920,79.498283,13.720000,30.000000
2014-01-02,12.422880,17.150000,17.400000,17.110001,6029100.000000,74.527611,104.500000,20.913282,78.874634,14.230000,29.143999
2014-01-03,12.278008,16.950001,17.160000,16.920000,11362700.000000,73.101234,102.500000,20.852037,78.305283,13.760000,29.900000
2014-01-06,12.241791,16.900000,17.020000,16.860001,10370200.000000,73.101234,102.500000,20.749968,78.016083,13.550000,29.316000
2014-01-07,12.249035,16.910000,16.980000,16.830000,13083100.000000,72.744629,102.000000,20.892864,78.739113,12.920000,30.045000
2014-01-08,12.379423,17.090000,17.160000,17.049999,13428900.000000,74.171013,104.000000,21.204920,78.910835,12.870000,30.100000
2014-01-09,12.140379,16.760000,16.990000,16.660000,9422200.000000,72.031464,101.000000,21.047440,78.648727,12.890000,30.100000
2014-01-10,12.241791,16.900000,17.010000,16.820000,11148000.000000,72.744629,102.000000,21.143679,78.901779,12.140000,30.080000
2014-01-13,12.249035,16.910000,17.139999,16.900000,10286100.000000,73.457817,103.000000,20.904533,77.735916,13.280000,29.167000
2014-01-14,12.589488,17.379999,17.389999,17.040001,13334500.000000,73.814430,103.500000,21.353657,79.218102,12.280000,29.982000
2014-01-15,12.719872,17.559999,17.700001,17.430000,15510900.000000,74.884201,105.000000,21.543224,79.868881,12.280000,29.982000
2014-01-16,13.147248,18.150000,18.180000,17.889999,21768200.000000,76.310555,107.000000,21.432400,79.877892,12.530000,30.110001
2014-01-17,12.871991,17.770000,17.969999,17.700001,14574800.000000,76.667152,107.500000,21.315739,79.425987,12.440000,30.070000
2014-01-21,12.814042,17.690001,17.830000,17.620001,8371500.000000,75.953949,106.500000,21.432400,80.031548,12.870000,29.375999
2014-01-22,13.009619,17.959999,17.980000,17.719999,12870700.000000,76.667152,107.500000,21.662783,80.239403,12.840000,30.219999
2014-01-23,12.821284,17.700001,17.940001,17.610001,8872200.000000,76.667152,107.500000,21.446974,79.968262,13.770000,30.230000
2014-01-24,12.727118,17.570000,17.770000,17.510000,12403200.000000,77.023735,108.000000,20.948277,78.395645,18.139999,30.200001
2014-01-27,12.422880,17.150000,17.320000,17.020000,11006600.000000,74.884201,105.000000,20.802460,77.636482,17.420000,29.632000
2014-01-28,12.430125,17.160000,17.260000,17.049999,7525700.000000,74.884201,105.000000,20.887037,77.591278,15.800000,30.305000
2014-01-29,12.321469,17.010000,17.240000,16.980000,9378900.000000,74.884201,105.000000,20.808292,76.759804,17.350000,30.350000
2014-01-30,12.415642,17.139999,17.260000,17.100000,7230000.000000,74.884201,105.000000,21.070765,78.178757,17.290001,30.280001
2014-01-31,12.256280,16.920000,17.120001,16.870001,13590600.000000,74.884201,105.000000,20.974525,77.970848,18.410000,30.350000
2014-02-03,12.147621,16.770000,17.110001,16.680000,14171700.000000,74.884201,105.000000,20.504992,76.181358,21.440001,29.761999
2014-02-04,12.125893,16.740000,16.870001,16.700001,12321900.000000,74.884201,105.000000,20.539989,76.741714,19.110001,30.340000
2014-02-05,11.923071,16.459999,16.670000,16.440001,14334100.000000,71.674866,100.500000,20.566231,76.542877,19.950001,30.290001
2014-02-06,12.306985,16.990000,16.990000,16.700001,10142700.000000,72.744629,102.000000,20.892864,77.518982,17.230000,30.350000
2014-02-07,12.430125,17.160000,17.270000,17.080000,9430700.000000,74.171013,104.000000,21.222420,78.901779,15.290000,30.275000
2014-02-10,12.502563,17.260000,17.320000,17.100000,8003300.000000,73.457817,103.000000,21.330322,79.353706,15.260000,29.410999
2014-02-11,12.596731,17.389999,17.450001,17.190001,9631800.000000,74.527611,104.500000,21.610294,80.257492,14.510000,30.320000
2014-02-12,12.589488,17.379999,17.500000,17.320000,6962800.000000,74.884201,105.000000,21.799854,80.411133,14.300000,30.320000
2014-02-13,12.640195,17.450001,17.520000,17.250000,6564600.000000,74.884201,105.000000,22.047754,81.007652,14.140000,30.230000
2014-02-14,12.958912,17.889999,17.959999,17.600000,11269900.000000,76.667152,107.500000,22.190655,81.170341,13.570000,30.315001
2014-02-18,12.886478,17.790001,17.940001,17.680000,6412700.000000,77.023735,108.000000,22.248983,81.567993,13.870000,29.533001
2014-02-19,12.864748,17.760000,17.879999,17.610001,8702500.000000,77.023735,108.000000,22.228569,81.007652,15.500000,30.280001
2014-02-20,12.814042,17.690001,17.770000,17.459999,11836500.000000,75.953949,106.500000,22.380213,81.387245,14.790000,30.280001
2014-02-21,12.850259,17.740000,17.870001,17.690001,6013200.000000,76.667152,107.500000,22.283974,81.278793,14.680000,30.309999
2014-02-24,12.814042,17.690001,17.790001,17.650000,5499200.000000,76.310555,107.000000,22.371475,81.712601,14.230000,29.542999
2014-02-25,12.763336,17.620001,17.719999,17.590000,5944700.000000,77.023735,108.000000,22.251900,81.622185,13.670000,30.350000
2014-02-26,12.915452,17.830000,17.870001,17.620001,9376100.000000,76.667152,107.500000,22.403547,81.549942,14.350000,30.340000
2014-02-27,13.045836,18.010000,18.010000,17.790001,8659800.000000,77.023735,108.000000,22.400631,82.079002,14.040000,30.290001
2014-02-28,13.089300,18.070000,18.150000,17.980000,11279600.000000,77.023735,108.000000,22.383133,81.988258,14.000000,30.350000
2014-03-03,13.060328,18.030001,18.080000,17.770000,18168800.000000,77.023735,108.000000,22.243139,81.380226,16.000000,29.570000
2014-03-04,13.067571,18.040001,18.129999,18.010000,12548700.000000,76.667152,107.500000,22.636854,82.414810,14.100000,30.290001
2014-03-05,13.321096,18.389999,18.420000,18.260000,9863100.000000,78.450096,110.000000,22.680599,82.641701,13.890000,30.330000
2014-03-06,13.668795,18.870001,18.889999,18.670000,14240300.000000,80.589661,113.000000,22.838091,82.569130,14.210000,30.299999
2014-03-07,13.596360,18.770000,19.020000,18.690001,14153200.000000,81.659431,114.500000,22.811842,82.160690,14.110000,30.299999
2014-03-10,13.733982,18.959999,18.959999,18.670000,10652100.000000,80.589661,113.000000,22.773926,82.233322,14.200000,29.549999
2014-03-11,13.596360,18.770000,18.959999,18.690001,8748200.000000,81.302841,114.000000,22.648527,81.879372,14.800000,30.290001
2014-03-12,14.074440,19.430000,19.490000,18.770000,21260500.000000,80.589661,113.000000,22.829329,82.187943,14.470000,30.290001
2014-03-13,13.958541,19.270000,19.520000,19.180000,18414700.000000,83.085793,116.500000,22.458960,81.026276,16.219999,30.325001
2014-03-14,13.690523,18.900000,19.290001,18.889999,13077400.000000,82.015999,115.000000,22.330637,80.472649,17.820000,30.309999
2014-03-17,13.842641,19.110001,19.160000,18.950001,10786300.000000,81.302841,114.000000,22.607691,81.180550,15.640000,29.566999
2014-03-18,13.893346,19.180000,19.200001,19.040001,11987400.000000,81.659431,114.500000,22.934326,82.160690,14.520000,30.305000
2014-03-19,13.676041,18.879999,19.100000,18.770000,10596800.000000,81.659431,114.500000,22.913916,81.716019,15.120000,30.430000
2014-03-20,13.654306,18.850000,18.850000,18.469999,13124200.000000,79.876457,112.000000,23.336786,81.942871,14.520000,30.430000
2014-03-21,13.422507,18.530001,18.850000,18.420000,12885000.000000,80.233070,112.500000,23.132643,80.956856,15.000000,30.635000
2014-03-24,13.502186,18.639999,18.670000,18.400000,7898200.000000,80.233070,112.500000,23.039318,80.247330,15.090000,29.844000
2014-03-25,13.849883,19.120001,19.180000,18.790001,17129500.000000,80.946251,113.500000,23.211544,80.511139,14.020000,30.559999
2014-03-26,13.828153,19.090000,19.340000,19.080000,10597800.000000,82.372612,115.500000,22.948376,79.474174,14.930000,30.500000
2014-03-27,14.067197,19.420000,19.500000,19.000000,14222200.000000,82.729187,116.000000,22.778780,79.028435,14.620000,30.500000
2014-03-28,14.226556,19.639999,19.900000,19.450001,11246400.000000,83.798973,117.500000,22.927906,79.183098,14.410000,30.490000
2014-03-31,14.501812,20.020000,20.040001,19.730000,14482300.000000,84.512154,118.500000,23.302197,79.747040,13.880000,29.702999
2014-04-01,14.719122,20.320000,20.360001,20.059999,16133600.000000,85.225334,119.500000,23.673557,81.147888,13.100000,30.490000
2014-04-02,14.516303,20.040001,20.350000,19.990000,14875200.000000,85.581947,120.000000,23.638464,81.357109,13.090000,30.290001
2014-04-03,14.443869,19.940001,20.090000,19.799999,14904400.000000,84.512154,118.500000,23.673557,80.711250,13.370000,29.667999
2014-04-04,14.320726,19.770000,20.190001,19.730000,14585200.000000,84.512154,118.500000,23.003937,78.564514,13.960000,30.280001
2014-04-07,14.298993,19.740000,19.809999,19.610001,9693500.000000,83.798973,117.500000,22.796328,77.818665,15.570000,29.559999
2014-04-08,14.472837,19.980000,19.980000,19.790001,9181600.000000,84.868759,119.000000,23.094582,78.537239,14.890000,30.250000
2014-04-09,14.595981,20.150000,20.209999,19.959999,9754100.000000,84.868759,119.000000,23.337280,79.883484,13.820000,30.110001
2014-04-10,14.356941,19.820000,20.299999,19.790001,9776500.000000,85.225334,119.500000,22.615028,77.409317,15.890000,29.990000
2014-04-11,14.407644,19.889999,19.959999,19.740000,8414400.000000,85.581947,120.000000,22.261209,76.508766,17.030001,29.309999
2014-04-14,14.675665,20.260000,20.330000,19.980000,9819500.000000,85.938492,120.500000,22.439581,77.109116,16.110001,29.447001
2014-04-15,14.856752,20.510000,20.559999,20.059999,22468600.000000,87.364883,122.500000,22.585785,77.363823,15.610000,30.160000
2014-04-16,14.595981,20.150000,20.420000,20.049999,15121500.000000,86.295128,121.000000,22.547775,78.391708,14.180000,30.219999
2014-04-17,15.008873,20.719999,20.920000,20.570000,20492800.000000,85.581947,120.000000,22.971767,78.409889,13.360000,30.129999
2014-04-21,14.892970,20.559999,20.590000,20.260000,11525800.000000,86.651703,121.500000,23.179382,78.992065,13.250000,29.507000
2014-04-22,14.892970,20.559999,20.580000,20.350000,11191200.000000,86.651703,121.500000,23.386992,79.619705,13.190000,30.190001
2014-04-23,14.784314,20.410000,20.459999,20.299999,9031700.000000,86.295128,121.000000,23.366529,78.919327,13.270000,30.190001
2014-04-24,14.892970,20.559999,20.600000,20.260000,12202800.000000,86.295128,121.000000,23.498110,79.674263,13.320000,30.190001
2014-04-25,14.422132,19.910000,20.150000,19.850000,15474700.000000,84.512154,118.500000,22.729067,78.400818,14.060000,30.285000
2014-04-28,14.704637,20.299999,20.309999,20.059999,14382700.000000,84.868759,119.000000,22.600414,78.655540,13.970000,29.563999
2014-04-29,14.559765,20.100000,20.400000,20.080000,13771200.000000,85.938492,120.500000,22.755384,79.283157,13.710000,30.285000
2014-04-30,14.559765,20.100000,20.100000,19.799999,12965700.000000,84.512154,118.500000,22.869429,79.492371,13.410000,29.450001
2014-05-01,14.320726,19.770000,20.110001,19.750000,10276400.000000,84.512154,118.500000,22.796328,79.728844,13.250000,30.150000
2014-05-02,14.212070,19.620001,19.799999,19.620001,11073200.000000,84.155548,118.000000,22.875280,79.583298,12.910000,30.150000
2014-05-05,14.241044,19.660000,19.730000,19.500000,7061200.000000,83.442390,117.000000,22.895742,80.001762,13.290000,30.170000
2014-05-06,14.487327,20.000000,20.090000,19.730000,10549900.000000,84.155548,118.000000,22.808025,78.964760,13.800000,29.365999
2014-05-07,14.726369,20.330000,20.340000,19.969999,14637400.000000,84.512154,118.500000,22.816797,78.737358,13.400000,30.110001
2014-05-08,14.856752,20.510000,20.590000,20.330000,13522200.000000,85.225334,119.500000,22.974695,78.664597,13.430000,30.110001
2014-05-09,14.784314,20.410000,20.549999,20.260000,10384000.000000,85.581947,120.000000,22.901588,78.955688,12.920000,30.110001
2014-05-12,14.914701,20.590000,20.590000,20.110001,19623700.000000,84.512154,118.500000,23.319744,80.256462,12.230000,30.110001
2014-05-13,14.950918,20.639999,20.709999,20.420000,9547500.000000,85.938492,120.500000,23.135521,80.311012,12.130000,30.200001
2014-05-14,14.907460,20.580000,20.860001,20.549999,10140100.000000,87.008293,122.000000,22.942526,79.892593,12.170000,30.200001
2014-05-15,14.965411,20.660000,20.700001,20.420000,12943300.000000,87.008293,122.000000,22.673510,79.264954,13.170000,30.190001
2014-05-16,15.045090,20.770000,20.820000,20.389999,9131200.000000,87.008293,122.000000,22.924978,79.783440,12.440000,30.190001
2014-05-19,14.965411,20.660000,20.730000,20.570000,6459900.000000,86.295128,121.000000,23.155985,80.338318,12.420000,29.413000
2014-05-20,14.856752,20.510000,20.709999,20.459999,4564200.000000,86.295128,121.000000,23.044882,80.047226,12.960000,30.129999
2014-05-21,14.849511,20.500000,20.620001,20.480000,5629400.000000,85.938492,120.500000,23.155985,80.811317,11.910000,30.150000
2014-05-22,14.950918,20.639999,20.719999,20.530001,6156500.000000,87.008293,122.000000,23.261263,81.166061,12.030000,30.158001
2014-05-23,14.965411,20.660000,20.719999,20.549999,7179700.000000,87.008293,122.000000,23.483492,81.757301,11.360000,30.125000
2014-05-27,15.132010,20.889999,20.959999,20.700001,7520300.000000,88.078049,123.500000,23.772976,82.776093,11.510000,29.372000
2014-05-28,15.110286,20.860001,21.020000,20.809999,7761100.000000,88.434639,124.000000,23.808064,82.521400,11.680000,29.431000
2014-05-29,14.994383,20.700001,20.850000,20.639999,6114900.000000,87.008293,122.000000,23.851927,83.048988,11.570000,30.090000
2014-05-30,14.892970,20.559999,20.629999,20.400000,6671500.000000,85.225334,119.500000,23.881174,83.058090,11.400000,29.975000
2014-06-02,14.965411,20.660000,20.690001,20.570000,6475000.000000,85.225334,119.500000,24.012756,82.976227,11.580000,30.011000
2014-06-03,15.385542,21.240000,21.299999,20.629999,20116100.000000,87.364883,122.500000,24.237902,82.939835,11.870000,30.059999
2014-06-04,15.284129,21.100000,21.260000,21.080000,10888700.000000,88.078049,123.500000,24.346096,83.249123,12.080000,30.065001
2014-06-05,15.356570,21.200001,21.209999,21.049999,8404000.000000,87.721481,123.000000,24.465984,83.949539,11.680000,30.046000
2014-06-06,15.276887,21.090000,21.230000,21.070000,7647900.000000,87.364883,122.500000,24.609266,84.431641,10.730000,29.201000
2014-06-09,15.363804,21.209999,21.320000,21.160000,8131800.000000,87.721481,123.000000,24.632668,84.367958,11.150000,29.275000
2014-06-10,15.429004,21.299999,21.400000,21.129999,7595600.000000,88.791275,124.500000,24.705763,84.513527,10.990000,29.990000
2014-06-11,15.305862,21.129999,21.370001,21.049999,7507600.000000,89.147842,125.000000,24.834421,84.495331,11.600000,29.989000
2014-06-12,15.291372,21.110001,21.219999,20.990000,5641600.000000,88.078049,123.500000,24.749626,83.731224,12.560000,30.020000
2014-06-13,15.276887,21.090000,21.209999,21.020000,5705100.000000,87.721481,123.000000,24.992329,83.976837,12.180000,29.989000
2014-06-16,15.363804,21.209999,21.219999,21.070000,4543500.000000,88.434639,124.000000,25.141459,84.049576,12.650000,29.990000
2014-06-17,15.400023,21.260000,21.299999,21.129999,10287700.000000,89.147842,125.000000,25.325672,84.095070,12.060000,30.010000
2014-06-18,15.465220,21.350000,21.440001,21.129999,8455000.000000,89.504448,125.500000,25.220409,84.568085,10.610000,30.040001
2014-06-19,15.711509,21.690001,21.690001,21.340000,9709300.000000,89.861046,126.000000,25.255495,84.513527,10.620000,29.990000
2014-06-20,15.320348,21.150000,21.500000,21.139999,8450400.000000,88.791275,124.500000,25.331522,84.612953,10.850000,29.969999
2014-06-23,15.103041,20.850000,21.020000,20.830000,6105200.000000,87.721481,123.000000,25.237953,84.631187,10.980000,29.261999
2014-06-24,15.052336,20.780001,21.150000,20.750000,8122200.000000,87.721481,123.000000,25.033276,84.549065,12.130000,29.238001
2014-06-25,15.233428,21.030001,21.059999,20.480000,5486200.000000,88.078049,123.500000,25.138840,85.087189,11.590000,29.950001
2014-06-26,15.226178,21.020000,21.150000,20.910000,5177100.000000,88.791275,124.500000,25.027411,85.132812,11.630000,29.955000
2014-06-27,15.414515,21.280001,21.299999,21.120001,5816000.000000,89.504448,125.500000,25.059671,85.506760,11.260000,29.905001
2014-06-30,15.494198,21.389999,21.450001,21.270000,6491200.000000,90.217628,126.500000,25.335302,85.652702,11.570000,29.860001
2014-07-01,15.914324,21.969999,21.980000,21.670000,8655700.000000,91.287392,128.000000,25.681322,86.592094,11.150000,29.865000
2014-07-02,16.211317,22.379999,22.629999,22.260000,10574100.000000,94.496696,132.500000,25.748764,86.738037,10.820000,29.191000
2014-07-03,16.450359,22.709999,22.709999,22.510000,4317800.000000,95.923080,134.500000,25.910038,87.285309,10.320000,29.143000
2014-07-07,16.421385,22.670000,22.879999,22.620001,12390700.000000,96.992859,136.000000,25.737032,87.020813,11.330000,29.156000
2014-07-08,16.348949,22.570000,22.680000,22.459999,10319000.000000,95.923080,134.500000,25.599213,85.971886,11.980000,29.900000
2014-07-09,16.240292,22.420000,22.490000,22.330000,12353400.000000,95.566483,134.000000,25.754631,86.610344,11.650000,29.879999
2014-07-10,16.624203,22.950001,22.950001,22.200001,14431800.000000,95.923080,134.500000,25.637337,86.336761,12.590000,29.098000
2014-07-11,16.522795,22.809999,23.070000,22.740000,13026000.000000,97.349457,136.500000,25.634407,86.893066,12.080000,29.926001
2014-07-14,16.783512,22.660000,22.680000,22.420000,14313800.000000,96.620163,132.500000,25.760492,87.412964,11.820000,29.959999
2014-07-15,16.642778,22.469999,22.590000,22.240000,10256800.000000,96.984779,133.000000,25.684246,87.111969,11.960000,29.940001
2014-07-16,15.502153,20.930000,21.700001,20.910000,41814000.000000,95.161736,130.500000,25.983353,87.458572,11.000000,29.940001
2014-07-17,14.961473,20.200001,20.830000,20.120001,25798200.000000,90.786507,124.500000,25.311853,86.300240,14.540000,29.969999
2014-07-18,15.168858,20.480000,20.670000,20.440001,19052400.000000,90.057281,123.500000,25.643202,87.668365,12.060000,30.030001
2014-07-21,15.131826,20.430000,20.559999,20.400000,17570900.000000,90.057281,123.500000,25.719442,87.558922,12.810000,29.233000
2014-07-22,15.339207,20.709999,20.809999,20.670000,10489800.000000,90.786507,124.500000,25.886581,88.115280,12.240000,29.969999
2014-07-23,15.316989,20.680000,20.790001,20.639999,11879700.000000,90.786507,124.500000,25.294249,88.680740,11.520000,29.289000
2014-07-24,15.472529,20.889999,20.969999,20.750000,12694300.000000,91.151100,125.000000,25.059671,88.580429,11.840000,29.937000
2014-07-25,15.072573,20.350000,20.639999,20.299999,12177800.000000,89.692688,123.000000,24.564095,88.233841,12.690000,29.945000
2014-07-28,15.087380,20.370001,20.420000,20.129999,12681000.000000,88.598885,121.500000,24.540646,88.261200,12.560000,29.959999
2014-07-29,15.213299,20.540001,20.799999,20.530001,9895500.000000,90.421875,124.000000,24.496655,88.106140,13.280000,29.959999
2014-07-30,15.346616,20.719999,20.780001,20.610001,9957300.000000,90.786507,124.500000,24.734179,88.452744,13.330000,29.950001
2014-07-31,14.813339,20.000000,20.280001,19.920000,16332100.000000,88.234283,121.000000,24.232758,86.665070,16.950001,29.993000
2014-08-01,14.961473,20.200001,20.299999,20.030001,9833500.000000,87.505066,120.000000,24.311920,86.345825,17.030001,30.059000
2014-08-04,15.191076,20.510000,20.620001,20.350000,9836300.000000,90.057281,123.500000,24.417490,86.938698,15.120000,29.990000
2014-08-05,14.665205,19.799999,20.049999,19.680000,13411900.000000,87.140450,119.500000,24.159437,86.272881,16.870001,29.988001
2014-08-06,14.842967,20.040001,20.110001,19.889999,9394300.000000,87.869637,120.500000,24.238615,86.209053,16.370001,29.267000
2014-08-07,14.746680,19.910000,20.240000,19.870001,8653500.000000,88.598885,121.500000,23.913124,85.935417,16.660000,29.999001
2014-08-08,14.657795,19.790001,20.030001,19.719999,19783100.000000,87.869637,120.500000,24.209295,86.555634,15.770000,29.999001
2014-08-11,14.850371,20.049999,20.170000,20.010000,10054400.000000,87.869637,120.500000,24.429218,87.066391,14.230000,29.990000
2014-08-12,14.805928,19.990000,20.110001,19.900000,9283800.000000,88.598885,121.500000,24.411623,87.029877,14.130000,29.990000
2014-08-13,15.057757,20.330000,20.450001,20.270000,11932500.000000,89.328072,122.500000,24.643278,87.951073,12.900000,30.020000
2014-08-14,15.205892,20.530001,20.600000,20.459999,6287000.000000,90.421875,124.000000,24.690191,88.407127,12.420000,30.020000
2014-08-15,15.146637,20.450001,20.549999,20.299999,7212400.000000,90.421875,124.000000,24.951166,88.835815,13.150000,29.965000
2014-08-18,15.161450,20.469999,20.490000,20.340000,4432100.000000,89.692688,123.000000,25.047937,89.519852,12.320000,29.179001
2014-08-19,15.361433,20.740000,20.809999,20.639999,7677200.000000,90.421875,124.000000,25.226805,90.021477,12.210000,29.218000
2014-08-20,15.435494,20.840000,20.900000,20.719999,10026700.000000,91.515717,125.500000,25.437935,90.021477,11.780000,29.246000
2014-08-21,15.272552,20.620001,20.790001,20.590000,10642500.000000,90.786507,124.500000,25.534708,90.203903,11.760000,29.232000
2014-08-22,15.428090,20.830000,21.000000,20.740000,11389900.000000,91.515717,125.500000,25.552303,90.340706,11.470000,29.278000
2014-08-25,15.316989,20.680000,20.870001,20.650000,9991200.000000,91.151100,125.000000,25.461399,90.659950,11.700000,29.216000
2014-08-26,15.405869,20.799999,20.850000,20.639999,7830700.000000,90.786507,124.500000,25.464333,90.751160,11.630000,29.243999
2014-08-27,15.487345,20.910000,20.950001,20.690001,12153100.000000,91.515717,125.500000,25.511240,90.769386,11.780000,29.191999
2014-08-28,15.487345,20.910000,20.930000,20.590000,7620800.000000,91.151100,125.000000,25.593349,90.669075,12.050000,29.121000
2014-08-29,15.509565,20.940001,20.950001,20.809999,5322800.000000,90.421875,124.000000,25.786886,91.006493,12.090000,29.118999
2014-09-02,15.613255,21.080000,21.260000,20.990000,8116900.000000,91.880333,126.000000,25.669588,91.271049,12.250000,29.117001
2014-09-03,15.813238,21.350000,21.379999,21.170000,9850200.000000,93.338737,128.000000,25.739969,90.732933,12.360000,29.146000
2014-09-04,15.694724,21.190001,21.379999,21.180000,8057900.000000,92.974136,127.500000,25.813271,90.650826,12.640000,29.146000
2014-09-05,15.687318,21.180000,21.190001,20.980000,5969000.000000,92.609512,127.000000,26.027328,91.106865,12.090000,29.563999
2014-09-08,15.605849,21.070000,21.180000,21.010000,6724200.000000,92.609512,127.000000,26.091845,91.280174,12.660000,29.166000
2014-09-09,15.591036,21.049999,21.200001,20.980000,7312400.000000,92.609512,127.000000,25.851391,90.523170,13.500000,29.969999
2014-09-10,15.576222,21.030001,21.080000,20.750000,6244800.000000,91.151100,125.000000,25.842598,91.271049,12.880000,29.055000
2014-09-11,15.479932,20.900000,20.940001,20.740000,7389100.000000,91.151100,125.000000,25.910038,91.198090,12.800000,29.292999
2014-09-12,15.065164,20.340000,20.760000,20.280001,15136400.000000,89.692688,123.000000,25.587484,90.732933,13.310000,29.982000
2014-09-15,14.991098,20.240000,20.469999,20.230000,8072900.000000,90.057281,123.500000,25.273724,89.857346,14.120000,29.157000
2014-09-16,15.168858,20.480000,20.590000,20.139999,8209000.000000,89.328072,122.500000,25.713572,90.641708,12.730000,29.316000
2014-09-17,15.272552,20.620001,20.730000,20.540001,6456800.000000,90.786507,124.500000,25.898306,90.778534,12.650000,29.344000
2014-09-18,15.494750,20.920000,20.959999,20.650000,8889700.000000,91.151100,125.000000,26.294176,91.462593,12.030000,29.648001
2014-09-19,15.198484,20.520000,20.950001,20.500000,8952700.000000,91.151100,125.000000,25.965759,91.405869,12.110000,29.368999
2014-09-22,15.079977,20.360001,20.450001,20.200001,12063100.000000,88.963478,122.000000,25.651993,90.555618,13.690000,29.513000
2014-09-23,15.065164,20.340000,20.480000,20.280001,9091000.000000,89.328072,122.500000,25.569891,90.308800,14.930000,29.455999
2014-09-24,15.250328,20.590000,20.639999,20.450001,9684500.000000,89.692688,123.000000,25.890398,91.277908,13.270000,29.539000
2014-09-25,14.894815,20.110001,20.370001,20.059999,12835200.000000,88.963478,122.000000,25.416992,89.357979,15.640000,29.573000
2014-09-26,14.917029,20.139999,20.200001,20.070000,11396400.000000,88.234283,121.000000,25.716906,90.308800,14.850000,29.459000
2014-09-29,14.776303,19.950001,20.030001,19.750000,12150400.000000,87.869637,120.500000,25.749260,90.189964,15.980000,29.632000
2014-09-30,14.946661,20.180000,20.190001,19.809999,15357400.000000,87.505066,120.000000,25.537554,90.317986,16.309999,29.676001
2014-10-01,14.887406,20.100000,20.230000,19.990000,16100700.000000,88.598885,121.500000,24.914183,88.873451,16.709999,29.573000
2014-10-02,15.028132,20.290001,20.410000,19.930000,22937000.000000,88.234283,121.000000,24.761280,88.873451,16.160000,29.611000
2014-10-03,15.428090,20.830000,20.900000,20.530001,19548800.000000,90.786507,124.500000,24.917122,89.751083,14.550000,30.405001
2014-10-06,15.420688,20.820000,20.910000,20.700001,19804800.000000,91.880333,126.000000,24.699526,89.559113,15.460000,29.900999
2014-10-07,15.094790,20.379999,20.740000,20.360001,9473500.000000,91.151100,125.000000,24.229061,88.288330,17.200001,29.389999
2014-10-08,15.257741,20.600000,20.660000,20.120001,12264600.000000,89.328072,122.500000,24.775980,90.007118,15.110000,29.473000
2014-10-09,15.161450,20.469999,20.780001,20.410000,10846800.000000,91.151100,125.000000,24.105560,88.553452,18.760000,29.625000
2014-10-10,14.398564,19.440001,20.219999,19.389999,28668600.000000,91.151100,125.000000,22.444227,86.340981,21.240000,29.742001
2014-10-13,14.568920,19.670000,20.110001,19.620001,14696600.000000,87.869637,120.500000,21.967875,84.987923,24.639999,29.700001
2014-10-14,14.917029,20.139999,20.379999,19.850000,21296600.000000,88.234283,121.000000,22.364830,84.997070,22.790001,29.476999
2014-10-15,14.865185,20.070000,20.250000,19.450001,20760400.000000,88.598885,121.500000,22.470692,84.448524,25.270000,29.648001
2014-10-16,15.346616,20.719999,21.090000,20.190001,30662100.000000,88.598885,121.500000,22.817656,83.918243,25.200001,29.170000
2014-10-17,15.346616,20.719999,20.820000,20.549999,14809100.000000,90.057281,123.500000,22.985264,85.024475,21.990000,29.503000
2014-10-20,15.457712,20.870001,20.990000,20.629999,11512400.000000,91.880333,126.000000,23.349876,86.295296,18.570000,30.375000
2014-10-21,15.842863,21.389999,21.469999,20.799999,17393800.000000,91.151100,125.000000,24.211414,88.562614,16.080000,30.400000
2014-10-22,15.731762,21.240000,21.700001,21.190001,14927700.000000,94.067932,129.000000,23.864447,88.105461,17.870001,29.687000
2014-10-23,15.776212,21.299999,21.420000,21.129999,10095300.000000,92.974136,127.500000,24.208477,89.431145,16.530001,30.365999
2014-10-24,15.687318,21.180000,21.190001,20.889999,8800200.000000,91.515717,125.500000,24.449594,90.162521,16.110001,29.660000
2014-10-27,15.820648,21.360001,21.400000,21.110001,11136800.000000,93.338737,128.000000,24.564268,90.226540,16.040001,29.568001
2014-10-28,15.990995,21.590000,21.600000,21.340000,11058800.000000,93.338737,128.000000,24.914183,91.588768,14.390000,29.556000
2014-10-29,15.990995,21.590000,21.660000,21.440001,9201700.000000,94.067932,129.000000,24.964165,91.250465,15.150000,29.523001
2014-10-30,15.635476,21.110001,21.540001,21.010000,12181300.000000,93.703346,128.500000,24.661306,91.442444,14.520000,29.813999
2014-10-31,16.309486,22.020000,22.129999,21.690001,19615000.000000,95.161736,130.500000,25.625757,92.704094,14.030000,29.653000
2014-11-03,16.220606,21.900000,21.980000,21.750000,10560900.000000,95.526344,131.000000,25.802181,92.978386,14.730000,29.791000
2014-11-04,16.257641,21.950001,22.000000,21.760000,8881100.000000,96.255569,132.000000,25.708097,92.667534,14.890000,30.468000
2014-11-05,16.316898,22.030001,22.180000,21.840000,8994500.000000,96.255569,132.000000,25.966846,92.676712,14.170000,29.618000
2014-11-06,16.146540,21.799999,22.059999,21.719999,6782500.000000,96.255569,132.000000,25.743376,92.969223,13.670000,29.775000
2014-11-07,16.161352,21.820000,21.870001,21.610001,7835600.000000,95.526344,131.000000,25.511082,92.886955,13.120000,30.114000
2014-11-10,16.487246,22.260000,22.330000,22.090000,7833800.000000,98.078590,134.500000,25.699266,93.216087,12.670000,29.677000
2014-11-11,16.442808,22.200001,22.400000,22.100000,6580400.000000,97.713974,134.000000,25.649286,93.508636,12.920000,29.899000
2014-11-12,16.331703,22.049999,22.070000,21.750000,11788800.000000,96.255569,132.000000,25.611055,93.673233,13.020000,29.636999
2014-11-13,16.546495,22.340000,22.420000,22.160000,10891000.000000,97.713974,134.000000,25.614000,94.075470,13.790000,29.844999
2014-11-14,16.590935,22.400000,22.469999,22.309999,8233100.000000,98.443176,135.000000,25.837463,94.368042,13.310000,29.775000
2014-11-17,16.228010,21.910000,22.200001,21.780001,16309900.000000,96.984779,133.000000,25.719854,94.084625,13.990000,29.749001
2014-11-18,16.331703,22.049999,22.110001,21.700001,13347000.000000,95.890938,131.500000,26.222672,94.788597,13.860000,29.990999
2014-11-19,16.687225,22.530001,22.639999,22.240000,14975100.000000,99.172401,136.000000,26.043301,94.358871,13.960000,30.725000
2014-11-20,16.857586,22.760000,22.820000,22.520000,11797500.000000,101.360016,139.000000,26.281471,94.779434,13.580000,30.850000
2014-11-21,17.079779,23.059999,23.100000,22.889999,11661000.000000,100.995392,138.500000,26.569641,94.962288,12.900000,30.087000
2014-11-24,16.990896,22.940001,23.010000,22.750000,9042000.000000,100.995392,138.500000,26.825451,95.702820,12.620000,30.870001
2014-11-25,16.968676,22.910000,23.070000,22.870001,6605100.000000,101.360016,139.000000,26.831337,95.849091,12.250000,30.103001
2014-11-26,17.168659,23.180000,23.240000,22.930000,7688400.000000,101.360016,139.000000,27.398832,96.470779,12.070000,30.051001
2014-11-28,17.383457,23.469999,23.540001,23.120001,6019000.000000,103.183052,141.500000,27.475286,96.918762,13.330000,30.115999
2014-12-01,16.990896,22.940001,23.219999,22.840000,7990200.000000,102.089233,140.000000,27.128305,95.821701,14.160000,30.215000
2014-12-02,16.716850,22.570000,22.690001,22.440001,9853000.000000,100.266243,137.500000,27.298857,96.205666,12.850000,31.020000
2014-12-03,16.983492,22.930000,23.080000,22.580000,16566400.000000,100.630798,138.000000,27.872238,96.379372,12.500000,30.399000
2014-12-04,16.902018,22.820000,22.930000,22.700001,6130000.000000,101.360016,139.000000,27.895767,96.333641,12.380000,30.278999
2014-12-05,16.842768,22.740000,22.799999,22.549999,7679900.000000,100.266243,137.500000,28.175102,96.342827,11.890000,31.100000
2014-12-08,16.665005,22.500000,22.900000,22.389999,9404100.000000,100.630798,138.000000,27.778141,95.657097,14.210000,31.225000
2014-12-09,16.724258,22.580000,22.600000,22.070000,9606600.000000,100.630798,138.000000,27.775209,95.958824,15.350000,31.122999
2014-12-10,16.435398,22.190001,22.450001,22.170000,10065400.000000,99.172401,136.000000,27.245934,94.450310,18.530001,31.197001
2014-12-11,16.398363,22.139999,22.370001,21.920000,11096100.000000,98.078590,134.500000,27.375313,94.898308,20.080000,31.181999
2014-12-12,16.272446,21.969999,22.219999,21.969999,11335100.000000,98.443176,135.000000,26.922491,93.865196,21.080000,30.402000
2014-12-15,16.250231,21.940001,22.389999,21.889999,14120700.000000,99.172401,136.000000,26.672546,92.896095,20.420000,31.295000
2014-12-16,15.879896,21.440001,21.850000,21.430000,11179200.000000,96.984779,133.000000,26.490250,91.405869,23.570000,31.319000
2014-12-17,16.028032,21.639999,21.650000,21.160000,13146600.000000,95.161736,130.500000,27.060682,93.069839,19.440001,31.291000
2014-12-18,16.139132,21.790001,22.219999,21.719999,10804900.000000,95.890938,131.500000,27.575262,95.309723,16.809999,31.284000
2014-12-19,16.442808,22.200001,22.549999,21.990000,11708000.000000,100.630798,138.000000,27.578199,95.729073,16.490000,31.450001
2014-12-22,16.568716,22.370001,22.580000,22.219999,4714700.000000,100.995392,138.500000,27.916349,95.967674,15.250000,31.510000
2014-12-23,16.450212,22.209999,22.370001,22.200001,6055100.000000,100.266243,137.500000,27.854603,95.628120,14.800000,31.570000
2014-12-24,16.553907,22.350000,22.510000,22.219999,1975600.000000,100.630798,138.000000,27.896400,95.710732,14.370000,30.934000
2014-12-26,16.524275,22.309999,22.540001,22.270000,2634900.000000,101.360016,139.000000,27.931961,96.389793,14.500000,30.934000
2014-12-29,16.576118,22.379999,22.750000,22.379999,3737200.000000,102.818420,141.000000,27.851927,96.371414,15.060000,31.719999
2014-12-30,16.620565,22.440001,22.559999,22.320000,4791900.000000,102.089233,140.000000,27.677040,95.729073,15.920000,30.958000
2014-12-31,16.576118,22.379999,22.639999,22.330000,3877200.000000,102.818420,141.000000,27.534760,94.747185,19.200001,3.670000
2015-01-02,16.502064,22.280001,22.459999,22.000000,6074100.000000,102.818420,141.000000,27.511047,94.462753,17.790001,31.625000
2015-01-05,16.102097,21.740000,22.170000,21.709999,9031800.000000,101.724640,139.500000,26.992300,93.077080,19.920000,31.625000
2015-01-06,15.820648,21.360001,21.580000,21.160000,10169500.000000,97.349388,133.500000,26.390570,91.829063,21.120001,31.985001
2015-01-07,16.050253,21.670000,21.760000,21.340000,10180200.000000,97.713974,134.000000,26.651421,93.012856,19.309999,31.990000
2015-01-08,16.153942,21.809999,22.010000,21.670000,15825900.000000,100.630798,138.000000,27.442871,94.793060,17.010000,31.995001
2015-01-09,15.702137,21.200001,21.639999,21.020000,17596000.000000,97.713974,134.000000,27.457697,94.169037,17.549999,32.000000
2015-01-12,15.398459,20.790001,21.090000,20.690001,24695300.000000,96.255569,132.000000,26.930056,93.187195,19.600000,31.927999
2015-01-13,15.591036,21.049999,21.299999,20.990000,11043200.000000,96.620163,132.500000,26.666239,93.159637,20.559999,31.850000
2015-01-14,15.598445,21.059999,21.100000,20.600000,21760200.000000,94.797142,130.000000,26.515059,92.645805,21.480000,31.850000
2015-01-15,16.953863,22.889999,23.129999,21.910000,36350200.000000,95.890938,131.500000,26.304604,91.443649,22.389999,31.825001
2015-01-16,16.739077,22.600000,22.700001,22.290001,22402000.000000,99.901619,137.000000,26.592134,92.517288,20.950001,31.780001
2015-01-20,17.102001,23.090000,23.190001,22.469999,23999700.000000,100.630798,138.000000,26.867802,93.251411,19.889999,31.545000
2015-01-21,17.190878,23.209999,23.290001,22.959999,17966600.000000,102.818420,141.000000,27.173122,93.728592,18.850000,31.690001
2015-01-22,17.561214,23.709999,23.719999,22.889999,25334400.000000,102.089233,140.000000,27.336155,95.462936,16.400000,31.545000
2015-01-23,17.768595,23.990000,24.299999,23.879999,13027300.000000,105.735306,145.000000,27.265015,95.674026,16.660000,31.502001
2015-01-26,17.894518,24.160000,24.190001,23.900000,14091400.000000,105.735306,145.000000,27.315407,95.563896,15.520000,31.424999
2015-01-27,17.916733,24.190001,24.260000,23.950001,14735300.000000,107.193687,147.000000,26.829271,93.086250,17.219999,31.332001
2015-01-28,17.724161,23.930000,24.490000,23.850000,16762900.000000,106.829086,146.500000,26.701811,92.609047,20.440001,31.318001
2015-01-29,17.250130,23.290001,23.799999,23.080000,19411300.000000,104.641479,143.500000,26.719601,93.499168,18.760000,31.320999
2015-01-30,16.820549,22.709999,23.120001,22.670000,17590300.000000,102.818420,141.000000,26.194923,92.774254,20.969999,31.502001
2015-02-02,16.990896,22.940001,23.080000,22.709999,12854500.000000,103.912231,142.500000,26.263102,93.581795,19.430000,31.546000
2015-02-03,17.146441,23.150000,23.440001,23.059999,16676200.000000,105.370651,144.500000,26.728487,94.481056,17.330000,31.676001
2015-02-04,17.464931,23.580000,23.750000,23.450001,11266500.000000,106.464478,146.000000,26.829271,94.398445,18.330000,31.618000
2015-02-05,17.524181,23.660000,23.760000,23.309999,12016600.000000,106.099884,145.500000,27.090117,95.215202,16.850000,31.466000
2015-02-06,17.109404,23.100000,23.629999,23.049999,16529800.000000,104.276871,143.000000,26.941912,94.637062,17.290001,31.528000
2015-02-09,16.790924,22.670000,22.940001,22.490000,12821100.000000,103.547653,142.000000,26.657352,94.334236,18.549999,31.482000
2015-02-10,17.672314,23.860001,23.950001,23.459999,17077300.000000,103.912231,142.500000,27.558475,95.802498,17.230000,31.555000
2015-02-11,17.990801,24.290001,24.350000,23.770000,14211100.000000,107.922920,148.000000,27.647406,96.151192,16.959999,31.497999
2015-02-12,18.124121,24.469999,24.480000,24.150000,10136200.000000,108.287514,148.500000,28.089069,97.270737,15.340000,31.559000
2015-02-13,18.398170,24.840000,24.959999,24.400000,11637500.000000,108.287514,148.500000,28.287674,98.105789,14.690000,31.249001
2015-02-17,18.346321,24.770000,24.889999,24.680000,10525500.000000,108.287514,148.500000,28.376600,98.197563,15.800000,31.591999
2015-02-18,18.301874,24.709999,24.850000,24.610001,7433100.000000,108.287514,148.500000,28.302494,98.335190,15.450000,31.629999
2015-02-19,18.161156,24.520000,24.709999,24.459999,9929400.000000,108.287514,148.500000,28.379560,98.821556,15.290000,31.629999
2015-02-20,18.101898,24.440001,24.709999,24.299999,7268000.000000,108.287514,148.500000,28.548523,99.482262,14.300000,31.629999
2015-02-23,17.938950,24.219999,24.430000,24.129999,7827400.000000,108.287514,148.500000,28.370672,99.583199,14.560000,31.629999
2015-02-24,18.546297,25.040001,25.080000,24.350000,15932700.000000,110.110512,151.000000,28.750103,99.656593,13.690000,31.629999
2015-02-25,18.546297,25.040001,25.320000,24.990000,10388400.000000,112.662788,154.500000,28.601885,99.408859,13.840000,31.680000
2015-02-26,18.279661,24.680000,24.990000,24.650000,7588500.000000,109.745941,150.500000,28.797520,99.913551,13.910000,31.525999
2015-02-27,18.168560,24.530001,24.780001,24.469999,8541000.000000,109.745941,150.500000,28.711563,99.473061,13.340000,31.497999
2015-03-02,18.242624,24.629999,24.629999,24.400000,7081200.000000,108.652122,149.000000,29.500036,100.372375,13.040000,31.497999
2015-03-03,18.146334,24.500000,24.730000,24.400000,7485300.000000,109.745941,150.500000,28.954628,99.904373,13.860000,31.562000
2015-03-04,18.020424,24.330000,24.600000,24.129999,9415000.000000,109.745941,150.500000,28.916084,99.518959,14.230000,31.502001
2015-03-05,18.116705,24.459999,24.480000,24.139999,6882400.000000,109.381348,150.000000,28.933876,99.693329,14.040000,31.472000
2015-03-06,17.842667,24.090000,24.379999,24.040001,6375000.000000,108.652122,149.000000,28.634491,98.564613,15.200000,31.500999
2015-03-09,17.368639,23.450001,23.700001,23.260000,15598700.000000,106.099884,145.500000,28.723412,98.849068,15.060000,31.445000
2015-03-10,17.072376,23.049999,23.260000,22.910000,12405600.000000,105.006088,144.000000,28.192822,97.013771,16.690001,31.511999
2015-03-11,17.398256,23.490000,23.719999,23.410000,9485000.000000,106.464478,146.000000,28.255066,96.454002,16.870001,31.549999
2015-03-12,17.427889,23.530001,23.750000,23.469999,10892000.000000,107.922920,148.000000,28.246178,97.087204,15.420000,31.650999
2015-03-13,17.687124,23.879999,23.969999,23.650000,9748200.000000,108.652122,149.000000,28.435884,96.665070,16.000000,31.658001
2015-03-16,17.983395,24.280001,24.389999,23.900000,18384800.000000,106.464478,146.000000,28.868664,97.913063,15.610000,31.701000
2015-03-17,18.005611,24.309999,24.440001,23.950001,12558800.000000,108.652122,149.000000,28.658205,98.069077,15.660000,31.700001
2015-03-18,18.301874,24.709999,24.900000,24.150000,14551700.000000,111.933556,153.500000,28.871628,99.032608,13.970000,31.652000
2015-03-19,18.264843,24.660000,25.150000,24.629999,11699700.000000,112.298187,154.000000,28.936836,99.179436,14.070000,31.636000
2015-03-20,18.346321,24.770000,24.900000,24.680000,7196900.000000,112.298187,154.000000,29.345907,99.821411,13.020000,31.485001
2015-03-23,18.368540,24.799999,24.950001,24.750000,9110900.000000,111.933556,153.500000,29.102839,99.628265,13.410000,31.535000
2015-03-24,18.146334,24.500000,24.700001,24.450001,9071500.000000,110.475128,151.500000,28.853842,99.269562,13.620000,31.490000
2015-03-25,17.168659,23.180000,24.450001,23.080000,32339400.000000,110.110512,151.000000,27.513109,96.997765,15.440000,31.371000
2015-03-26,17.183468,23.200001,23.510000,22.959999,36432500.000000,106.099884,145.500000,27.135651,96.666664,15.800000,31.389999
2015-03-27,16.990896,22.940001,23.120001,22.660000,20264000.000000,103.912231,142.500000,27.905434,97.052925,15.070000,31.396000
2015-03-30,17.220503,23.250000,23.299999,22.780001,14707100.000000,103.912231,142.500000,28.262091,98.165863,14.510000,31.362000
2015-03-31,17.390856,23.480000,23.559999,23.320000,13621500.000000,106.099884,145.500000,27.944067,97.126541,15.290000,31.371000
2015-04-01,17.205692,23.230000,23.469999,23.139999,13314800.000000,105.006088,144.000000,27.762770,96.620659,15.110000,31.392000
2015-04-02,17.546396,23.690001,23.830000,23.580000,12443500.000000,107.193687,147.000000,27.700352,96.685036,14.670000,31.351000
2015-04-06,17.435303,23.540001,23.740000,23.190001,11439200.000000,107.193687,147.000000,27.822208,97.476051,14.740000,30.889000
2015-04-07,17.324198,23.389999,23.629999,23.350000,13305600.000000,106.464478,146.000000,27.834099,97.310516,14.780000,31.292000
2015-04-08,17.183468,23.200001,23.350000,23.080000,10835200.000000,104.276871,143.000000,27.997562,98.083084,13.980000,31.138000
2015-04-09,17.361231,23.440001,23.670000,23.240000,10183300.000000,104.276871,143.000000,28.363142,98.699303,13.090000,31.212999
2015-04-10,17.405672,23.500000,23.799999,23.379999,10531900.000000,107.193687,147.000000,28.479057,99.103996,12.580000,31.218000
2015-04-13,17.279760,23.330000,23.690001,23.309999,11125700.000000,107.193687,147.000000,28.309641,98.855659,13.940000,31.228001
2015-04-14,17.168659,23.180000,23.299999,22.830000,13787000.000000,105.006088,144.000000,28.021343,98.570564,13.670000,31.330999
2015-04-15,17.413080,23.510000,23.639999,23.090000,16883000.000000,104.276871,143.000000,28.487970,99.186790,12.840000,31.299999
2015-04-16,17.213099,23.240000,23.549999,22.650000,28320800.000000,107.193687,147.000000,28.366112,99.048836,12.600000,31.320000
2015-04-17,17.198286,23.219999,23.250000,22.870001,16113600.000000,103.912231,142.500000,27.961905,97.503624,13.890000,29.993999
2015-04-20,17.235315,23.270000,23.620001,23.190001,15253500.000000,104.276871,143.000000,28.199671,98.966057,13.300000,30.113001
2015-04-21,17.279760,23.330000,23.370001,23.160000,13191400.000000,103.912231,142.500000,28.392860,99.389122,13.250000,31.091999
2015-04-22,17.657495,23.840000,23.840000,23.389999,15880200.000000,104.641479,143.500000,28.794092,99.931786,12.710000,31.163000
2015-04-23,17.998203,24.299999,24.420000,23.700001,22973300.000000,107.193687,147.000000,28.348282,100.308907,12.480000,31.101000
2015-04-24,18.450010,24.910000,25.309999,24.690001,28481800.000000,111.204338,152.500000,27.881655,101.670135,12.290000,31.120001
2015-04-27,18.820345,25.410000,25.770000,24.770000,25744900.000000,110.475128,151.500000,27.952991,101.412628,13.120000,29.750000
2015-04-28,18.524076,25.010000,25.290001,24.799999,14437100.000000,110.475128,151.500000,27.979740,101.210251,12.410000,30.851000
2015-04-29,18.361130,24.790001,24.900000,24.590000,12642500.000000,108.287514,148.500000,27.825184,100.575645,13.390000,30.820000
2015-04-30,18.101898,24.440001,24.620001,24.360001,16033300.000000,107.193687,147.000000,27.584442,98.993629,14.550000,30.684999
2015-05-01,18.324097,24.740000,24.840000,24.570000,9732900.000000,107.193687,147.000000,28.351255,100.299675,12.700000,30.740999
2015-05-04,18.013020,24.320000,24.610001,24.280001,9436900.000000,107.558311,147.500000,28.294781,100.465248,12.850000,30.740999
2015-05-05,17.990801,24.290001,24.450001,24.170000,13233000.000000,107.193687,147.000000,27.679548,98.828056,14.310000,30.764999
2015-05-06,18.109308,24.450001,24.510000,24.250000,8302200.000000,107.558311,147.500000,27.646852,98.147453,15.150000,30.770000
2015-05-07,18.050055,24.370001,24.410000,24.230000,7299600.000000,106.829086,146.500000,27.950012,98.736107,15.130000,30.743000
2015-05-08,18.183369,24.549999,24.740000,24.389999,11054400.000000,106.829086,146.500000,28.229391,99.968590,12.860000,30.796000
2015-05-11,18.050055,24.370001,24.620001,24.340000,6256500.000000,108.287514,148.500000,28.247232,99.582306,13.850000,30.753000
2015-05-12,18.057455,24.379999,24.500000,24.139999,10406900.000000,107.558311,147.500000,27.991623,99.131592,13.860000,30.770000
2015-05-13,18.101898,24.440001,24.670000,24.389999,6596700.000000,107.922920,148.000000,28.164007,99.333946,13.760000,30.799999
2015-05-14,18.079676,24.410000,24.520000,24.309999,9130500.000000,106.464478,146.000000,28.499861,100.787155,12.740000,30.670000
2015-05-15,18.190777,24.559999,24.600000,24.410000,5952400.000000,106.829086,146.500000,28.547409,100.787155,12.380000,30.673000
2015-05-18,18.079676,24.410000,24.480000,24.370001,9387100.000000,106.829086,146.500000,28.826805,101.228638,12.730000,30.601000
2015-05-19,18.212996,24.590000,24.660000,24.459999,10063100.000000,106.829086,146.500000,28.722767,101.118286,12.850000,30.599001
2015-05-20,18.205591,24.580000,24.670000,24.410000,9053200.000000,106.829086,146.500000,28.785191,101.182648,12.880000,30.628000
2015-05-21,17.953768,24.240000,24.430000,24.150000,12175800.000000,106.099884,145.500000,28.930820,101.706940,12.110000,30.673000
2015-05-22,17.924141,24.200001,24.580000,24.200001,8574500.000000,106.099884,145.500000,28.990263,101.605743,12.130000,30.636999
2015-05-26,17.968578,24.260000,24.379999,24.150000,10911600.000000,106.829086,146.500000,28.767355,100.437668,14.060000,30.563000
2015-05-27,18.220402,24.600000,24.700001,24.100000,14361100.000000,105.735306,145.000000,29.896769,102.056450,13.270000,30.698999
2015-05-28,18.109308,24.450001,24.650000,24.360001,10416600.000000,107.193687,147.000000,29.926485,101.826477,13.310000,30.718000
2015-05-29,17.983395,24.280001,24.430000,23.940001,13170000.000000,106.464478,146.000000,30.039427,101.219437,13.840000,30.789000
2015-06-01,17.879696,24.139999,24.240000,23.930000,10391300.000000,105.735306,145.000000,30.057262,101.559776,13.970000,30.862000
2015-06-02,17.531586,23.670000,24.000000,23.639999,12267300.000000,105.006088,144.000000,29.721413,101.237839,14.240000,30.920000
2015-06-03,17.524181,23.660000,23.799999,23.480000,10846500.000000,104.276871,143.000000,29.519299,101.541374,13.660000,30.995001
2015-06-04,17.020525,22.980000,23.430000,22.780001,16981800.000000,102.818420,141.000000,29.251814,100.768761,14.710000,30.910000
2015-06-05,16.931644,22.860001,23.040001,22.750000,9277100.000000,102.089233,140.000000,29.254787,100.529617,14.210000,31.055000
2015-06-08,16.776110,22.650000,22.920000,22.600000,9155900.000000,100.995392,138.500000,28.704943,99.508698,15.290000,31.021999
2015-06-09,16.909428,22.830000,23.100000,22.709999,14045900.000000,101.360016,139.000000,28.687107,99.343155,14.470000,31.245001
2015-06-10,17.279760,23.330000,23.340000,23.000000,14611900.000000,101.724640,139.500000,29.043768,100.704376,13.220000,31.295000
2015-06-11,17.413080,23.510000,23.709999,23.459999,12836500.000000,104.641479,143.500000,29.034843,100.851524,12.850000,31.142000
2015-06-12,17.531586,23.670000,23.760000,23.400000,12115900.000000,105.370651,144.500000,28.773289,100.023750,13.780000,31.150000
2015-06-15,17.227909,23.260000,23.440001,23.230000,12984800.000000,104.276871,143.000000,28.713860,99.527084,15.390000,31.215000
2015-06-16,17.464931,23.580000,23.650000,23.200001,12381400.000000,103.547653,142.000000,28.794092,100.069748,14.810000,31.245001
2015-06-17,17.479738,23.600000,23.700001,23.450001,12642300.000000,103.912231,142.500000,28.817881,100.345695,14.500000,31.252001
2015-06-18,17.598248,23.760000,23.830000,23.570000,11225200.000000,103.547653,142.000000,29.225067,101.808098,13.190000,31.247999
2015-06-19,17.331606,23.400000,23.680000,23.389999,11609100.000000,103.547653,142.000000,29.079428,101.304771,13.960000,30.709000
2015-06-22,17.657495,23.840000,23.889999,23.600000,13407100.000000,103.547653,142.000000,29.326111,102.051468,12.740000,29.729000
2015-06-23,17.724161,23.930000,24.040001,23.750000,9339600.000000,105.370651,144.500000,29.180481,102.134453,12.110000,30.962000
2015-06-24,17.701937,23.900000,24.000000,23.830000,9368200.000000,105.735306,145.000000,28.872063,101.608971,13.260000,30.985001
2015-06-25,17.835262,24.080000,24.330000,24.000000,8369700.000000,106.829086,146.500000,28.851204,101.406151,14.010000,31.042999
2015-06-26,17.501961,23.629999,24.040001,23.440001,14805800.000000,106.464478,146.000000,28.133051,100.733208,14.020000,31.040001
2015-06-29,17.103039,22.379999,22.940001,22.360001,14494500.000000,104.207176,138.500000,27.343378,98.354752,18.850000,31.122999
2015-06-30,17.355228,22.709999,23.129999,22.670000,15836800.000000,105.711998,140.500000,27.441719,98.705063,18.230000,31.166000
2015-07-01,17.523357,22.930000,23.230000,22.850000,12403200.000000,106.088173,141.000000,27.507273,99.488663,16.090000,31.058001
2015-07-02,17.691484,23.150000,23.330000,22.950001,7884900.000000,106.464401,141.500000,27.635414,99.516312,16.790001,31.094999
2015-07-06,17.530998,22.940001,23.260000,22.870001,7476100.000000,105.711998,140.500000,27.233120,99.285858,17.010000,31.111000
2015-07-07,17.546280,22.959999,23.000000,22.440001,10131500.000000,105.711998,140.500000,27.146709,99.534760,16.090000,31.145000
2015-07-08,16.988411,22.230000,22.660000,22.180000,13956700.000000,103.830971,138.000000,26.413662,97.801636,19.660000,31.153999
2015-07-09,16.980764,22.219999,22.650000,22.110001,12147200.000000,102.702423,136.500000,26.076933,97.746323,19.969999,31.216000
2015-07-10,17.248238,22.570000,22.670000,22.340000,9042600.000000,102.702423,136.500000,26.559669,99.239754,16.830000,31.223000
2015-07-13,17.469868,22.860001,22.879999,22.559999,11501200.000000,104.207176,138.500000,26.783169,100.982117,13.900000,31.223000
2015-07-14,17.424002,22.799999,22.900000,22.690001,8778400.000000,104.207176,138.500000,27.063272,101.645874,13.370000,31.195000
2015-07-15,17.240601,22.559999,22.910000,22.410000,13861500.000000,104.207176,138.500000,26.902361,101.756493,13.230000,31.295000
2015-07-16,17.370516,22.730000,22.830000,21.700001,29850800.000000,102.702423,136.500000,26.953016,103.194588,12.110000,31.264999
2015-07-17,17.599777,23.030001,23.090000,22.780001,10314200.000000,105.335793,140.000000,26.896402,104.715675,11.950000,31.304001
2015-07-20,17.500433,22.900000,23.040001,22.620001,12307200.000000,104.583405,139.000000,26.711649,105.075226,12.250000,30.313000
2015-07-21,17.485147,22.879999,23.160000,22.830000,9372700.000000,105.711998,140.500000,26.717606,105.010696,12.220000,31.330999
2015-07-22,16.980764,22.219999,22.540001,22.110001,17279900.000000,104.583405,139.000000,26.053099,103.821503,12.120000,31.395000
2015-07-23,17.049547,22.309999,22.500000,22.090000,16251500.000000,102.326187,136.000000,26.440485,103.434296,12.640000,31.340000
2015-07-24,16.537521,21.639999,22.209999,21.610001,15045700.000000,103.078613,137.000000,25.910061,102.420227,13.740000,31.443001
2015-07-27,16.529882,21.629999,21.690001,21.330000,10167100.000000,100.821404,134.000000,25.719347,101.572098,15.600000,31.511999
2015-07-28,16.720936,21.879999,21.990000,21.600000,13102700.000000,100.821404,134.000000,26.255726,102.447891,13.440000,31.545000
2015-07-29,16.896706,22.110001,22.270000,21.740000,12780100.000000,101.949989,135.500000,26.288502,102.835037,12.500000,31.566000
2015-07-30,17.347588,22.700001,22.780001,22.190001,17400600.000000,104.207176,138.500000,26.392801,103.323662,12.130000,31.514000
2015-07-31,16.896706,22.110001,22.610001,22.030001,16313800.000000,104.959602,139.500000,26.085873,103.203842,12.120000,31.594999
2015-08-03,16.598663,21.719999,21.900000,21.520000,11945800.000000,101.197624,134.500000,26.002436,102.881165,12.560000,31.674999
2015-08-04,16.392319,21.450001,21.920000,21.340000,13832400.000000,102.702423,136.500000,25.713392,102.687576,13.000000,31.698000
2015-08-05,16.514593,21.610001,21.870001,21.520000,7506500.000000,100.821404,134.000000,26.038198,103.480377,12.510000,31.716999
2015-08-06,16.262405,21.280001,21.549999,21.010000,12945100.000000,100.821404,134.000000,25.573336,101.820984,13.770000,31.743999
2015-08-07,16.071350,21.030001,21.410000,20.990000,16644500.000000,100.069031,133.000000,25.719347,101.691956,13.390000,31.747999
2015-08-10,16.514593,21.610001,21.889999,20.920000,25398700.000000,97.059387,129.000000,26.357046,102.853508,12.230000,31.747999
2015-08-11,15.918513,20.830000,21.100000,20.549999,18685200.000000,98.188011,130.500000,25.764053,101.535233,13.710000,31.747999
2015-08-12,15.857370,20.750000,20.780001,20.180000,20957100.000000,96.683220,128.500000,25.913040,101.885536,13.610000,32.051998
2015-08-13,15.696893,20.540001,20.690001,20.410000,7873400.000000,96.307014,128.000000,25.704447,101.719604,13.490000,32.453999
2015-08-14,15.574621,20.379999,20.400000,20.219999,11355400.000000,94.802223,126.000000,25.492878,101.876312,12.830000,32.334000
2015-08-17,15.498200,20.280001,20.309999,19.690001,18060200.000000,93.297409,124.000000,25.710409,102.724434,13.020000,32.346001
2015-08-18,15.307145,20.030001,20.200001,20.010000,10410700.000000,94.802223,126.000000,25.224693,102.198959,13.790000,32.602001
2015-08-19,15.215441,19.910000,20.059999,19.629999,12520400.000000,94.049828,125.000000,24.998220,101.526009,15.250000,32.640999
2015-08-20,14.986178,19.610001,20.070000,19.610001,12865500.000000,94.802223,126.000000,24.059557,98.714287,19.139999,31.332001
2015-08-21,14.428298,18.879999,19.510000,18.870001,20217500.000000,91.040230,121.000000,23.401001,94.399925,28.030001,32.659000
2015-08-24,14.336596,18.760000,19.430000,17.320000,31876000.000000,86.525826,115.000000,22.876541,90.767754,40.740002,32.854000
2015-08-25,14.336596,18.760000,20.010000,18.700001,25640300.000000,92.921219,123.500000,22.650068,90.426643,36.020000,32.945000
2015-08-26,14.863904,19.450001,19.480000,18.940001,20952300.000000,92.168816,122.500000,23.779448,94.980713,30.320000,32.863998
2015-08-27,15.238360,19.940001,19.940001,19.580000,17880000.000000,93.297409,124.000000,24.664471,97.386772,26.100000,32.751999
2015-08-28,15.284219,20.000000,20.080000,19.549999,10980800.000000,94.049828,125.000000,24.807510,97.368370,26.049999,32.757000
2015-08-31,15.192519,19.879999,20.190001,19.750000,9081400.000000,97.059387,129.000000,24.738964,96.160706,28.430000,32.759998
2015-09-01,14.833328,19.410000,19.760000,19.250000,14185700.000000,93.297409,124.000000,23.865860,93.155388,31.400000,32.798000
2015-09-02,15.238360,19.940001,20.070000,19.650000,14670900.000000,94.426010,125.500000,24.435017,95.782753,26.090000,32.665001
2015-09-03,15.337713,20.070000,20.240000,20.020000,8174900.000000,95.554626,127.000000,24.625736,95.312553,25.610001,32.750000
2015-09-04,15.032029,19.670000,19.830000,19.600000,8944000.000000,94.049828,125.000000,24.199606,94.178658,27.799999,31.893000
2015-09-08,15.322424,20.049999,20.059999,19.820000,10390900.000000,92.545013,123.000000,25.272367,96.833672,24.900000,32.918999
2015-09-09,15.192519,19.879999,20.660000,19.820000,10318700.000000,97.059387,129.000000,24.807510,95.745857,26.230000,32.991001
2015-09-10,15.054960,19.700001,19.910000,19.270000,17806400.000000,94.049828,125.000000,24.917757,96.787560,24.370001,32.763000
2015-09-11,15.207802,19.900000,19.950001,19.610001,9549900.000000,95.930817,127.500000,24.932665,97.322266,23.200001,32.842999
2015-09-14,15.314786,20.040001,20.170000,19.889999,7790800.000000,95.930817,127.500000,24.989283,97.027260,24.250000,32.696999
2015-09-15,15.582259,20.389999,20.559999,20.040001,11469800.000000,94.802223,126.000000,25.308121,98.170387,22.540001,32.705002
2015-09-16,15.796238,20.670000,20.750000,20.459999,11471100.000000,97.435608,129.500000,25.361763,98.723511,21.350000,32.775002
2015-09-17,15.788595,20.660000,21.020000,20.570000,11394200.000000,98.564209,131.000000,25.159134,98.760391,21.139999,32.750999
2015-09-18,15.750384,20.610001,20.760000,20.350000,14057800.000000,98.940392,131.500000,24.721087,97.355721,22.280001,32.648998
2015-09-21,15.689252,20.530001,20.719999,20.400000,12292100.000000,97.435608,129.500000,24.646589,97.660683,20.139999,32.650002
2015-09-22,15.246007,19.950001,20.240000,19.879999,13482400.000000,97.059387,129.000000,24.104254,96.200607,22.440001,32.924999
2015-09-23,15.291863,20.010000,20.290001,19.600000,22169600.000000,93.673622,124.500000,23.925459,96.274506,22.129999,32.958000
2015-09-24,15.276577,19.990000,20.030001,19.559999,11088800.000000,95.554626,127.000000,23.877783,95.923332,23.469999,33.237000
2015-09-25,15.322424,20.049999,20.299999,19.959999,10742300.000000,95.554626,127.000000,24.009029,95.110123,23.620001,33.247002
2015-09-28,15.001465,19.629999,20.049999,19.580000,15576100.000000,95.554626,127.000000,23.343781,92.402451,27.629999,33.279999
2015-09-29,15.200155,19.889999,19.950001,19.490000,10919600.000000,95.554626,127.000000,23.499609,91.921906,26.830000,33.279999
2015-09-30,15.857370,20.750000,20.790001,20.330000,12400200.000000,97.811806,130.000000,24.410583,94.038170,24.500000,33.279999
2015-10-01,15.941442,20.860001,21.000000,20.600000,14508200.000000,100.445213,133.500000,24.119913,94.463242,22.549999,33.115002
2015-10-02,15.865016,20.760000,20.770000,20.209999,15271100.000000,99.316620,132.000000,24.623341,96.117409,20.940001,33.068001
2015-10-05,16.354113,21.400000,21.440001,20.790001,10938100.000000,99.692810,132.500000,25.102802,97.494339,19.540001,32.679001
2015-10-06,16.224194,21.230000,21.360001,20.959999,10577700.000000,100.069031,133.000000,25.183716,97.032257,19.400000,32.991001
2015-10-07,16.759150,21.930000,22.100000,21.629999,13647100.000000,101.573792,135.000000,25.516348,97.614471,18.400000,31.608999
2015-10-08,17.003691,22.250000,22.270000,21.670000,10343500.000000,102.326187,136.000000,25.684153,98.002617,17.420000,32.860001
2015-10-09,16.774431,21.950001,22.430000,21.910000,11648800.000000,102.326187,136.000000,25.525333,98.446190,17.080000,32.838001
2015-10-12,16.881418,22.090000,22.200001,22.010000,6779500.000000,104.207176,138.500000,25.525333,98.686455,16.170000,31.291000
2015-10-13,16.766788,21.940001,22.030001,21.680000,12740800.000000,103.454811,137.500000,25.210680,98.048813,17.670000,32.550999
2015-10-14,17.072470,22.340000,22.530001,21.660000,22801100.000000,102.702423,136.500000,26.127653,97.891724,18.030001,32.730999
2015-10-15,16.774431,21.950001,22.790001,21.790001,17867300.000000,105.335793,140.000000,26.373383,99.499680,16.049999,32.733002
2015-10-16,16.934910,22.160000,22.219999,21.990000,9598700.000000,103.454811,137.500000,26.433313,99.915550,15.050000,32.450001
2015-10-19,16.988411,22.230000,22.299999,21.959999,8940900.000000,103.830971,138.000000,26.424322,100.488495,14.980000,32.495998
2015-10-20,17.049547,22.309999,22.420000,22.170000,6718400.000000,104.583405,139.000000,26.400351,99.970985,15.750000,32.410999
2015-10-21,16.980764,22.219999,22.450001,22.139999,8154300.000000,104.207176,138.500000,26.439310,99.361031,16.700001,32.500999
2015-10-22,17.202383,22.510000,22.620001,22.320000,8214500.000000,103.454811,137.500000,27.356277,101.384895,14.450000,32.549999
2015-10-23,17.171816,22.469999,22.750000,22.400000,11854100.000000,105.335793,140.000000,27.688902,104.221924,14.460000,32.651001
2015-10-26,16.934910,22.160000,22.520000,21.930000,12350400.000000,105.335793,140.000000,27.191463,104.286613,15.290000,32.500999
2015-10-27,16.965481,22.200001,22.299999,21.879999,6885400.000000,104.583405,139.000000,26.954727,104.499176,15.430000,32.701000
2015-10-28,16.873775,22.080000,22.270000,21.870001,9913700.000000,103.830971,138.000000,27.353283,105.367828,14.330000,32.667999
2015-10-29,16.675083,21.820000,21.820000,21.520000,7939100.000000,102.702423,136.500000,26.619104,105.201492,14.610000,32.676998
2015-10-30,16.782066,21.959999,22.070000,21.650000,8791800.000000,102.702423,136.500000,26.831863,104.730186,15.070000,32.540001
2015-11-02,16.889063,22.100000,22.139999,21.770000,5716700.000000,103.454811,137.500000,27.068604,105.913063,14.150000,32.400002
2015-11-03,17.401083,22.770000,22.950001,22.110001,12846400.000000,104.959602,139.500000,27.209435,106.282700,14.540000,32.712002
2015-11-04,17.997168,23.549999,23.660000,23.049999,14372000.000000,108.721573,144.500000,27.287357,106.291946,15.510000,32.617001
2015-11-05,17.561563,22.980000,23.230000,22.950001,8345300.000000,107.216789,142.500000,26.714996,106.005470,15.050000,32.588001
2015-11-06,17.439287,22.820000,22.830000,22.430000,8805900.000000,105.335793,140.000000,27.422194,106.079399,14.330000,32.709000
2015-11-09,17.546280,22.959999,22.980000,22.680000,8629200.000000,106.840607,142.000000,27.155504,104.951988,16.520000,32.723000
2015-11-10,17.202383,22.510000,22.670000,22.330000,7388700.000000,104.959602,139.500000,26.661060,104.683983,15.290000,31.954000
2015-11-11,17.255880,22.580000,22.700001,22.280001,5255100.000000,103.454811,137.500000,26.682026,104.554604,16.059999,32.842999
2015-11-12,16.996048,22.240000,22.680000,22.240000,5685100.000000,104.207176,138.500000,26.337420,103.538063,18.370001,31.688000
2015-11-13,16.728579,21.889999,22.150000,21.570000,7883500.000000,102.326187,136.000000,26.100685,101.504997,20.080000,31.556999
2015-11-16,17.080116,22.350000,22.379999,21.799999,7121500.000000,101.573792,135.000000,26.421335,102.965111,18.160000,32.900002
2015-11-17,17.210030,22.520000,22.820000,22.379999,7148400.000000,104.207176,138.500000,26.598124,103.029816,18.840000,33.014000
2015-11-18,17.210030,22.520000,22.559999,22.150000,8010400.000000,103.078613,137.000000,26.861834,105.007439,16.850000,31.899000
2015-11-19,17.324661,22.670000,22.940001,22.590000,7115100.000000,105.711998,140.500000,26.924761,105.081352,16.990000,33.000999
2015-11-20,17.446936,22.830000,22.889999,22.709999,6039900.000000,106.088173,141.000000,27.011667,105.792900,15.470000,32.494999
2015-11-23,17.248238,22.570000,22.940001,22.540001,5502100.000000,106.088173,141.000000,26.688026,105.487976,15.620000,31.702999
2015-11-24,17.194744,22.500000,22.580000,22.160000,8911500.000000,104.959602,139.500000,27.002674,105.395546,15.930000,32.770000
2015-11-25,17.240601,22.559999,22.660000,22.510000,5442600.000000,106.088173,141.000000,27.041628,105.487976,15.190000,31.659000
2015-11-27,17.156538,22.450001,22.639999,22.340000,3995600.000000,104.583405,139.000000,27.158493,105.635803,15.120000,32.695000
2015-11-30,17.393442,22.760000,22.870001,22.379999,8612900.000000,104.583405,139.000000,27.452168,105.367828,16.129999,31.709000
2015-12-01,17.790829,23.280001,23.350000,22.830000,10256000.000000,107.216789,142.500000,27.877687,106.421349,14.670000,32.821999
2015-12-02,17.722059,23.190001,23.360001,23.059999,6829100.000000,107.216789,142.500000,27.745840,105.765175,15.910000,31.639999
2015-12-03,17.523357,22.930000,23.309999,22.820000,5884700.000000,107.216789,142.500000,27.578024,103.972420,18.110001,31.778000
2015-12-04,17.813757,23.309999,23.370001,22.730000,6355600.000000,105.711998,140.500000,28.054495,106.402832,14.810000,30.747999
2015-12-07,17.760260,23.240000,23.500000,23.180000,4634000.000000,107.969185,143.500000,27.826744,105.922295,15.840000,31.871000
2015-12-08,17.637991,23.080000,23.219999,22.879999,6133900.000000,107.216789,142.500000,27.590012,105.931534,17.600000,31.861000
2015-12-09,17.370516,22.730000,23.010000,22.650000,8663600.000000,105.711998,140.500000,27.230417,104.323578,19.610001,31.945000
2015-12-10,17.309380,22.650000,22.850000,22.610001,7171900.000000,106.088173,141.000000,27.362267,104.794868,19.340000,31.719000
2015-12-11,16.950199,22.180000,22.559999,22.160000,11326300.000000,104.959602,139.500000,26.849850,102.382927,24.389999,33.000000
2015-12-14,16.980764,22.219999,22.410000,22.070000,7898600.000000,104.583405,139.000000,26.676035,103.159203,22.730000,31.857000
2015-12-15,17.439287,22.820000,22.900000,22.420000,9444200.000000,103.830971,138.000000,27.077591,103.787590,20.950001,31.927000
2015-12-16,17.699121,23.160000,23.230000,22.889999,7384800.000000,107.969185,143.500000,27.281361,105.330872,17.860001,32.016998
2015-12-17,17.546280,22.959999,23.290001,22.950001,8925700.000000,109.097809,145.000000,26.906773,103.796806,18.940001,31.921000
2015-12-18,17.523357,22.930000,23.080000,22.719999,8648000.000000,106.840607,142.000000,26.595133,101.805779,20.700001,32.049999
2015-12-21,17.538643,22.950001,23.049999,22.750000,4958700.000000,106.464401,141.500000,27.050619,102.936615,18.700001,32.778999
2015-12-22,17.622698,23.059999,23.090000,22.950001,4553900.000000,106.840607,142.000000,27.092567,103.613297,16.600000,31.860001
2015-12-23,17.637991,23.080000,23.209999,22.969999,6172900.000000,106.464401,141.500000,27.281361,104.382645,15.570000,31.879999
2015-12-24,17.691484,23.150000,23.280001,23.080000,2009500.000000,106.840607,142.000000,27.390362,104.364128,15.740000,31.997999
2015-12-28,17.584497,23.010000,23.190001,22.850000,3100100.000000,107.969185,143.500000,27.282263,104.308510,16.910000,31.787001
2015-12-29,17.637991,23.080000,23.230000,22.980000,4136700.000000,106.840607,142.000000,27.600580,105.949196,16.080000,31.919001
2015-12-30,17.485147,22.879999,23.090000,22.840000,2574100.000000,107.216789,142.500000,27.351336,104.994431,17.290001,32.118000
2015-12-31,17.385803,22.750000,23.000000,22.570000,3898300.000000,107.593002,143.000000,26.978962,103.687462,18.209999,31.988001
2016-01-04,16.881418,22.090000,22.299999,21.860001,9145100.000000,104.959602,139.500000,26.666649,101.499863,20.700001,32.058998
2016-01-05,16.774431,21.950001,22.420000,21.950001,7642100.000000,103.830971,138.000000,26.414394,101.323761,19.340000,32.464001
2016-01-06,16.308262,21.340000,21.709999,21.260000,8063200.000000,101.949989,135.500000,25.501486,100.350464,20.590000,32.245998
2016-01-07,16.124849,21.100000,21.379999,20.820000,11242800.000000,100.069031,133.000000,24.786772,97.208130,24.990000,33.442001
2016-01-08,15.903229,20.809999,21.400000,20.770000,9290700.000000,100.821404,134.000000,24.429415,96.410980,27.010000,32.234001
2016-01-11,15.994935,20.930000,21.250000,20.700001,9771200.000000,100.069031,133.000000,24.513487,96.707581,24.299999,32.201000
2016-01-12,15.857370,20.750000,21.240000,20.510000,11629400.000000,100.069031,133.000000,24.717697,97.829185,22.469999,32.558998
2016-01-13,15.651031,20.480000,21.070000,20.450001,12858400.000000,100.445213,133.500000,23.930914,94.455116,25.219999,33.650002
2016-01-14,16.675083,21.820000,21.870001,20.700001,18687600.000000,98.940392,131.500000,24.423403,96.466576,23.950001,33.612999
2016-01-15,16.124849,21.100000,21.280001,20.559999,12066200.000000,103.078613,137.000000,23.321301,93.472549,27.020000,33.728001
2016-01-19,16.552803,21.660000,21.799999,21.230000,14807000.000000,103.830971,138.000000,23.360353,93.676498,26.049999,32.645000
2016-01-20,16.117205,21.090000,21.209999,20.740000,10815300.000000,101.197624,134.500000,23.513498,93.389130,27.590000,32.444000
2016-01-21,16.300617,21.330000,21.469999,20.850000,9105000.000000,101.573792,135.000000,23.861845,93.481842,26.690001,32.916000
2016-01-22,16.759150,21.930000,21.950001,21.620001,8369200.000000,104.207176,138.500000,24.297277,96.188499,22.340000,32.945999
2016-01-25,16.652155,21.790001,22.070000,21.700001,8463700.000000,104.959602,139.500000,23.960947,94.761024,24.150000,32.641998
2016-01-26,16.499313,21.590000,21.860001,21.500000,7709700.000000,103.454811,137.500000,24.183161,95.613777,22.500000,32.478001
2016-01-27,16.568092,21.680000,22.000000,21.610001,6432800.000000,104.959602,139.500000,23.906893,93.231552,23.110001,32.451000
2016-01-28,16.529882,21.629999,21.870001,21.480000,7169000.000000,105.335793,140.000000,23.852829,94.547829,22.420000,32.595001
2016-01-29,17.080116,22.350000,22.400000,21.870001,9010200.000000,107.593002,143.000000,24.933907,96.522217,20.200001,32.605999
2016-02-01,17.164179,22.459999,22.549999,22.150000,5389200.000000,108.345406,144.000000,25.045021,96.781746,19.980000,32.799000
2016-02-02,17.240601,22.559999,22.620001,22.280001,13487900.000000,107.216789,142.500000,24.219196,94.686852,21.980000,32.430000
2016-02-03,17.515709,22.920000,23.100000,22.590000,13083200.000000,109.850189,146.000000,24.276260,94.232666,21.650000,32.571999
2016-02-04,17.752621,23.230000,23.250000,22.920000,6473100.000000,109.850189,146.000000,24.696674,94.223396,21.840000,32.167000
2016-02-05,17.385803,22.750000,23.360001,22.660000,9325400.000000,109.850189,146.000000,23.849829,90.951324,23.379999,33.063000
2016-02-08,17.424002,22.799999,22.910000,22.260000,8355200.000000,109.850189,146.000000,23.249228,89.560883,26.000000,33.507000
2016-02-09,17.240601,22.559999,22.680000,22.070000,8426600.000000,109.850189,146.000000,23.117102,89.282784,26.540001,33.507000
2016-02-10,17.041904,22.299999,22.910000,22.280001,5761600.000000,109.850189,146.000000,22.936926,89.625755,26.290001,32.192001
2016-02-11,16.812641,22.000000,22.360001,21.790001,10394600.000000,109.850189,146.000000,22.759747,89.496002,28.139999,32.953999
2016-02-12,16.996048,22.240000,22.320000,21.920000,7326900.000000,109.850189,146.000000,23.258238,90.858604,25.400000,32.136002
2016-02-16,17.836679,23.340000,23.690001,22.590000,13843800.000000,110.978806,147.500000,24.075058,92.907150,24.110001,33.398998
2016-02-17,18.065945,23.639999,23.740000,23.270000,11956100.000000,111.355019,148.000000,24.648626,95.011269,22.309999,33.439999
2016-02-18,18.188215,23.799999,24.190001,23.760000,12780200.000000,113.612175,151.000000,24.531509,93.926796,21.639999,33.490002
2016-02-19,18.172934,23.780001,24.030001,23.510000,8950300.000000,113.612175,151.000000,24.639622,94.204842,20.530001,32.308998
2016-02-22,18.310488,23.959999,24.129999,23.850000,7250300.000000,113.612175,151.000000,25.027004,95.734306,19.379999,32.307999
2016-02-23,17.882534,23.400000,23.750000,23.260000,5802500.000000,112.483559,149.500000,24.633615,94.158508,20.980000,32.338001
2016-02-24,17.897816,23.420000,23.500000,22.830000,5267500.000000,111.355019,148.000000,24.960938,95.057632,20.719999,33.472000
2016-02-25,18.104155,23.690001,23.700001,23.379999,5076800.000000,113.235992,150.500000,25.264242,95.993851,19.110001,32.301998
2016-02-26,18.165289,23.770000,24.090000,23.420000,9920900.000000,112.107399,149.000000,25.426399,95.873344,19.809999,32.311001
2016-02-29,17.997168,23.549999,23.750000,23.459999,6614000.000000,112.107399,149.000000,25.366354,95.011269,20.549999,32.583000
2016-03-01,18.784307,24.580000,24.680000,23.990000,9858800.000000,114.364609,152.000000,26.051031,98.060928,17.700001,32.390999
2016-03-02,18.814875,24.620001,24.700001,24.379999,5841300.000000,115.116997,153.000000,26.213190,98.098015,17.090000,32.221001
2016-03-03,18.769020,24.559999,24.870001,24.450001,7957500.000000,115.869400,154.000000,26.243223,97.912613,16.700001,33.356998
2016-03-04,18.837799,24.650000,24.950001,24.440001,7264600.000000,114.740768,152.500000,26.513493,97.949692,16.860001,31.791000
2016-03-07,18.876009,24.700001,24.719999,24.059999,8971500.000000,114.364609,152.000000,26.633610,97.347160,17.350000,31.768000
2016-03-08,18.837799,24.650000,24.850000,24.320000,11734000.000000,114.364609,152.000000,26.030008,96.540718,18.670000,32.994999
2016-03-09,18.906570,24.740000,24.790001,24.520000,5807300.000000,115.116997,153.000000,26.213190,97.161789,18.340000,31.908001
2016-03-10,18.906570,24.740000,25.000000,24.510000,6483700.000000,116.245590,154.500000,26.345327,97.013489,18.049999,33.208000
2016-03-11,19.372746,25.350000,25.379999,24.990000,7560000.000000,116.621811,155.000000,26.846823,98.709763,16.500000,33.071999
2016-03-14,19.273397,25.219999,25.379999,25.110001,4109400.000000,117.374168,156.000000,26.783766,98.876640,16.920000,31.686001
2016-03-15,19.013569,24.879999,25.200001,24.730000,8839800.000000,116.245590,154.500000,26.714695,98.839531,16.840000,31.799000
2016-03-16,19.701359,25.780001,25.799999,24.719999,10874100.000000,117.374168,156.000000,26.954941,99.720131,14.990000,32.910000
2016-03-17,19.693718,25.770000,25.850000,25.620001,6264700.000000,119.255157,158.500000,27.141127,99.664505,14.440000,31.601000
2016-03-18,19.900051,26.040001,26.250000,25.799999,7208700.000000,120.007561,159.500000,27.498482,99.820702,14.020000,32.698002
2016-03-21,19.815987,25.930000,26.020000,25.750000,5494100.000000,120.383743,160.000000,27.534517,100.211159,13.790000,31.486000
2016-03-22,19.724287,25.809999,26.059999,25.660000,6247400.000000,119.255157,158.500000,27.528513,100.517998,14.170000,32.535999
2016-03-23,19.624937,25.680000,25.820000,25.540001,5465900.000000,120.007561,159.500000,27.168867,99.690544,14.940000,32.518002
2016-03-24,19.663147,25.730000,25.750000,25.440001,5549000.000000,119.255157,158.500000,27.150795,99.718468,14.740000,32.612999
2016-03-28,19.586729,25.629999,25.760000,25.540001,2197200.000000,119.631371,159.000000,27.135733,99.579010,15.240000,32.757000
2016-03-29,19.846556,25.969999,26.020000,25.440001,4550800.000000,119.631371,159.000000,27.509228,101.178078,13.820000,32.709000
2016-03-30,20.221018,26.459999,26.620001,26.320000,5999600.000000,121.512337,161.500000,27.750195,101.670807,13.560000,32.682999
2016-03-31,20.022331,26.200001,26.440001,26.180000,5369100.000000,121.888557,162.000000,27.596582,101.522041,13.950000,32.411999
2016-04-01,19.961191,26.120001,26.209999,25.770000,5091200.000000,119.255157,158.500000,27.786341,102.600487,13.100000,32.271000
2016-04-04,19.754852,25.850000,26.129999,25.809999,4302700.000000,119.255157,158.500000,27.539351,102.210030,14.120000,32.365002
2016-04-05,19.495020,25.510000,25.629999,25.240000,8612600.000000,119.255157,158.500000,27.385736,101.224525,15.420000,32.365002
2016-04-06,19.579077,25.620001,25.740000,25.020000,8333100.000000,115.493164,153.500000,27.647789,102.888702,14.090000,32.365002
2016-04-07,19.388035,25.370001,25.520000,25.250000,7774400.000000,116.245590,154.500000,27.226089,101.410477,16.160000,32.411999
2016-04-08,19.319248,25.280001,25.809999,25.209999,8214600.000000,118.502769,157.500000,27.352606,101.336113,15.360000,31.511000
2016-04-11,19.495020,25.510000,25.840000,25.500000,5406300.000000,119.255157,158.500000,27.346586,100.964218,16.260000,32.439999
2016-04-12,19.540873,25.570000,25.719999,25.309999,4766900.000000,119.255157,158.500000,27.307419,101.810265,14.850000,32.380001
2016-04-13,19.999399,26.170000,26.209999,25.780001,9082700.000000,121.512337,161.500000,27.918875,103.111824,13.840000,32.370998
2016-04-14,19.334534,25.299999,25.530001,25.090000,13870800.000000,121.512337,161.500000,27.705009,103.121132,13.720000,32.341999
2016-04-15,19.456806,25.459999,25.580000,25.370001,8019100.000000,120.007561,159.500000,27.467060,102.860794,13.620000,32.426998
2016-04-18,19.487377,25.500000,25.680000,25.320000,6507600.000000,118.878967,158.000000,27.470068,103.409317,13.350000,32.340000
2016-04-19,19.227551,25.160000,25.670000,25.150000,9378700.000000,118.502769,157.500000,27.135733,102.777130,13.240000,32.389999
2016-04-20,19.196981,25.120001,25.250000,24.740000,9391300.000000,115.869400,154.000000,27.394772,102.860794,13.280000,32.259998
2016-04-21,19.227551,25.160000,25.350000,25.000000,6044400.000000,118.126541,157.000000,27.232121,102.870094,13.950000,32.233002
2016-04-22,19.158770,25.070000,25.309999,24.950001,6447400.000000,117.750389,156.500000,27.280313,101.317535,13.220000,31.441999
2016-04-25,19.112915,25.010000,25.330000,24.950001,7772500.000000,118.502769,157.500000,27.117664,101.317535,14.080000,32.321999
2016-04-26,19.112915,25.010000,25.350000,24.980000,9920000.000000,118.878967,158.000000,27.479115,100.824783,13.960000,32.352001
2016-04-27,19.296326,25.250000,25.340000,24.820000,7302200.000000,117.750389,156.500000,27.759233,100.015938,13.770000,32.354000
2016-04-28,18.463339,24.160000,24.879999,24.070000,12170200.000000,115.116997,153.000000,27.033329,98.807350,15.220000,32.338001
2016-04-29,18.027735,23.590000,24.010000,23.420000,14955900.000000,112.859787,150.000000,26.319464,98.286728,15.700000,32.271999
2016-05-02,18.104155,23.690001,23.750000,23.459999,6112100.000000,112.859787,150.000000,26.518261,99.216393,14.680000,31.260000
2016-05-03,17.821400,23.320000,23.450001,23.160000,9323900.000000,110.978806,147.500000,26.217047,98.296036,15.600000,32.273998
2016-05-04,17.897816,23.420000,23.549999,23.230000,7789900.000000,110.602615,147.000000,25.918861,97.663864,16.049999,32.195999
2016-05-05,17.958956,23.500000,23.690001,23.400000,7238400.000000,110.978806,147.500000,25.982109,97.635925,15.910000,32.335999
2016-05-06,17.890177,23.410000,23.610001,23.340000,5373300.000000,111.355019,148.000000,26.018257,98.156586,14.720000,32.369999
2016-05-09,17.859610,23.370001,23.490000,23.200001,5189800.000000,110.978806,147.500000,25.985125,98.435471,14.570000,32.402000
2016-05-10,17.874891,23.389999,23.440001,23.240000,5374500.000000,110.602615,147.000000,26.292358,99.783524,13.630000,32.408001
2016-05-11,17.744984,23.219999,23.450001,23.129999,6185400.000000,110.602615,147.000000,26.229099,98.881744,14.690000,32.526001
2016-05-12,17.569208,22.990000,23.290001,22.750000,7674600.000000,109.850189,146.000000,25.759220,98.444786,14.410000,32.519001
2016-05-13,17.439287,22.820000,23.000000,22.770000,4837700.000000,108.345406,144.000000,25.852592,98.082199,15.040000,32.530998
2016-05-16,17.660912,23.110001,23.240000,22.910000,4654300.000000,108.721573,144.500000,26.268261,99.309364,14.680000,32.616001
2016-05-17,17.538643,22.950001,23.309999,22.910000,4017400.000000,110.602615,147.000000,26.096567,98.063606,15.570000,32.695000
2016-05-18,17.974237,23.520000,23.639999,22.900000,10028100.000000,110.602615,147.000000,26.503199,98.416878,15.950000,32.608002
2016-05-19,17.767899,23.250000,23.320000,23.049999,3868700.000000,110.602615,147.000000,26.355600,97.905556,16.330000,32.695000
2016-05-20,18.272282,23.910000,24.020000,23.430000,8380600.000000,111.731186,148.500000,27.153805,98.984024,15.200000,32.790001
2016-05-23,18.547401,24.270000,24.760000,24.209999,6840000.000000,115.869400,154.000000,27.343563,98.853844,15.820000,32.734001
2016-05-24,18.700239,24.469999,24.570000,24.260000,7573600.000000,113.612175,151.000000,28.003210,100.834084,14.420000,32.650002
2016-05-25,18.814875,24.620001,24.719999,24.520000,5151600.000000,116.245590,154.500000,28.168871,101.559235,13.900000,32.691002
2016-05-26,18.944792,24.790001,24.920000,24.590000,8204700.000000,116.621811,155.000000,28.262251,101.856743,13.430000,32.634998
2016-05-27,18.952431,24.799999,25.010000,24.780001,5381300.000000,117.750389,156.500000,28.439960,102.386635,13.120000,32.567001
2016-05-31,18.891294,24.719999,24.850000,24.530001,7999900.000000,117.750389,156.500000,28.605625,102.581886,14.190000,32.650002
2016-06-01,19.296326,25.250000,25.260000,24.719999,6126800.000000,119.631371,159.000000,28.756231,102.591202,14.200000,32.619999
2016-06-02,19.242828,25.180000,25.250000,25.070000,4188200.000000,119.631371,159.000000,28.762255,102.805023,13.630000,32.608002
2016-06-03,19.510309,25.530001,25.600000,25.309999,5041800.000000,120.759964,160.500000,28.846582,102.321587,13.470000,32.602001
2016-06-06,19.464451,25.469999,25.670000,25.430000,7579500.000000,121.136169,161.000000,28.780317,102.693451,13.650000,32.243000
2016-06-07,19.915335,26.059999,26.120001,25.700001,6624300.000000,121.888557,162.000000,29.054424,102.433167,14.050000,32.389999
2016-06-08,20.121674,26.330000,26.580000,26.290001,6173600.000000,124.521965,165.500000,29.042376,102.609802,14.080000,32.330002
2016-06-09,20.045252,26.230000,26.250000,25.910000,5760100.000000,124.521965,165.500000,29.075504,102.442444,14.640000,32.220001
2016-06-10,19.762493,25.860001,25.969999,25.540001,6699400.000000,124.521965,165.500000,28.599594,101.280327,17.030001,32.220001
2016-06-13,19.586729,25.629999,25.820000,25.500000,7414600.000000,121.888557,162.000000,28.452013,100.434319,20.969999,32.220001
2016-06-14,19.540873,25.570000,25.709999,25.389999,7191500.000000,121.888557,162.000000,28.442974,100.434319,20.500000,32.416000
2016-06-15,19.747211,25.840000,26.030001,25.660000,6926800.000000,122.640968,163.000000,28.439960,100.146126,20.139999,32.415001
2016-06-16,19.762493,25.860001,25.910000,25.379999,4637700.000000,120.759964,160.500000,28.436949,100.443611,19.370001,32.430000
2016-06-17,19.754852,25.850000,25.930000,25.600000,5813100.000000,122.640968,163.000000,28.195980,99.266281,19.410000,32.381001
2016-06-20,20.152239,26.370001,26.639999,26.280001,10019300.000000,122.640968,163.000000,28.509241,99.890869,18.370001,31.268000
2016-06-21,20.320368,26.590000,26.650000,26.340000,6095200.000000,124.521965,165.500000,28.599585,100.207756,18.480000,32.251999
2016-06-22,20.282160,26.540001,26.920000,26.520000,8010400.000000,124.898178,166.000000,28.572395,99.965385,21.170000,32.250000
2016-06-23,20.488489,26.809999,26.809999,26.520000,6708600.000000,123.393364,164.000000,29.285486,101.391617,17.250000,32.216999
2016-06-24,19.624937,25.680000,26.200001,25.510000,9529800.000000,119.631371,159.000000,27.696119,97.215492,25.760000,32.176998
2016-06-27,19.743080,24.900000,24.959999,24.360001,10314300.000000,121.586143,155.500000,26.572081,95.285912,23.850000,32.450001
2016-06-28,20.028522,25.260000,25.370001,25.090000,14428100.000000,122.759010,157.000000,27.267046,97.373978,18.750000,32.509998
2016-06-29,20.456684,25.799999,25.969999,25.670000,8758600.000000,124.322762,159.000000,27.816992,99.098495,16.639999,32.410999
2016-06-30,20.797628,26.230000,26.420000,25.830000,9765900.000000,127.059448,162.500000,28.294394,100.245071,15.630000,32.333000
2016-07-01,21.035496,26.530001,26.650000,26.490000,5939300.000000,129.796143,166.000000,28.061733,100.748421,14.770000,32.276001
2016-07-05,20.821411,26.260000,26.299999,26.120001,5678400.000000,128.232285,164.000000,27.548063,100.133171,15.580000,32.195999
2016-07-06,20.734192,26.150000,26.200001,25.750000,6062900.000000,126.277542,161.500000,27.584320,100.953506,14.960000,32.257999
2016-07-07,20.861057,26.309999,26.530001,26.240000,5327900.000000,128.623230,164.500000,27.919718,101.251785,14.760000,32.383999
2016-07-08,21.194073,26.730000,26.799999,26.410000,5780600.000000,128.623230,164.500000,28.696280,102.817818,13.200000,32.290001
2016-07-11,21.566732,27.200001,27.370001,27.129999,6051600.000000,132.923737,170.000000,29.019587,103.405113,13.540000,31.422001
2016-07-12,21.384365,26.969999,27.290001,26.840000,8538700.000000,133.705658,171.000000,29.397291,103.927124,13.550000,32.207001
2016-07-13,21.320936,26.889999,27.010000,26.760000,10553300.000000,131.750900,168.500000,29.433552,103.675430,13.040000,32.201000
2016-07-14,21.495373,27.110001,27.230000,26.639999,12145100.000000,132.141846,169.000000,29.648085,104.383888,12.820000,32.180000
2016-07-15,21.416088,27.010000,27.260000,26.969999,5996500.000000,132.532822,169.500000,29.639017,104.216072,12.670000,32.056000
2016-07-18,21.915609,27.639999,27.650000,27.150000,7767300.000000,132.532822,169.500000,30.074133,104.905876,12.440000,31.319000
2016-07-19,21.622238,27.270000,27.520000,27.190001,4997300.000000,133.314774,170.500000,29.971390,104.523697,11.970000,31.992001
2016-07-20,21.844252,27.549999,27.590000,27.280001,5805100.000000,132.923737,170.000000,30.445791,105.744827,11.770000,31.980000
2016-07-21,21.788746,27.480000,27.820000,27.420000,6369300.000000,134.487549,172.000000,30.231251,105.502457,12.740000,32.040001
2016-07-22,21.994894,27.740000,27.790001,27.480000,5116800.000000,133.705658,171.000000,30.382347,105.940567,12.020000,32.049999
2016-07-25,22.090046,27.860001,27.920000,27.490000,7799700.000000,134.096619,171.500000,30.557581,105.949913,12.870000,32.056999
2016-07-26,22.462709,28.330000,28.410000,27.959999,10178800.000000,135.269470,173.000000,31.742062,106.071091,13.050000,32.137001
2016-07-27,22.280340,28.100000,28.490000,27.940001,7057700.000000,136.833267,175.000000,31.739042,106.807487,12.830000,32.097000
2016-07-28,22.312056,28.139999,28.389999,28.000000,4746300.000000,138.006119,176.500000,31.563787,107.180359,12.720000,32.063000
2016-07-29,22.026609,27.780001,28.100000,27.660000,7366600.000000,134.878525,172.500000,31.424797,107.413406,11.870000,31.941000
2016-08-01,22.692648,28.620001,28.750000,28.350000,7328200.000000,138.397095,177.000000,31.448969,107.982018,12.440000,30.841000
2016-08-02,22.327915,28.160000,28.490000,28.059999,6088500.000000,137.615128,176.000000,30.965517,107.161720,13.370000,31.620001
2016-08-03,22.327915,28.160000,28.240000,27.910000,3872000.000000,134.878525,172.500000,31.004795,107.515953,12.860000,31.676001
2016-08-04,22.518209,28.400000,28.430000,28.120001,3165000.000000,136.442322,174.500000,31.294867,107.823563,12.420000,31.738001
2016-08-05,22.827435,28.790001,28.850000,28.629999,5573000.000000,138.397095,177.000000,31.693716,108.858269,11.390000,31.688000
2016-08-08,23.065304,29.090000,29.139999,28.709999,8731700.000000,139.178940,178.000000,31.657465,108.737076,11.500000,31.549999
2016-08-09,23.311106,29.400000,29.430000,29.139999,6660600.000000,139.569916,178.500000,31.914299,108.988777,11.660000,31.504999
2016-08-10,23.168379,29.219999,29.450001,29.180000,8229100.000000,140.351898,179.500000,31.696747,108.709129,12.050000,31.443001
2016-08-11,23.104946,29.139999,29.370001,28.799999,9134000.000000,138.006119,176.500000,31.817598,109.175194,11.680000,31.205999
2016-08-12,23.184240,29.240000,29.270000,29.059999,3481800.000000,138.788040,177.500000,31.965654,109.249763,11.550000,31.318001
2016-08-15,23.303173,29.389999,29.450001,29.309999,3187000.000000,139.960892,179.000000,32.400780,109.715828,11.810000,31.386999
2016-08-16,23.057379,29.080000,29.200001,28.980000,5914400.000000,137.224243,175.500000,32.174149,109.109924,12.640000,31.351999
2016-08-17,22.978086,28.980000,29.000000,28.740000,6996800.000000,138.397095,177.000000,32.168114,109.305710,12.190000,31.240999
2016-08-18,23.120811,29.160000,29.200001,28.840000,4254200.000000,137.615128,176.000000,32.400780,109.333664,11.430000,31.396000
2016-08-19,22.708506,28.639999,28.690001,28.510000,6241800.000000,136.442322,174.500000,32.678768,109.305710,11.340000,31.412001
2016-08-22,22.518209,28.400000,28.480000,28.219999,6415400.000000,134.878525,172.500000,32.693863,109.389580,12.270000,31.601999
2016-08-23,22.597492,28.500000,28.690001,28.459999,5501800.000000,136.833267,175.000000,32.854023,109.585358,12.380000,31.791000
2016-08-24,22.510279,28.389999,28.600000,28.340000,5391500.000000,135.660400,173.500000,32.582069,108.876892,13.450000,31.806000
2016-08-25,22.676790,28.600000,28.840000,28.520000,6388200.000000,138.006119,176.500000,32.715019,108.699806,13.630000,31.750000
2016-08-26,22.708506,28.639999,28.900000,28.430000,5267500.000000,138.397095,177.000000,32.860062,108.858269,13.650000,31.659000
2016-08-29,22.756083,28.700001,28.770000,28.559999,3143900.000000,137.615128,176.000000,32.989990,109.007378,12.940000,31.745001
2016-08-30,22.692648,28.620001,28.690001,28.530001,5001800.000000,136.051331,174.000000,32.926533,108.653168,13.120000,31.686001
2016-08-31,22.787794,28.740000,28.980000,28.670000,4674700.000000,138.006119,176.500000,32.905384,108.541336,13.420000,31.715000
2016-09-01,22.962231,28.959999,29.030001,28.629999,6066600.000000,136.051331,174.000000,33.165241,108.820984,13.480000,31.714001
2016-09-02,23.104946,29.139999,29.209999,29.030001,6050200.000000,136.051331,174.000000,33.132004,109.175194,11.980000,31.718000
2016-09-06,23.382467,29.490000,29.719999,29.299999,6433000.000000,139.178940,178.000000,33.056465,109.855675,12.020000,31.481001
2016-09-07,23.644119,29.820000,30.549999,29.780001,14429800.000000,144.652328,185.000000,32.805660,109.920929,11.940000,31.120001
2016-09-08,23.620331,29.790001,29.920000,29.639999,6361600.000000,143.088501,183.000000,32.748260,109.277748,12.510000,31.221001
2016-09-09,22.668859,28.590000,29.330000,28.549999,8325600.000000,141.133728,180.500000,31.584948,106.527809,17.500000,31.289000
2016-09-12,22.986017,28.990000,29.040001,28.200001,5844500.000000,137.224243,175.500000,32.174149,108.438805,15.160000,31.628000
2016-09-13,22.589567,28.490000,28.780001,28.309999,6857800.000000,137.224243,175.500000,31.890131,107.469345,17.850000,31.665001
2016-09-14,22.692648,28.620001,28.760000,28.360001,5088700.000000,136.051331,174.000000,32.171135,107.982018,18.139999,31.771000
2016-09-15,23.136667,29.180000,29.270000,28.610001,6305100.000000,136.051331,174.000000,32.914452,109.659920,16.299999,31.677999
2016-09-16,22.922585,28.910000,29.219999,28.770000,7329300.000000,136.051331,174.000000,32.923515,109.607590,15.370000,31.679001
2016-09-19,23.731339,29.930000,30.120001,29.870001,7696400.000000,143.088501,183.000000,32.962795,109.131004,15.530000,31.683001
2016-09-20,23.707550,29.900000,30.240000,29.889999,5763300.000000,143.479431,183.500000,32.814728,109.336609,15.920000,31.400999
2016-09-21,24.183289,30.500000,30.559999,30.049999,8097200.000000,143.870438,184.000000,33.267975,110.411240,13.300000,31.334999
2016-09-22,24.310148,30.660000,30.950001,30.510000,5329000.000000,144.652328,185.000000,33.376762,111.289680,12.020000,31.146999
2016-09-23,23.881990,30.120001,30.670000,30.020000,7959800.000000,146.216141,187.000000,33.035320,110.579483,12.290000,31.372000
2016-09-26,23.659977,29.840000,30.070000,29.709999,4363300.000000,143.479431,183.500000,32.709732,109.654320,14.500000,31.327999
2016-09-27,24.103996,30.400000,30.430000,29.650000,5707200.000000,143.479431,183.500000,33.274120,110.738335,13.100000,31.426001
2016-09-28,24.048491,30.330000,30.500000,30.129999,4125100.000000,143.479431,183.500000,33.340870,110.925240,12.390000,31.391001
2016-09-29,24.103996,30.400000,30.650000,30.170000,5985800.000000,146.216141,187.000000,33.750500,110.121559,14.020000,31.367001
2016-09-30,24.254646,30.590000,30.680000,30.230000,5725700.000000,143.870438,184.000000,34.284538,110.943932,13.290000,31.378000
2016-10-03,24.357723,30.719999,30.809999,30.570000,4198500.000000,145.434204,186.000000,34.053947,110.785057,13.570000,31.306999
2016-10-04,24.096071,30.389999,30.920000,30.360001,5104800.000000,146.216141,187.000000,33.965942,110.616859,13.630000,31.312000
2016-10-05,24.207075,30.530001,30.709999,30.500000,6205000.000000,145.434204,186.000000,34.214745,111.009346,12.990000,31.483000
2016-10-06,24.397375,30.770000,30.809999,30.379999,4099900.000000,146.607040,187.500000,34.415005,110.953293,12.840000,31.405001
2016-10-07,24.722456,31.180000,31.209999,30.650000,5753400.000000,146.998062,188.000000,34.363441,110.710304,13.480000,31.386000
2016-10-10,24.801746,31.280001,31.480000,31.160000,7810500.000000,146.998062,188.000000,34.190483,111.411179,13.380000,31.455000
2016-10-11,24.365652,30.730000,30.990000,30.510000,10157600.000000,146.607040,187.500000,33.474373,109.822495,15.360000,31.471001
2016-10-12,24.857246,31.350000,31.410000,30.700001,9587000.000000,148.170883,189.500000,33.362103,109.729080,15.910000,31.594999
2016-10-13,24.207075,30.530001,30.930000,29.520000,17323000.000000,147.388977,188.500000,32.967659,109.336609,16.690001,31.608000
2016-10-14,24.310148,30.660000,31.270000,30.570000,9822900.000000,146.998062,188.000000,33.216469,109.467392,16.120001,31.740000
2016-10-17,24.238794,30.570000,30.760000,30.379999,7598400.000000,145.825150,186.500000,33.043507,109.168396,16.209999,31.702000
2016-10-18,24.468733,30.860001,30.980000,30.690001,5487500.000000,146.216141,187.000000,33.425842,110.140259,15.280000,31.771999
2016-10-19,24.563877,30.980000,31.040001,30.660000,6733000.000000,148.170883,189.500000,33.286263,110.130913,14.410000,31.662001
2016-10-20,24.627310,31.059999,31.150000,30.799999,7329800.000000,148.952789,190.500000,33.519890,110.000084,13.750000,31.472000
2016-10-21,24.643167,31.080000,31.139999,30.760000,3817100.000000,147.388977,188.500000,33.434929,110.411240,13.340000,31.521000
2016-10-24,24.904823,31.410000,31.410000,31.080000,3768900.000000,149.343704,191.000000,34.047855,111.738266,13.020000,31.742001
2016-10-25,25.015823,31.549999,31.620001,31.379999,3214700.000000,150.907593,193.000000,34.017513,111.383148,13.460000,31.673000
2016-10-26,24.746241,31.209999,31.430000,31.070000,4121500.000000,149.734634,191.500000,33.968975,110.626190,14.240000,31.545000
2016-10-27,24.397375,30.770000,31.260000,30.750000,6243200.000000,147.388977,188.500000,33.811180,110.121559,15.360000,31.558001
2016-10-28,24.397375,30.770000,31.100000,30.760000,5210800.000000,148.170883,189.500000,33.607880,109.430023,16.190001,31.671000
2016-10-31,24.659023,31.100000,31.129999,30.840000,3212300.000000,147.388977,188.500000,33.789944,109.327248,17.059999,31.610001
2016-11-01,24.349791,30.709999,31.200001,30.480000,5815800.000000,148.170883,189.500000,33.489555,108.504875,18.559999,31.551001
2016-11-02,24.096071,30.389999,30.730000,30.240000,5274700.000000,145.434204,186.000000,33.268032,107.635788,19.320000,31.556000
2016-11-03,24.008854,30.280001,30.500000,30.180000,4890800.000000,144.261353,184.500000,33.210377,106.579826,22.080000,31.542999
2016-11-04,23.977135,30.240000,30.450001,30.020000,4431900.000000,144.261353,184.500000,33.001026,106.205994,22.510000,31.461000
2016-11-07,24.857246,31.350000,31.379999,30.680000,3981800.000000,147.779922,189.000000,33.929520,108.729156,18.709999,31.452000
2016-11-08,24.849318,31.340000,31.500000,31.010000,4077100.000000,147.388977,188.500000,33.999329,109.439377,18.740000,31.511000
2016-11-09,24.254646,30.590000,30.990000,30.309999,8996700.000000,142.306610,182.000000,33.838490,109.944023,14.380000,31.473000
2016-11-10,23.342819,29.440001,30.549999,29.370001,10104300.000000,145.043259,185.500000,33.107227,108.168457,14.740000,31.441000
2016-11-11,23.731339,29.930000,30.080000,28.760000,7506800.000000,141.915680,181.500000,34.375557,108.215202,14.170000,31.686001
2016-11-14,22.875013,28.850000,29.600000,28.809999,8551400.000000,141.133728,180.500000,34.196526,107.121826,14.480000,31.997999
2016-11-15,23.152531,29.200001,29.440001,28.770000,11135600.000000,140.742798,180.000000,34.836769,108.607651,13.370000,31.936001
2016-11-16,23.675838,29.860001,29.900000,29.090000,8802600.000000,140.742798,180.000000,35.237312,109.252464,13.720000,31.848000
2016-11-17,23.366604,29.469999,30.020000,29.350000,7065100.000000,141.915680,181.500000,35.616592,110.046814,13.350000,31.827999
2016-11-18,23.366604,29.469999,29.570000,29.190001,5136600.000000,141.524689,181.000000,35.874508,109.635612,12.850000,31.844999
2016-11-21,23.509329,29.650000,29.740000,29.459999,4477100.000000,141.524689,181.000000,36.114223,110.775719,12.420000,32.013000
2016-11-22,23.715481,29.910000,30.150000,29.770000,8937500.000000,143.870438,184.000000,36.499580,111.112122,12.410000,31.992001
2016-11-23,23.699621,29.889999,30.129999,29.740000,4017500.000000,145.043259,185.500000,36.545109,110.663589,12.430000,31.929001
2016-11-25,23.517254,29.660000,29.809999,29.610001,2101800.000000,142.306610,182.000000,36.608799,111.018692,12.340000,31.920000
2016-11-28,23.517254,29.660000,29.940001,29.540001,5435000.000000,143.870438,184.000000,36.499580,110.766388,13.150000,31.827999
2016-11-29,23.430035,29.549999,29.750000,29.139999,9254600.000000,142.306610,182.000000,36.432819,111.149506,12.900000,31.764000
2016-11-30,23.541042,29.690001,29.820000,29.400000,6403400.000000,143.088501,183.000000,36.223457,109.803833,13.330000,31.813000
2016-12-01,22.637146,28.549999,29.520000,28.340000,12499600.000000,143.088501,183.000000,34.454456,107.906799,14.070000,31.871000
2016-12-02,22.882942,28.860001,28.870001,28.389999,5195800.000000,139.178940,178.000000,34.879250,108.121742,14.120000,31.882000
2016-12-05,23.009800,29.020000,29.290001,28.870001,3953100.000000,139.960892,179.000000,35.304054,108.962769,12.140000,31.902000
2016-12-06,23.398321,29.510000,29.610001,29.200001,4336200.000000,142.306610,182.000000,35.792568,109.224442,11.790000,31.972000
2016-12-07,23.731339,29.930000,29.940001,29.250000,3911600.000000,141.915680,181.500000,36.529919,110.607513,12.220000,31.938000
2016-12-08,23.818562,30.040001,30.270000,29.860001,4094600.000000,145.043259,185.500000,36.848515,110.803757,12.640000,31.893000
2016-12-09,23.881990,30.120001,30.629999,29.959999,4387400.000000,145.434204,186.000000,36.724117,111.672829,11.750000,31.747000
2016-12-12,23.707550,29.900000,29.969999,29.629999,3428000.000000,144.652328,185.000000,36.435856,111.168213,12.640000,31.816000
2016-12-13,24.072287,30.360001,30.639999,30.030001,5857700.000000,145.434204,186.000000,36.860657,112.569954,12.720000,31.851999
2016-12-14,23.683764,29.870001,30.389999,29.850000,6108400.000000,146.607040,187.500000,36.827271,112.336319,13.190000,31.778999
2016-12-15,23.913704,30.160000,30.290001,30.030001,5073300.000000,146.216141,187.000000,37.455379,112.513901,12.790000,31.794001
2016-12-16,23.374540,29.480000,30.080000,29.389999,6662100.000000,144.652328,185.000000,37.076084,112.096802,12.200000,31.914000
2016-12-19,23.208033,29.270000,29.540001,29.170000,6157000.000000,142.697556,182.500000,37.443230,112.556061,11.710000,32.029999
2016-12-20,23.239742,29.309999,29.559999,29.139999,5570800.000000,142.697556,182.500000,37.801304,112.987190,11.450000,31.964001
2016-12-21,23.104946,29.139999,29.280001,28.910000,6267500.000000,140.742798,180.000000,37.801300,112.902847,11.270000,31.987000
2016-12-22,22.787794,28.740000,29.000000,28.500000,7455900.000000,139.960892,179.000000,37.983780,112.584183,11.430000,32.000999
2016-12-23,23.033587,29.049999,29.129999,28.690001,4853500.000000,139.569916,178.500000,38.178421,112.659180,11.440000,32.011002
2016-12-27,23.073240,29.100000,29.230000,29.000000,3083000.000000,140.742798,180.000000,38.649841,113.240242,11.990000,32.216000
2016-12-28,23.089092,29.120001,29.320000,29.040001,3663300.000000,142.306610,182.000000,37.916859,112.359245,12.950000,32.271999
2016-12-29,23.097021,29.129999,29.160000,28.809999,5323900.000000,140.742798,180.000000,37.910770,112.199890,13.370000,32.296001
2016-12-30,22.795719,28.750000,29.230000,28.620001,4862800.000000,141.915680,181.500000,37.323776,111.047073,14.040000,32.270000
2017-01-03,23.239742,29.309999,29.510000,29.059999,6280300.000000,143.088501,183.000000,37.323776,112.040558,12.850000,32.264000
2017-01-04,23.231813,29.299999,29.459999,29.200001,4391800.000000,143.088501,183.000000,37.427197,112.649780,11.850000,32.227001
2017-01-05,23.628265,29.799999,29.910000,29.520000,4775700.000000,143.479431,183.500000,37.107853,113.287140,11.670000,32.229000
2017-01-06,23.493465,29.629999,29.850000,29.459999,4878700.000000,143.870438,184.000000,37.402863,114.280632,11.320000,31.943001
2017-01-09,23.818562,30.040001,30.139999,29.719999,8371700.000000,143.870438,184.000000,37.798248,114.655533,11.560000,32.041000
2017-01-10,23.842340,30.070000,30.299999,29.900000,7582000.000000,143.870438,184.000000,37.980736,114.908592,11.490000,32.002998
2017-01-11,23.921633,30.170000,30.200001,29.719999,7467300.000000,142.306610,182.000000,38.111504,115.217903,11.260000,31.929001
2017-01-12,23.223885,29.290001,29.860001,28.980000,13032200.000000,144.261353,184.500000,37.792160,115.039818,11.540000,31.914000
2017-01-13,23.342819,29.440001,29.650000,29.219999,9811100.000000,141.915680,181.500000,38.038502,115.433495,11.230000,31.705999
2017-01-17,23.485542,29.620001,29.650000,29.459999,7679800.000000,141.524689,181.000000,37.427197,115.086678,11.870000,31.681000
2017-01-18,23.382467,29.490000,29.680000,29.440001,7692800.000000,141.524689,181.000000,37.938152,115.320992,12.480000,31.351000
2017-01-19,23.493465,29.629999,29.690001,29.389999,8493200.000000,141.133728,180.500000,37.767818,115.264763,12.780000,31.579000
2017-01-20,23.842340,30.070000,30.260000,29.570000,7399400.000000,141.524689,181.000000,38.254456,115.517799,11.540000,31.613001
2017-01-23,24.048491,30.330000,30.490000,30.209999,6959800.000000,144.652328,185.000000,38.020271,115.611565,11.770000,31.523001
2017-01-24,24.437012,30.820000,30.900000,30.510000,7213600.000000,145.043259,185.500000,38.756268,116.389503,11.070000,31.412001
2017-01-25,24.825533,31.309999,31.330000,30.940001,8025800.000000,145.043259,185.500000,39.331112,117.561058,10.810000,31.372999
2017-01-26,24.666954,31.110001,31.450001,31.010000,8308700.000000,145.043259,185.500000,39.109077,117.682884,10.630000,31.320000
2017-01-27,24.777958,31.250000,31.350000,31.000000,5982200.000000,145.043259,185.500000,39.595699,117.907860,10.580000,31.333000
2017-01-30,24.730385,31.190001,31.200001,30.940001,7253100.000000,145.043259,185.500000,39.398006,116.989319,11.880000,31.520000
2017-01-31,24.508377,30.910000,31.160000,30.730000,6263100.000000,145.043259,185.500000,38.887062,116.755028,11.990000,31.377001
2017-02-01,24.643167,31.080000,31.309999,30.840000,5036900.000000,145.043259,185.500000,39.504459,117.561058,11.810000,31.337999
2017-02-02,24.405296,30.780001,30.889999,30.620001,5794800.000000,144.261353,184.500000,39.486202,117.457970,11.930000,31.281000
2017-02-03,24.555943,30.969999,31.080000,30.799999,5249100.000000,144.261353,184.500000,39.689983,117.795357,10.970000,31.080000
2017-02-06,24.476662,30.870001,30.950001,30.700001,3523700.000000,144.261353,184.500000,39.829876,117.935959,11.370000,30.851999
2017-02-07,24.199146,30.520000,30.969999,30.500000,6209500.000000,144.261353,184.500000,39.975880,118.367126,11.290000,30.922001
2017-02-08,24.048491,30.330000,30.700001,30.290001,7776600.000000,143.479431,183.500000,40.051910,118.563942,11.450000,31.030001
2017-02-09,23.953354,30.209999,30.500000,30.170000,8547000.000000,143.870438,184.000000,39.702148,118.995094,10.880000,31.111000
2017-02-10,24.349791,30.709999,30.809999,30.350000,6749400.000000,145.043259,185.500000,39.677814,119.388718,10.850000,31.040001
2017-02-13,25.126837,31.690001,31.799999,30.940001,10203800.000000,146.607040,187.500000,39.759930,120.063553,11.070000,30.952000
2017-02-14,24.841394,31.330000,31.469999,31.110001,5208600.000000,146.607040,187.500000,39.650436,120.466591,10.740000,31.010000
2017-02-15,25.174404,31.750000,31.799999,31.500000,4577200.000000,147.779922,189.000000,39.957619,121.178909,11.970000,30.754999
2017-02-16,25.626352,32.320000,32.490002,31.629999,13197100.000000,147.779922,189.000000,40.021484,121.141396,11.760000,30.747999
2017-02-17,25.642218,32.340000,32.380001,32.020000,7518200.000000,148.170883,189.500000,40.228306,121.666252,11.490000,30.780001
2017-02-21,25.634285,32.330002,32.470001,32.169998,5475400.000000,148.561829,190.000000,40.797047,122.266129,11.570000,30.783001
2017-02-22,25.428131,32.070000,32.200001,31.910000,5296200.000000,147.388977,188.500000,40.806171,122.312996,11.740000,30.788000
2017-02-23,25.174404,31.750000,32.150002,31.730000,5291200.000000,147.388977,188.500000,40.143158,121.853699,11.710000,30.768000
2017-02-24,25.309200,31.920000,31.920000,31.469999,3687100.000000,147.779922,189.000000,40.115780,122.088043,11.470000,30.719999
2017-02-27,24.999969,31.530001,31.820000,31.480000,5841900.000000,147.779922,189.000000,40.498985,122.237961,12.090000,30.653999
2017-02-28,24.952389,31.469999,31.680000,31.400000,6040800.000000,147.779922,189.000000,39.981941,121.863121,12.920000,30.652000
2017-03-01,25.039612,31.580000,31.600000,31.260000,4910300.000000,145.434204,186.000000,40.605438,123.194031,12.540000,30.639999
2017-03-02,24.476662,30.870001,31.240000,30.790001,8561100.000000,145.434204,186.000000,40.188766,122.575401,11.810000,30.757000
2017-03-03,24.460800,30.850000,30.920000,30.540001,6120700.000000,143.870438,184.000000,40.167465,122.800354,10.960000,30.785000
2017-03-06,24.460800,30.850000,30.940001,30.709999,5467400.000000,143.479431,183.500000,40.188766,122.528519,11.240000,30.906000
2017-03-07,24.825533,31.309999,31.400000,30.959999,7014000.000000,145.043259,185.500000,40.276974,122.322319,11.450000,30.968000
2017-03-08,24.754173,31.219999,31.520000,31.200001,4528500.000000,146.216141,187.000000,40.371254,122.537933,11.860000,30.841000
2017-03-09,24.563877,30.980000,31.059999,30.719999,6120700.000000,144.261353,184.500000,40.450314,122.631691,12.300000,30.870001
2017-03-10,24.627310,31.059999,31.080000,30.820000,5655300.000000,143.479431,183.500000,40.912609,123.147148,11.660000,31.016001
2017-03-13,24.976185,31.500000,31.570000,31.240000,3965700.000000,145.825150,186.500000,41.219791,123.353333,11.350000,31.028000
2017-03-14,24.746241,31.209999,31.469999,31.200001,5967200.000000,145.434204,186.000000,41.098122,123.053406,12.300000,30.924000
2017-03-15,25.301268,31.910000,32.029999,31.340000,4571400.000000,145.825150,186.500000,41.423576,123.812607,11.630000,30.948000
2017-03-16,25.697716,32.410000,32.470001,32.200001,6489000.000000,148.561829,190.000000,41.380993,123.728256,11.210000,30.504999
2017-03-17,25.840441,32.590000,32.759998,32.439999,6199800.000000,149.734634,191.500000,41.466137,123.685036,11.280000,30.653999
2017-03-20,26.046591,32.849998,33.110001,32.709999,5126700.000000,149.734634,191.500000,41.773304,123.797791,11.340000,30.518000
2017-03-21,25.753216,32.480000,33.529999,32.439999,9159900.000000,152.471375,195.000000,40.793999,121.919312,12.470000,30.507000
2017-03-22,25.919725,32.689999,32.849998,32.480000,6713500.000000,151.298447,193.500000,41.225880,122.745842,12.810000,30.436001
2017-03-23,25.816650,32.560001,32.660000,32.369999,5909900.000000,151.298447,193.500000,41.134632,122.435913,13.120000,30.490999
2017-03-24,26.014877,32.810001,33.099998,32.610001,5899900.000000,150.516602,192.500000,41.434383,122.689499,12.960000,30.461000
2017-03-27,26.300318,33.169998,33.259998,32.779999,5661500.000000,150.907593,193.000000,41.495377,122.886749,12.500000,30.325001
2017-03-28,26.443037,33.349998,33.430000,33.130001,4527000.000000,152.080383,194.500000,41.626495,123.638092,11.530000,30.230000
2017-03-29,26.110025,32.930000,32.970001,32.770000,4083900.000000,149.734634,191.500000,41.525867,124.210991,11.420000,30.163000
2017-03-30,26.221025,33.070000,33.150002,32.779999,3890600.000000,149.734634,191.500000,41.739323,124.417656,11.540000,30.263000
2017-03-31,26.038654,32.840000,32.939999,32.570000,4853500.000000,147.779922,189.000000,41.742374,124.333122,12.370000,30.298000
2017-04-03,26.078306,32.889999,33.000000,32.709999,4283100.000000,147.779922,189.000000,41.477074,124.257957,12.380000,30.318001
2017-04-04,26.054520,32.860001,32.950001,32.770000,3756600.000000,147.779922,189.000000,41.269726,124.455154,11.790000,30.370001
2017-04-05,26.086239,32.900002,33.330002,32.869999,5112900.000000,150.907593,193.000000,40.983086,123.948029,12.890000,30.462999
2017-04-06,26.054520,32.860001,32.939999,32.730000,3990800.000000,149.734634,191.500000,41.047115,124.013725,12.390000,30.375000
2017-04-07,26.062449,32.869999,33.040001,32.770000,3366300.000000,149.343704,191.000000,41.223984,123.948029,12.870000,30.551001
2017-04-10,25.784939,32.520000,32.869999,32.419998,4937100.000000,148.561829,190.000000,40.906849,123.994995,14.050000,30.596001
2017-04-11,25.689789,32.400002,32.689999,31.980000,6293800.000000,149.343704,191.000000,40.577530,123.459648,15.070000,30.629000
2017-04-12,25.594645,32.279999,32.639999,32.020000,6136500.000000,149.343704,191.000000,39.879219,122.961868,15.770000,30.627001
2017-04-13,25.237837,31.830000,32.450001,31.820000,8781700.000000,149.734634,191.500000,39.613930,122.473480,15.960000,30.371000
2017-04-17,25.396416,32.029999,32.070000,31.770000,6918900.000000,146.607040,187.500000,40.107925,123.487831,14.660000,30.384001
2017-04-18,25.206118,31.790001,31.860001,31.629999,5468600.000000,146.998062,188.000000,40.293934,123.299965,14.420000,30.330000
2017-04-19,25.063404,31.610001,31.950001,31.490000,4739200.000000,145.825150,186.500000,40.504341,123.497208,14.930000,30.382999
2017-04-20,25.206118,31.790001,31.870001,31.639999,4237700.000000,146.216141,187.000000,41.144703,124.530357,14.150000,30.400000
2017-04-21,25.436060,32.080002,32.139999,31.950001,4530400.000000,148.561829,190.000000,40.970882,124.502151,14.630000,30.389999
2017-04-24,25.927656,32.700001,32.799999,32.490002,5717000.000000,148.561829,190.000000,41.559399,126.004898,10.840000,30.341999
2017-04-25,26.221025,33.070000,33.180000,32.750000,5614300.000000,150.125671,192.000000,41.983265,126.915932,10.760000,30.253000
2017-04-26,26.165522,33.000000,33.110001,32.820000,6027700.000000,149.343704,191.000000,41.638702,126.737503,10.850000,30.128000
2017-04-27,26.181385,33.020000,33.299999,33.009998,5625600.000000,150.907593,193.000000,42.224155,127.498268,10.360000,30.111000
2017-04-28,26.221025,33.070000,33.250000,33.040001,5250500.000000,152.080383,194.500000,41.504528,127.723694,10.820000,30.146000
2017-05-01,26.482683,33.400002,33.410000,33.139999,4015100.000000,152.080383,194.500000,41.916168,128.860123,10.110000,30.188999
2017-05-02,26.902918,33.930000,33.990002,33.570000,5989300.000000,153.644241,196.500000,41.474026,129.076126,10.590000,30.195000
2017-05-03,27.188362,34.290001,34.290001,33.840000,6660700.000000,154.817093,198.000000,41.617348,128.662903,10.680000,30.038000
2017-05-04,27.069420,34.139999,34.189999,33.970001,5697300.000000,154.817093,198.000000,41.586849,128.709885,10.460000,30.042999
2017-05-05,27.291433,34.419998,34.439999,34.029999,5249800.000000,154.426147,197.500000,41.751522,129.179443,10.570000,30.118999
2017-05-08,27.735458,34.980000,35.099998,34.630001,6906900.000000,158.335663,202.500000,41.586849,129.461166,9.770000,30.160999
2017-05-09,28.076399,35.410000,35.459999,35.130001,7297900.000000,159.117523,203.500000,41.998516,129.912033,9.960000,30.146000
2017-05-10,28.076399,35.410000,35.630001,35.080002,9936700.000000,160.681366,205.500000,42.888920,129.987137,10.210000,30.232000
2017-05-11,28.195343,35.560001,35.799999,35.369999,6648900.000000,162.245132,207.500000,43.044437,129.883881,10.600000,30.243999
2017-05-12,28.044682,35.369999,35.520000,35.250000,4905000.000000,161.072311,206.000000,43.166412,130.175034,10.400000,30.190001
2017-05-15,27.798889,35.060001,35.389999,34.880001,9784700.000000,161.072311,206.000000,43.834213,130.588287,10.420000,30.139999
2017-05-16,27.775101,35.029999,35.029999,34.799999,6046200.000000,159.899445,204.500000,44.462376,131.133011,10.650000,30.040001
2017-05-17,27.291433,34.419998,34.810001,34.389999,8128100.000000,159.508484,204.000000,42.544353,127.798843,15.590000,30.098000
2017-05-18,27.672028,34.900002,34.990002,34.410000,8303700.000000,159.117523,203.500000,43.337170,128.916504,14.660000,30.115999
2017-05-19,27.909893,35.200001,35.230000,34.939999,7283300.000000,158.726578,203.000000,43.815918,129.461166,12.040000,30.198000
2017-05-22,28.068476,35.400002,35.509998,35.259998,5914200.000000,160.290375,205.000000,44.294662,130.550735,10.930000,29.995001
2017-05-23,28.068476,35.400002,35.490002,35.299999,6612800.000000,160.290375,205.000000,44.117794,130.682159,10.720000,30.034000
2017-05-24,28.163624,35.520000,35.590000,35.340000,7812500.000000,160.681366,205.500000,44.404446,131.283264,10.020000,30.134001
2017-05-25,28.203264,35.570000,35.790001,35.490002,4514900.000000,161.854233,207.000000,44.630100,132.400970,9.990000,30.157000
2017-05-26,28.155684,35.509998,35.580002,35.330002,3109800.000000,161.854233,207.000000,44.834400,132.635773,9.810000,30.061001
2017-05-30,28.369766,35.779999,35.810001,35.480000,4219300.000000,161.854233,207.000000,45.133224,132.748489,10.380000,30.093000
2017-05-31,28.036762,35.360001,35.360001,35.099998,7663100.000000,158.726578,203.000000,45.127136,132.701508,10.410000,30.098000
2017-06-01,28.456989,35.889999,35.919998,35.529999,6016100.000000,161.854233,207.000000,45.172878,133.218018,9.890000,30.080999
2017-06-02,28.686934,36.180000,36.230000,35.849998,5779200.000000,163.418015,209.000000,45.633320,134.739578,9.750000,30.091999
2017-06-05,28.853437,36.389999,36.669998,36.299999,4819600.000000,165.763733,212.000000,45.743103,134.711411,10.070000,30.093000
2017-06-06,28.885157,36.430000,36.580002,36.240002,5028000.000000,164.590912,210.500000,45.892521,134.176117,10.450000,30.068001
2017-06-07,28.908943,36.459999,36.709999,36.380001,6537700.000000,165.372787,211.500000,46.234043,134.702026,10.390000,30.073999
2017-06-08,29.202311,36.830002,36.900002,36.540001,7593900.000000,166.545654,213.000000,47.078705,134.842926,10.160000,30.165001
2017-06-09,28.377701,35.790001,36.700001,35.200001,12040100.000000,165.763733,212.000000,45.099693,131.471130,10.700000,30.086000
2017-06-12,27.941616,35.240002,35.790001,35.009998,11057000.000000,162.245132,207.500000,44.840492,130.766693,11.460000,30.173000
2017-06-13,28.195343,35.560001,35.590000,35.250000,4969400.000000,162.636154,208.000000,45.145428,131.828033,10.420000,30.155001
2017-06-14,28.266695,35.650002,35.770000,35.369999,7016400.000000,161.854233,207.000000,44.672764,131.255096,10.640000,30.205000
2017-06-15,28.100180,35.439999,35.470001,35.009998,4623300.000000,162.636154,208.000000,44.319057,130.672775,10.900000,30.198000
2017-06-16,28.441132,35.869999,35.950001,35.720001,7432400.000000,165.372787,211.500000,44.142204,130.105820,10.380000,30.229000
2017-06-19,28.710720,36.209999,36.360001,36.070000,4523700.000000,166.545654,213.000000,44.980770,132.281357,10.370000,30.322001
2017-06-20,28.647284,36.130001,36.740002,36.119999,4987400.000000,169.282257,216.500000,44.474567,131.245453,10.860000,30.356001
2017-06-21,29.107168,36.709999,36.779999,36.209999,6329400.000000,168.500381,215.500000,44.989910,132.545059,10.750000,30.469999
2017-06-22,29.107168,36.709999,36.919998,36.630001,6273400.000000,170.455124,218.000000,44.886238,132.507416,10.480000,30.441999
2017-06-23,29.123020,36.730000,36.779999,36.540001,5558600.000000,169.673233,217.000000,45.020401,133.015945,10.020000,30.427000
2017-06-26,29.580690,36.130001,36.520000,35.919998,10127200.000000,173.713104,215.000000,44.633148,132.394333,9.900000,30.243999
2017-06-27,28.729216,35.090000,35.790001,34.970001,8081100.000000,170.885223,211.500000,43.440960,129.992859,11.060000,30.313000
2017-06-28,28.942080,35.349998,35.389999,34.750000,8306200.000000,168.461304,208.500000,44.192959,131.866989,10.030000,30.379999
2017-06-29,28.499966,34.810001,35.230000,34.529999,7332200.000000,169.673264,210.000000,43.092484,129.578415,11.440000,30.416000
2017-06-30,28.622778,34.959999,35.090000,34.700001,5177500.000000,168.461304,208.500000,42.857105,129.625580,11.180000,30.353001
2017-07-03,28.557276,34.880001,35.169998,34.830002,4470600.000000,168.865265,209.000000,42.270191,128.260010,11.220000,30.417000
2017-07-05,28.508158,34.820000,35.080002,34.630001,9222200.000000,168.461304,208.500000,43.135288,129.521957,11.070000,30.511000
2017-07-06,28.246161,34.500000,34.639999,34.310001,6493700.000000,167.653305,207.500000,42.945766,128.354126,12.540000,30.485001
2017-07-07,28.352600,34.630001,34.669998,34.480000,7937800.000000,166.441376,206.000000,43.670227,129.738556,11.190000,30.577999
2017-07-10,28.655527,35.000000,35.160000,34.549999,7779700.000000,166.441376,206.000000,44.174618,130.586182,11.110000,30.587999
2017-07-11,28.966642,35.380001,35.430000,35.049999,9300800.000000,171.289200,212.000000,44.541435,130.953461,10.890000,30.587999
2017-07-12,29.220448,35.689999,35.799999,35.500000,9211200.000000,170.077255,210.500000,45.253677,132.507416,10.300000,30.570000
2017-07-13,29.597071,36.150002,36.160000,35.459999,9943900.000000,173.309097,214.500000,45.113068,132.799301,9.900000,30.465000
2017-07-14,29.678938,36.250000,36.349998,35.980000,7196600.000000,172.097168,213.000000,45.718319,133.844696,9.510000,30.361000
2017-07-17,29.400568,35.910000,36.060001,35.639999,4649800.000000,172.097168,213.000000,45.531864,133.910568,9.820000,30.344000
2017-07-18,29.367817,35.869999,36.040001,35.720001,6185300.000000,172.905106,214.000000,45.672462,134.805298,9.890000,30.396999
2017-07-19,29.809931,36.410000,36.419998,36.060001,7033800.000000,173.309097,214.500000,46.094307,135.596375,9.790000,30.351000
2017-07-20,29.556129,36.099998,36.410000,36.080002,6996600.000000,174.117050,215.500000,46.228817,135.775330,9.580000,30.377001
2017-07-21,29.351444,35.849998,36.060001,35.700001,5023500.000000,172.905106,214.000000,45.834488,135.718826,9.360000,30.423000
2017-07-24,29.654377,36.220001,36.220001,36.009998,6842100.000000,173.309097,214.500000,45.696934,136.340378,9.430000,30.431000
2017-07-25,29.556129,36.099998,36.250000,35.970001,5276300.000000,172.905106,214.000000,45.657177,135.991928,9.430000,30.339001
2017-07-26,29.654377,36.220001,36.250000,35.939999,4342200.000000,172.097168,213.000000,46.158516,136.434555,9.600000,30.343000
2017-07-27,29.621635,36.180000,36.610001,35.959999,7243100.000000,174.117050,215.500000,45.455425,135.577545,10.110000,30.247000
2017-07-28,29.359631,35.860001,36.070000,35.700001,3678400.000000,172.097168,213.000000,45.281193,135.464569,10.290000,30.232000
2017-07-31,29.441505,35.959999,36.400002,35.849998,7757600.000000,173.309097,214.500000,44.929661,134.890045,10.260000,30.242001
2017-08-01,29.343250,35.840000,35.990002,35.709999,5437300.000000,171.289200,212.000000,45.207832,135.200867,10.090000,30.200001
2017-08-02,29.531563,36.070000,36.470001,35.860001,6064600.000000,174.520996,216.000000,44.880753,135.568176,10.280000,30.236000
2017-08-03,29.302326,35.790001,36.110001,35.650002,3919800.000000,172.501160,213.500000,44.712620,135.040741,10.440000,30.232000
2017-08-04,29.498819,36.029999,36.080002,35.759998,4071400.000000,172.097168,213.000000,44.730965,135.285599,10.030000,30.204000
2017-08-07,30.121050,36.790001,36.820000,36.259998,4860200.000000,174.520996,216.000000,45.501293,136.142609,9.930000,30.202999
2017-08-08,30.047367,36.700001,36.959999,36.639999,3301200.000000,175.733002,217.500000,45.369843,135.907150,10.960000,30.214001
2017-08-09,29.850878,36.459999,36.470001,36.029999,3153700.000000,173.309097,214.500000,45.217003,135.728256,11.110000,30.181000
2017-08-10,28.933897,35.340000,36.029999,35.340000,5605400.000000,172.905106,214.000000,43.954514,132.818192,16.040001,30.202000
2017-08-11,29.588871,36.139999,36.200001,35.430000,4291100.000000,171.693192,212.500000,44.202137,133.825882,15.510000,30.290001
2017-08-14,29.515196,36.049999,36.099998,35.849998,3875600.000000,170.481247,211.000000,45.327038,135.549286,12.330000,30.332001
2017-08-15,29.818121,36.419998,36.490002,36.090000,3820400.000000,172.905106,214.000000,45.440155,135.643478,12.040000,30.282000
2017-08-16,29.752623,36.340000,36.439999,36.139999,3232000.000000,172.097168,213.000000,45.513500,135.878891,11.740000,30.284000
2017-08-17,29.302326,35.790001,36.340000,35.770000,3324000.000000,172.905106,214.000000,44.364128,133.100693,15.550000,30.343000
2017-08-18,29.359631,35.860001,36.099998,35.610001,3692800.000000,171.693192,212.500000,44.431396,133.006531,14.260000,30.294001
2017-08-21,29.457874,35.980000,36.009998,35.630001,3588100.000000,170.885223,211.500000,44.101242,132.837006,13.190000,30.309000
2017-08-22,29.899998,36.520000,36.669998,36.340000,3202300.000000,173.309097,214.500000,44.828773,134.861816,11.350000,30.308001
2017-08-23,29.949118,36.580002,36.599998,36.369999,2956400.000000,174.117050,215.500000,45.018299,134.381470,12.250000,30.280001
2017-08-24,30.153805,36.830002,36.930000,36.580002,4544500.000000,175.329025,217.000000,45.024418,133.985947,12.230000,30.271000
2017-08-25,30.170179,36.849998,37.060001,36.750000,2975200.000000,175.733002,217.500000,44.807369,133.703445,11.280000,30.243999
2017-08-28,30.104675,36.770000,36.869999,36.570000,2199900.000000,174.520996,216.000000,44.941891,134.117844,11.320000,30.106001
2017-08-29,30.194738,36.880001,36.970001,36.500000,2997700.000000,174.520996,216.000000,45.012180,134.645233,11.700000,30.141001
2017-08-30,30.235676,36.930000,37.080002,36.799999,2838900.000000,175.733002,217.500000,45.782513,136.227341,11.220000,30.181000
2017-08-31,30.268415,36.970001,36.980000,36.700001,4288600.000000,174.925003,216.500000,46.234947,137.687149,10.590000,30.136000
2017-09-01,30.473112,37.220001,37.240002,36.910000,4100000.000000,174.925003,216.500000,46.436680,137.498795,10.130000,30.181000
2017-09-05,30.170179,36.849998,37.400002,36.650002,7123000.000000,176.136948,218.000000,45.800865,136.265045,12.230000,30.073999
2017-09-06,30.514038,37.270000,37.369999,37.000000,4187700.000000,175.329025,217.000000,45.874222,136.679398,11.630000,30.049000
2017-09-07,30.735109,37.540001,37.540001,37.180000,3597500.000000,175.329025,217.000000,45.953697,136.999619,11.550000,30.076000
2017-09-08,30.702353,37.500000,37.680000,37.349998,5581800.000000,176.136948,218.000000,45.412647,135.813004,12.120000,30.037001
2017-09-11,30.980719,37.840000,37.880001,37.349998,6920100.000000,175.329025,217.000000,46.277721,137.376343,10.730000,29.988001
2017-09-12,30.997084,37.860001,37.939999,37.650002,3524500.000000,176.944962,219.000000,46.485588,137.705917,10.580000,30.004999
2017-09-13,30.726902,37.529999,37.790001,37.490002,4983400.000000,176.136948,218.000000,46.577301,137.894318,10.500000,30.009001
2017-09-14,30.604092,37.380001,37.730000,37.369999,5799000.000000,176.540909,218.500000,46.760704,137.084366,10.440000,30.037001
2017-09-15,30.825163,37.650002,37.669998,37.400002,7245600.000000,176.540909,218.500000,47.576889,137.555267,10.170000,30.087000
2017-09-18,31.169025,38.070000,38.119999,37.830002,6179600.000000,177.348953,219.500000,48.200489,137.375015,10.150000,30.054001
2017-09-19,31.357334,38.299999,38.430000,38.130001,6559400.000000,178.964874,221.500000,48.353352,137.610947,10.180000,30.091999
2017-09-20,30.964350,37.820000,38.389999,37.439999,7961100.000000,178.964874,221.500000,47.686939,137.186295,9.780000,30.114000
2017-09-21,31.308208,38.240002,38.330002,37.669998,8458000.000000,178.560883,221.000000,47.482124,136.346207,9.670000,30.121000
2017-09-22,30.923407,37.770000,37.830002,37.590000,4529900.000000,176.540909,218.500000,47.723614,136.214066,9.590000,30.188999
2017-09-25,30.350304,37.070000,37.500000,36.860001,5895000.000000,175.329025,217.000000,46.803505,134.779480,10.210000,30.163000
2017-09-26,30.407602,37.139999,37.320000,36.930000,5995400.000000,172.905106,214.000000,46.729599,135.128662,10.170000,30.204000
2017-09-27,30.497669,37.250000,37.360001,37.009998,4802700.000000,173.713104,215.000000,47.861263,136.346207,9.870000,30.197001
2017-09-28,30.333916,37.049999,37.099998,36.790001,7618700.000000,172.905106,214.000000,48.213951,136.299057,9.550000,30.284000
2017-09-29,30.743294,37.549999,37.599998,37.259998,3818500.000000,174.925003,216.500000,48.631042,137.280655,9.510000,30.365999
2017-10-02,31.218153,38.130001,38.180000,37.770000,5096200.000000,178.156906,220.500000,48.956116,137.403290,9.450000,30.313000
2017-10-03,31.471951,38.439999,38.470001,38.250000,3727100.000000,179.772827,222.500000,49.091064,137.695892,9.510000,30.441999
2017-10-04,31.332777,38.270000,38.340000,38.130001,2717200.000000,179.772827,222.500000,49.204544,137.828064,9.630000,30.427000
2017-10-05,31.488325,38.459999,38.849998,38.389999,4456400.000000,181.388794,224.500000,49.247482,139.177750,9.190000,30.426001
2017-10-06,31.488325,38.459999,38.480000,38.209999,3086100.000000,181.388794,224.500000,49.440693,139.366531,9.650000,30.332001
2017-10-09,31.742132,38.770000,38.810001,38.500000,1963500.000000,181.388794,224.500000,49.817924,139.206024,10.330000,30.358999
2017-10-10,31.905878,38.970001,39.160000,38.820000,4112000.000000,181.388794,224.500000,50.096985,139.309860,10.080000,30.372000
2017-10-11,33.035732,40.349998,40.389999,39.680000,9015400.000000,188.256454,233.000000,50.440479,139.725174,9.850000,30.357000
2017-10-12,33.109413,40.439999,40.660000,40.320000,5524100.000000,191.892334,237.500000,50.280998,139.470352,9.910000,30.212000
2017-10-13,33.420528,40.820000,40.860001,40.630001,3913100.000000,191.892334,237.500000,50.603035,140.008286,9.610000,30.191999
2017-10-16,33.477844,40.889999,40.919998,40.650002,2707000.000000,192.296371,238.000000,50.842239,140.489670,9.910000,30.143999
2017-10-17,33.772598,41.250000,41.250000,40.540001,7582200.000000,190.276459,235.500000,50.799305,140.668930,10.310000,30.142000
2017-10-18,33.977261,41.500000,41.720001,40.930000,6653200.000000,191.892334,237.500000,50.971050,140.499130,10.070000,30.181000
2017-10-19,33.625206,41.070000,41.290001,40.500000,5710500.000000,193.104309,239.000000,50.842239,139.979980,10.050000,30.198000
2017-10-20,33.666157,41.119999,41.119999,40.830002,5251600.000000,191.892334,237.500000,51.102928,140.357529,9.970000,30.209999
2017-10-23,33.739826,41.209999,41.480000,41.110001,5092400.000000,193.104309,239.000000,51.354401,139.441986,11.070000,30.222000
2017-10-24,33.829891,41.320000,41.380001,40.970001,4251600.000000,192.296371,238.000000,51.713234,139.677948,11.160000,30.246000
2017-10-25,33.698902,41.160000,41.410000,40.700001,3360000.000000,192.296371,238.000000,51.035458,139.149414,11.230000,30.257999
2017-10-26,33.731651,41.200001,41.340000,41.070000,3651500.000000,190.680374,236.000000,51.336002,138.705841,11.300000,30.247999
2017-10-27,34.509441,42.150002,42.180000,41.419998,4822800.000000,193.104309,239.000000,52.409416,142.745453,9.800000,30.212000
2017-10-30,34.493065,42.130001,42.660000,42.080002,5200800.000000,196.336166,243.000000,52.550472,143.066360,10.500000,30.136999
2017-10-31,34.656807,42.330002,42.520000,42.099998,3704500.000000,196.336166,243.000000,52.970638,143.604294,10.180000,30.183001
2017-11-01,34.468498,42.099998,42.500000,41.860001,4235700.000000,195.932236,242.500000,52.777424,143.557114,10.200000,30.167000
2017-11-02,34.509441,42.150002,42.240002,41.950001,3255800.000000,194.720245,241.000000,53.038105,143.283401,9.930000,30.128000
2017-11-03,34.542198,42.189999,42.230000,41.590000,6140900.000000,193.104309,239.000000,53.976570,144.661438,9.140000,30.179001
2017-11-06,34.738682,42.430000,42.480000,42.080002,5650500.000000,193.508316,239.500000,54.740200,145.152161,9.400000,30.155001
2017-11-07,34.804180,42.509998,42.709999,42.259998,2761600.000000,197.144104,244.000000,54.691135,145.237152,9.890000,30.198000
2017-11-08,34.738682,42.430000,42.540001,42.209999,2378400.000000,195.932236,242.500000,54.865936,145.822327,9.780000,30.172001
2017-11-09,34.091904,41.639999,42.220001,41.290001,4680100.000000,194.720245,241.000000,53.768021,145.057770,10.500000,30.169001
2017-11-10,34.157394,41.720001,41.820000,41.590000,5333900.000000,194.316254,240.500000,54.123768,145.048386,11.290000,30.179001
2017-11-13,34.394821,42.009998,42.009998,41.509998,2222000.000000,193.508316,239.500000,54.280186,145.227692,11.500000,30.108000
2017-11-14,34.272007,41.860001,41.889999,41.509998,2799400.000000,193.912292,240.000000,54.231121,144.699158,11.590000,30.150000
2017-11-15,34.010014,41.540001,41.650002,41.279999,3417300.000000,191.892334,237.500000,53.743492,144.019623,13.130000,30.174999
2017-11-16,34.468498,42.099998,42.240002,41.750000,3304500.000000,192.296371,238.000000,54.543934,145.860092,11.760000,30.174999
2017-11-17,34.443939,42.070000,42.419998,41.970001,3702000.000000,195.124222,241.500000,54.304710,145.303253,11.430000,30.128000
2017-11-20,34.558563,42.209999,42.279999,41.959999,4455300.000000,192.700348,238.500000,54.951820,145.189972,10.650000,30.070999
2017-11-21,34.861500,42.580002,42.869999,42.549999,3668500.000000,196.336166,243.000000,55.580521,146.766174,9.730000,30.077999
2017-11-22,34.722305,42.410000,42.740002,42.290001,2768600.000000,195.528214,242.000000,55.243183,146.945465,9.880000,29.997999
2017-11-24,35.197166,42.990002,43.020000,42.610001,1499700.000000,197.144104,244.000000,55.739998,147.483444,9.670000,30.004000
2017-11-27,33.641586,41.090000,41.680000,41.060001,8188400.000000,191.488388,237.000000,55.040752,147.417435,9.870000,29.976999
2017-11-28,33.510593,40.930000,41.220001,40.810001,4864800.000000,189.064423,234.000000,55.065292,147.794952,10.030000,29.986000
2017-11-29,32.266117,39.410000,40.910000,39.240002,11796100.000000,189.468460,234.500000,52.639408,145.218262,10.700000,29.980000
2017-11-30,32.421684,39.599998,39.740002,39.169998,9357100.000000,182.600739,226.000000,52.921562,146.435776,11.280000,29.971001
2017-12-01,32.503559,39.700001,39.990002,39.000000,7192200.000000,186.640549,231.000000,52.348064,145.812881,11.430000,29.983000
2017-12-04,32.249748,39.389999,40.130001,39.299999,7109000.000000,189.064423,234.000000,51.090652,144.132858,11.680000,29.992001
2017-12-05,32.094189,39.200001,39.520000,38.930000,4504000.000000,185.428604,229.500000,51.130531,144.227249,11.330000,30.032000
2017-12-06,31.668461,38.680000,39.090000,38.520000,8622000.000000,183.408661,227.000000,51.296135,144.878540,11.020000,29.973000
2017-12-07,31.938639,39.009998,39.029999,38.610001,11285400.000000,183.004700,226.500000,51.796032,145.369263,10.160000,29.992001
2017-12-08,31.930450,39.000000,39.549999,38.950001,5071600.000000,183.408661,227.000000,51.529217,146.011093,9.580000,30.009001
2017-12-11,32.233376,39.369999,39.580002,39.180000,5272500.000000,183.812729,227.500000,51.838978,147.143646,9.340000,30.003000
2017-12-12,32.176064,39.299999,39.380001,39.080002,5488100.000000,183.812729,227.500000,51.332932,146.945465,9.920000,30.007000
2017-12-13,32.167877,39.290001,39.490002,39.220001,4227100.000000,183.408661,227.000000,51.323738,147.228622,10.180000,30.000999
2017-12-14,32.257950,39.400002,39.650002,39.320000,4737600.000000,186.236588,230.500000,51.271599,147.124817,10.490000,30.023001
2017-12-15,32.339813,39.500000,39.619999,39.250000,7156400.000000,185.832611,230.000000,52.075111,148.795364,9.420000,30.004000
2017-12-18,32.257950,39.400002,39.470001,39.200001,5746900.000000,183.408661,227.000000,53.191448,150.042938,9.530000,29.961000
2017-12-19,32.208820,39.340000,39.410000,39.119999,4454900.000000,181.792770,225.000000,53.135223,149.153839,10.030000,29.992001
2017-12-20,32.290695,39.439999,39.610001,39.169998,6330100.000000,181.388794,224.500000,53.522358,148.993042,9.720000,29.985001
2017-12-21,32.118763,39.230000,39.660000,39.200001,3563100.000000,181.792770,225.000000,52.957031,149.011963,9.620000,29.978001
2017-12-22,32.446236,39.630001,39.630001,39.299999,2523600.000000,183.812729,227.500000,52.926308,148.841721,9.900000,29.966000
2017-12-26,31.889503,38.950001,39.310001,38.810001,2861500.000000,182.600739,226.000000,52.397827,148.037811,10.250000,29.900999
2017-12-27,31.995937,39.080002,39.110001,38.880001,3092900.000000,181.792770,225.000000,52.566814,148.056686,10.470000,29.934999
2017-12-28,32.536312,39.740002,39.889999,39.400002,4279500.000000,182.600739,226.000000,52.714291,148.236420,10.180000,29.934999
2017-12-29,32.462616,39.650002,40.220001,39.650002,3870900.000000,185.428604,229.500000,52.173538,147.319016,11.040000,29.809000
2018-01-02,33.584278,41.020000,41.049999,40.419998,4984000.000000,187.852539,232.500000,53.589943,149.901031,9.770000,29.773001
2018-01-03,34.149197,41.709999,41.810001,41.439999,6963200.000000,191.488388,237.000000,54.527050,151.357574,9.150000,29.622000
2018-01-04,33.969090,41.490002,42.000000,41.450001,4876600.000000,193.508316,239.500000,54.834297,151.622391,9.220000,29.593000
2018-01-05,34.763241,42.459999,42.570000,41.790001,5330800.000000,193.912292,240.000000,55.147690,153.145126,9.220000,29.570000
2018-01-08,34.746880,42.439999,42.480000,42.189999,3538200.000000,195.528214,242.000000,55.580902,153.741028,9.520000,29.466999
2018-01-09,34.533993,42.180000,42.500000,42.130001,5729900.000000,195.528214,242.000000,55.034016,153.750458,10.080000,29.503000
2018-01-10,33.813515,41.299999,41.450001,40.720001,7102700.000000,191.084396,236.500000,54.373413,153.391052,9.820000,29.518000
2018-01-11,33.592476,41.029999,41.400002,40.950001,5701800.000000,189.872467,235.000000,54.699112,154.440903,9.880000,29.596001
2018-01-12,33.723457,41.189999,41.299999,40.759998,5028000.000000,191.488388,237.000000,54.994072,155.575912,10.160000,29.587999
2018-01-16,34.574936,42.230000,42.349998,41.810001,9081600.000000,194.316254,240.500000,55.175339,155.131348,11.660000,29.523001
2018-01-17,35.311802,43.130001,43.270000,42.500000,7117700.000000,195.528214,242.000000,56.776100,156.805435,11.910000,29.549999
2018-01-18,36.490757,44.570000,44.849998,43.500000,11866200.000000,200.780014,248.500000,57.031124,156.833817,12.220000,29.556000
2018-01-19,36.572632,44.669998,45.540001,44.580002,6543700.000000,206.435791,255.500000,57.089485,157.325638,11.270000,29.542999
2018-01-22,37.972679,46.380001,46.400002,45.939999,8335800.000000,211.283554,261.500000,57.513485,159.009186,11.030000,29.364000
2018-01-23,37.890797,46.279999,46.570000,46.060001,5659600.000000,214.919434,266.000000,57.974354,160.323868,11.100000,29.261999
2018-01-24,37.113007,45.330002,45.669998,45.250000,7400600.000000,208.455688,258.000000,56.647049,159.283463,11.470000,29.268000
2018-01-25,36.924698,45.099998,45.779999,45.040001,7655700.000000,208.455688,258.000000,55.663857,159.226761,11.580000,29.087999
2018-01-26,37.432308,45.720001,45.740002,45.029999,7057300.000000,206.031754,255.000000,57.442825,161.666885,11.080000,29.063999
2018-01-29,37.170315,45.400002,45.689999,45.200001,11604400.000000,208.859680,258.500000,57.359863,160.881836,13.840000,29.098000
2018-01-30,36.744579,44.880001,45.029999,44.400002,10224600.000000,204.415848,253.000000,56.219978,159.557724,14.790000,29.131001
2018-01-31,37.096626,45.310001,45.799999,45.119999,6333300.000000,206.031754,255.000000,56.677769,160.219803,13.540000,29.219999
2018-02-01,37.211246,45.450001,45.930000,45.299999,6706500.000000,209.667633,259.500000,56.398178,158.857880,13.470000,29.142000
2018-02-02,36.441639,44.509998,45.320000,44.450001,12051800.000000,209.667633,259.500000,54.880383,155.689362,17.309999,29.187000
2018-02-05,35.164436,42.950001,44.810001,42.810001,11748300.000000,204.415848,253.000000,52.296440,149.551086,37.320000,29.346001
2018-02-06,35.688408,43.590000,43.700001,42.099998,13414100.000000,193.104309,239.000000,54.189083,153.514008,29.980000,29.301001
2018-02-07,34.288383,41.880001,42.990002,41.880001,15239500.000000,193.912292,240.000000,53.027683,151.527847,27.730000,29.375000
2018-02-08,33.043922,40.360001,42.119999,40.360001,11356000.000000,192.700348,238.500000,50.800159,145.134186,33.459999,29.264000
2018-02-09,33.952709,41.470001,41.680000,39.959999,10588400.000000,187.852539,232.500000,52.262630,147.640533,29.059999,29.368999
2018-02-12,34.820564,42.529999,42.790001,41.959999,6573300.000000,191.084396,236.500000,53.267342,150.260437,25.610001,29.306000
2018-02-13,34.697746,42.380001,42.660000,41.880001,5831900.000000,191.084396,236.500000,53.205887,151.036041,24.969999,29.396000
2018-02-14,35.246300,43.049999,43.090000,41.919998,6860100.000000,191.084396,236.500000,54.453320,153.863937,19.260000,29.339001
2018-02-15,35.631100,43.520000,43.750000,42.750000,6116500.000000,191.084396,236.500000,55.101597,156.720322,19.129999,29.136000
2018-02-16,35.598358,43.480000,43.959999,43.310001,4792100.000000,191.084396,236.500000,54.904972,156.020416,19.459999,28.941999
2018-02-20,35.811218,43.740002,44.160000,43.000000,9291700.000000,191.084396,236.500000,55.875851,156.332581,20.600000,29.021999
2018-02-21,35.115299,42.889999,43.820000,42.869999,6612600.000000,195.932236,242.500000,55.233715,155.888000,20.020000,29.319000
2018-02-22,34.705944,42.389999,42.740002,42.180000,7984000.000000,193.508316,239.500000,55.110828,155.869064,18.719999,29.218000
2018-02-23,35.942223,43.900002,43.900002,43.110001,7204900.000000,197.952133,245.000000,56.290638,159.056442,16.490000,29.281000
2018-02-26,36.359768,44.410000,44.410000,43.799999,3897600.000000,199.164078,246.500000,57.504265,161.165588,15.800000,28.479000
2018-02-27,35.712967,43.619999,44.299999,43.610001,5999100.000000,198.760071,246.000000,57.313786,159.169937,18.590000,29.202000
2018-02-28,35.491905,43.349998,43.910000,43.290001,6400100.000000,198.760071,246.000000,56.803768,158.148514,19.850000,29.274000
2018-03-01,34.976116,42.720001,43.560001,42.310001,7792400.000000,196.336166,243.000000,55.906582,155.566422,22.469999,29.333000
2018-03-02,35.213539,43.009998,43.049999,42.150002,4819600.000000,193.912292,240.000000,56.855980,156.994583,19.590000,29.289000
2018-03-05,35.606533,43.490002,43.759998,42.869999,5977200.000000,195.124222,241.500000,57.366013,158.734863,18.730000,29.268000
2018-03-06,35.647469,43.540001,44.400002,43.430000,8632000.000000,201.991959,250.000000,58.229355,159.406418,18.360001,29.257000
2018-03-07,36.187840,44.200001,44.279999,43.180000,4482900.000000,199.568039,247.000000,58.416794,159.775208,17.760000,29.198999
2018-03-08,35.860352,43.799999,44.389999,43.590000,7092400.000000,201.587997,249.500000,58.469021,160.654892,16.540001,29.257000
2018-03-09,36.507141,44.590000,44.599998,43.520000,8336200.000000,202.395950,250.500000,59.682655,163.776031,14.640000,29.329000
2018-03-12,37.022945,45.220001,45.349998,44.750000,5176100.000000,205.223816,254.000000,60.315578,164.646179,15.780000,29.247999
2018-03-13,36.834629,44.990002,45.750000,44.910000,5842300.000000,209.263687,259.000000,59.384617,162.404633,16.350000,29.256001
2018-03-14,36.965626,45.150002,45.450001,44.830002,4300500.000000,207.647766,257.000000,59.378475,162.376251,17.230000,29.257000
2018-03-15,37.096626,45.310001,45.650002,44.889999,3942200.000000,206.031754,255.000000,59.332386,162.234360,16.590000,29.173000
2018-03-16,36.818268,44.970001,45.520000,44.930000,8125600.000000,206.031754,255.000000,59.307812,161.752029,15.800000,29.128000
2018-03-19,36.515331,44.599998,44.869999,44.189999,5116500.000000,206.031754,255.000000,58.177135,158.300873,19.020000,29.113001
2018-03-20,36.703625,44.830002,44.910000,44.520000,6404200.000000,204.415848,253.000000,58.604202,158.821854,18.200001,29.157000
2018-03-21,36.597202,44.700001,44.849998,44.250000,7036400.000000,204.011917,252.500000,58.714821,158.130341,17.860001,29.145000
2018-03-22,35.770279,43.689999,44.369999,43.689999,6318500.000000,203.203934,251.500000,57.167862,154.227295,23.340000,29.072001
2018-03-23,34.861500,42.580002,43.700001,42.580002,5923500.000000,197.952133,245.000000,55.265354,150.163208,24.870001,29.177000
2018-03-26,36.245140,44.270000,44.279999,43.180000,5395200.000000,196.740173,243.500000,57.571148,155.743027,21.030001,29.177000
2018-03-27,35.442791,43.290001,44.840000,43.130001,6995000.000000,202.799973,251.000000,55.453156,150.703186,22.500000,29.075001
2018-03-28,34.951553,42.689999,43.169998,42.439999,8563100.000000,197.952133,245.000000,54.252514,148.969543,22.870001,29.177000
2018-03-29,35.827599,43.759998,43.919998,42.959999,7758900.000000,197.144104,244.000000,55.428520,151.697876,19.969999,29.136999
2018-04-02,34.795990,42.500000,43.590000,42.419998,6361200.000000,199.164078,246.500000,53.310493,147.321136,23.620001,28.974001
2018-04-03,35.598358,43.480000,44.279999,43.029999,6174500.000000,197.144104,244.000000,54.320255,148.978989,21.100000,29.142000
2018-04-04,35.974960,43.939999,43.939999,42.349998,5497100.000000,197.144104,244.000000,55.019066,151.328384,20.059999,29.122999
2018-04-05,35.467346,43.320000,44.230000,43.139999,6115100.000000,197.144104,244.000000,54.455696,152.190460,18.940001,29.212000
2018-04-06,34.730488,42.419998,43.169998,42.259998,5133100.000000,197.144104,244.000000,52.808720,148.382217,21.490000,29.238001
2018-04-09,35.262680,43.070000,44.040001,42.910000,6696400.000000,197.952133,245.000000,53.141186,149.424255,21.770000,29.309999
2018-04-10,35.680222,43.580002,44.220001,43.029999,5682300.000000,198.356110,245.500000,54.840519,152.721008,20.469999,29.242001
2018-04-11,35.516479,43.380001,43.790001,43.250000,4788000.000000,200.376022,248.000000,54.862072,151.839966,20.240000,29.190001
2018-04-12,35.901283,43.849998,43.849998,43.049999,7574700.000000,197.952133,245.000000,55.896450,153.668304,18.490000,29.186001
2018-04-13,34.918800,42.650002,43.740002,42.560001,5749900.000000,197.548096,244.500000,55.483936,152.872528,17.410000,29.284000
2018-04-16,35.098934,42.869999,43.009998,42.680000,5206900.000000,196.740173,243.500000,55.582439,154.037811,16.559999,29.309000
2018-04-17,34.640442,42.310001,42.360001,41.770000,9831100.000000,192.296371,238.000000,56.635281,157.353485,15.250000,29.346001
2018-04-18,34.321133,41.919998,42.259998,41.209999,8947400.000000,192.296371,238.000000,56.078079,157.675629,15.600000,29.374001
2018-04-19,32.364368,39.529999,40.080002,39.110001,27527000.000000,197.548096,244.500000,53.652214,156.226181,15.960000,29.280001
2018-04-20,31.889503,38.950001,39.540001,38.820000,15313300.000000,185.024658,229.000000,53.018040,153.753616,16.879999,29.382999
2018-04-23,31.725769,38.750000,39.080002,38.529999,11178300.000000,183.004700,226.500000,52.313076,153.365189,16.340000,29.468000
2018-04-24,31.725769,38.750000,39.209999,38.299999,13004000.000000,183.408661,227.000000,51.891308,150.115814,18.020000,29.598000
2018-04-25,31.250902,38.169998,38.490002,38.020000,12359200.000000,181.792770,225.000000,51.826664,150.295776,17.840000,29.612000
2018-04-26,31.250902,38.169998,38.560001,38.080002,7685800.000000,179.368896,222.000000,52.885674,153.459961,16.240000,29.677999
2018-04-27,31.250902,38.169998,38.740002,37.990002,8276100.000000,180.580811,223.500000,52.516243,153.554672,15.410000,29.632999
2018-04-30,31.480143,38.450001,38.840000,38.380001,7968000.000000,183.408661,227.000000,51.940563,152.465225,15.930000,29.540001
2018-05-01,31.873123,38.930000,38.939999,38.259998,5507000.000000,183.408661,227.000000,52.793312,154.208313,15.490000,29.625999
2018-05-02,30.907032,37.750000,38.599998,37.650002,11522200.000000,180.176849,223.000000,52.559345,153.298889,15.970000,29.697001
2018-05-03,31.193588,38.099998,38.189999,37.299999,7021400.000000,178.156906,220.500000,52.873348,153.279922,15.900000,29.773001
2018-05-04,31.594755,38.590000,38.660000,37.939999,9474000.000000,180.176849,223.000000,54.113998,156.188293,14.770000,29.667999
2018-05-07,31.480143,38.450001,38.650002,38.240002,4590100.000000,180.580811,223.500000,54.637329,157.486145,14.750000,29.674000
2018-05-08,32.077816,39.180000,39.380001,38.939999,8116600.000000,184.216660,228.000000,54.960571,157.325073,14.710000,29.813000
2018-05-09,32.216988,39.349998,39.459999,39.160000,5861400.000000,185.428604,229.500000,55.797935,159.039795,13.420000,29.804001
2018-05-10,32.560867,39.770000,39.869999,39.439999,7957900.000000,185.428604,229.500000,56.813843,160.688110,13.230000,29.884001
2018-05-11,32.675484,39.910000,40.180000,39.639999,4184400.000000,188.256454,233.000000,56.398239,160.536560,12.650000,29.702000
2018-05-14,32.708237,39.950001,40.549999,39.880001,5014000.000000,188.256454,233.000000,57.087818,160.811310,12.930000,29.667999
2018-05-15,32.176064,39.299999,39.400002,38.959999,5622800.000000,186.236588,230.500000,56.469044,159.030273,14.630000,29.794001
2018-05-16,32.577240,39.790001,39.830002,39.279999,7671500.000000,186.236588,230.500000,57.195560,160.081818,13.420000,29.885000
2018-05-17,31.897699,38.959999,39.240002,38.669998,7964200.000000,183.004700,226.500000,57.029335,159.466064,13.430000,29.809000
2018-05-18,31.455574,38.419998,38.549999,38.279999,7783900.000000,180.580811,223.500000,56.213531,158.641861,13.420000,29.895000
2018-05-21,32.315250,39.470001,39.700001,39.119999,7902200.000000,185.024658,229.000000,56.776894,159.532425,13.080000,29.926001
2018-05-22,32.454437,39.639999,39.790001,39.450001,5752000.000000,185.024658,229.000000,57.094002,159.323944,13.220000,29.919001
2018-05-23,32.462616,39.650002,39.650002,39.090000,4815400.000000,184.620636,228.500000,57.401836,160.669235,12.580000,29.833000
2018-05-24,32.151497,39.270000,39.450001,38.779999,7930800.000000,185.024658,229.000000,57.632721,160.621811,12.530000,29.914000
2018-05-25,32.176064,39.299999,39.490002,38.930000,5403000.000000,184.620636,228.500000,58.097576,160.782883,13.220000,29.912001
2018-05-29,31.242706,38.160000,38.560001,38.029999,7198200.000000,181.792770,225.000000,57.746632,160.072372,17.020000,29.893999
2018-05-30,31.390083,38.340000,38.400002,38.070000,8413400.000000,178.560883,221.000000,58.122204,161.218658,14.940000,30.059999
2018-05-31,31.684832,38.700001,38.860001,38.290001,8129400.000000,180.984802,224.000000,57.700447,161.114456,15.430000,29.896000
2018-06-01,32.094189,39.200001,39.200001,38.799999,5970000.000000,180.984802,224.000000,59.014973,163.643814,13.460000,29.969999
2018-06-04,32.724609,39.970001,40.000000,39.669998,8927200.000000,185.024658,229.000000,59.482910,165.121689,12.740000,29.804001
2018-06-05,32.372551,39.540001,39.860001,39.400002,6345900.000000,185.024658,229.000000,59.766121,165.633270,12.400000,29.643000
2018-06-06,32.388943,39.560001,39.930000,39.560001,9829700.000000,185.832611,230.000000,60.144783,166.599579,11.640000,29.799999
2018-06-07,32.356178,39.520000,39.939999,39.459999,8216900.000000,185.832611,230.000000,59.609146,165.244873,12.130000,29.677000
2018-06-08,31.873123,38.930000,39.160000,38.520000,8081300.000000,183.408661,227.000000,59.076542,165.254318,12.180000,29.757000
2018-06-11,31.733948,38.759998,39.150002,38.759998,4511600.000000,182.600739,226.000000,58.962627,165.699539,12.350000,29.836000
2018-06-12,32.094189,39.200001,39.360001,38.980000,6582600.000000,185.024658,229.000000,59.267406,166.571152,12.340000,29.816000
2018-06-13,31.971376,39.049999,39.889999,39.049999,9616600.000000,187.448532,232.000000,59.178127,166.561661,12.940000,29.801001
2018-06-14,31.602953,38.599998,39.070000,38.599998,7636000.000000,183.004700,226.500000,59.532162,168.247955,12.120000,29.806000
2018-06-15,31.676622,38.689999,38.939999,38.549999,11235700.000000,186.640549,231.000000,59.479839,167.660583,11.980000,29.879000
2018-06-18,31.316399,38.250000,38.360001,37.840000,8921400.000000,186.640549,231.000000,58.907227,167.563705,12.310000,30.132000
2018-06-19,30.751472,37.560001,37.970001,37.349998,9848900.000000,181.792770,225.000000,58.260738,167.088989,13.350000,30.159000
2018-06-20,31.398264,38.349998,38.590000,38.009998,8668600.000000,182.600739,226.000000,58.540878,168.275742,12.790000,30.176001
2018-06-21,30.800598,37.619999,38.009998,37.549999,9246700.000000,183.004700,226.500000,57.814358,166.813782,14.640000,30.162001
2018-06-22,31.209965,38.119999,38.310001,37.970001,10338500.000000,183.812729,227.500000,57.355659,166.443466,13.770000,30.319000
2018-06-25,30.985067,36.509998,36.560001,36.049999,10528100.000000,182.556534,218.000000,55.668629,162.693451,17.330000,30.298000
2018-06-26,30.942635,36.459999,36.700001,36.110001,8817000.000000,179.625595,214.500000,55.866333,163.358063,15.920000,30.341999
2018-06-27,30.136395,35.509998,36.320000,35.509998,8798100.000000,178.369507,213.000000,54.531853,161.136459,17.910000,30.407000
2018-06-28,30.501320,35.939999,35.939999,35.349998,7199000.000000,177.532074,212.000000,54.945786,162.522629,16.850000,30.493000
2018-06-29,31.027498,36.560001,36.770000,36.439999,8088200.000000,181.300415,216.500000,55.060089,162.959274,16.090000,30.569000
2018-07-02,31.010529,36.540001,36.570000,36.040001,7365500.000000,179.206894,214.000000,55.406063,164.051086,15.600000,30.464001
2018-07-03,30.883219,36.389999,36.610001,36.349998,6512600.000000,179.625595,214.500000,54.395927,162.152313,16.139999,30.535000
2018-07-05,31.052965,36.590000,36.599998,36.240002,9230900.000000,179.625595,214.500000,55.850895,164.164978,14.970000,30.507000
2018-07-06,31.630056,37.270000,37.349998,36.759998,7251600.000000,181.719162,217.000000,56.536678,166.718765,13.370000,30.509001
2018-07-09,32.105312,37.830002,38.029999,37.570000,7124100.000000,185.487518,221.500000,56.898113,168.218842,12.690000,30.427999
2018-07-10,32.190170,37.930000,37.950001,37.470001,7211500.000000,185.906250,222.000000,57.500465,168.342224,12.640000,30.309000
2018-07-11,31.375452,36.970001,37.349998,36.900002,7316200.000000,184.231369,220.000000,56.023884,167.487762,13.630000,30.400000
2018-07-12,31.664009,37.310001,37.590000,37.200001,5275300.000000,184.650085,220.500000,56.400749,170.373901,12.580000,30.645000
2018-07-13,32.054394,37.770000,37.799999,37.480000,4947500.000000,187.999771,224.500000,56.196873,170.516296,12.180000,30.479000
2018-07-16,32.071377,37.790001,37.889999,37.650002,5399200.000000,187.162338,223.500000,56.119644,170.108017,12.830000,30.566000
2018-07-17,32.283543,38.040001,38.119999,37.349998,6238500.000000,185.487518,221.500000,56.925907,171.142929,12.060000,30.469999
2018-07-18,32.597530,38.410000,38.470001,37.880001,10532200.000000,186.743652,223.000000,57.364544,170.820084,12.100000,30.485001
2018-07-19,33.785690,39.810001,40.389999,38.619999,17762300.000000,187.999771,224.500000,57.237900,169.965637,12.870000,30.559999
2018-07-20,34.566467,40.730000,40.849998,39.840000,14481000.000000,198.886169,237.500000,56.969143,169.927658,12.860000,30.670000
2018-07-23,34.574951,40.740002,40.980000,40.630001,6832800.000000,201.817093,241.000000,57.046371,170.468796,12.620000,30.570999
2018-07-24,34.277916,40.389999,41.209999,40.380001,7018300.000000,201.817093,241.000000,56.425465,171.171356,12.410000,30.570000
2018-07-25,34.702263,40.889999,40.900002,40.310001,7725700.000000,201.398392,240.500000,56.638615,173.563812,12.290000,30.618999
2018-07-26,34.642849,40.820000,40.939999,40.439999,8476600.000000,201.817093,241.000000,57.744518,170.933975,12.140000,30.398001
2018-07-27,35.177509,41.450001,41.919998,40.939999,9468500.000000,204.748016,244.500000,57.488117,168.627075,13.030000,30.603001
2018-07-30,34.871990,41.090000,41.520000,40.889999,5174300.000000,205.585480,245.500000,56.925907,166.244095,14.260000,30.555000
2018-07-31,34.973827,41.209999,41.580002,41.090000,4908300.000000,206.004166,246.000000,57.302773,167.516251,12.830000,30.572001
2018-08-01,35.398167,41.709999,41.730000,41.320000,6115000.000000,207.679016,248.000000,57.219353,168.152328,13.150000,30.570999
2018-08-02,35.262379,41.549999,41.650002,41.000000,4669300.000000,204.748016,244.500000,57.781586,170.440277,12.190000,30.621000
2018-08-03,35.381191,41.689999,41.950001,41.560001,4575200.000000,206.841599,247.000000,57.902050,170.962494,11.640000,30.667999
2018-08-06,34.855003,41.070000,41.419998,41.000000,7245800.000000,205.585480,245.500000,58.251122,171.968842,11.270000,30.573000
2018-08-07,34.999287,41.240002,41.250000,40.840000,7494900.000000,202.235825,241.500000,58.714485,172.595444,10.930000,30.572001
2018-08-08,35.618824,41.970001,42.110001,41.450001,5089600.000000,207.260284,247.500000,58.850407,172.804260,10.850000,30.466999
2018-08-09,35.508495,41.840000,41.950001,41.680000,4513300.000000,206.841599,247.000000,58.269657,172.699829,11.270000,30.573000
2018-08-10,34.821068,41.029999,41.299999,40.790001,7053200.000000,205.166809,245.000000,56.823963,171.380203,13.160000,30.591999
2018-08-13,34.549500,40.709999,40.990002,40.470001,6708600.000000,201.398392,240.500000,56.907375,171.190323,14.780000,30.731001
2018-08-14,34.719227,40.910000,41.189999,40.869999,5339100.000000,203.910645,243.500000,56.793064,172.263123,13.310000,30.848000
2018-08-15,34.328846,40.450001,40.549999,40.119999,6052800.000000,202.235825,241.500000,56.005341,170.155563,14.640000,30.809999
2018-08-16,34.294899,40.410000,40.730000,40.369999,5544000.000000,200.142273,239.000000,55.934299,170.715698,13.450000,30.826000
2018-08-17,34.057266,40.130001,40.220001,39.790001,7897200.000000,200.560989,239.500000,55.517265,170.753662,12.640000,30.743999
2018-08-20,34.031796,40.099998,40.240002,39.900002,4156700.000000,200.560989,239.500000,55.467838,170.601761,12.490000,30.655001
2018-08-21,34.702263,40.889999,41.040001,40.360001,6075100.000000,201.817093,241.000000,56.549026,171.228317,12.860000,30.705999
2018-08-22,34.710739,40.900002,41.049999,40.540001,5512700.000000,202.654510,242.000000,56.814690,171.892868,12.250000,30.631001
2018-08-23,34.524036,40.680000,41.349998,40.680000,4126100.000000,204.748016,244.500000,56.879570,171.646072,12.410000,30.667000
2018-08-24,34.999287,41.240002,41.410000,40.830002,4232000.000000,203.910645,243.500000,57.704361,173.240967,11.990000,30.813000
2018-08-27,35.245399,41.529999,41.709999,41.369999,5733000.000000,205.166809,245.000000,58.621815,175.006836,12.160000,30.660000
2018-08-28,35.941315,42.349998,42.759998,42.250000,10683500.000000,208.935165,249.500000,58.847324,175.263138,12.500000,30.677000
2018-08-29,37.451958,44.130001,44.380001,43.090000,12278200.000000,216.890594,259.000000,59.001770,177.285263,12.250000,30.589001
2018-08-30,36.883347,43.459999,44.490002,43.410000,7826200.000000,220.658966,263.500000,58.473537,176.971970,13.530000,30.612000
2018-08-31,37.002148,43.599998,43.610001,42.959999,8782900.000000,214.378311,256.000000,58.791714,177.199860,12.860000,30.683001
2018-09-04,37.434982,44.110001,44.119999,43.189999,8174900.000000,215.634445,257.500000,59.264347,176.440353,13.160000,30.730000
2018-09-05,37.528336,44.220001,44.570000,44.020000,7262400.000000,221.077682,264.000000,58.977066,174.161880,13.910000,30.714001
2018-09-06,37.384064,44.049999,44.070000,43.580002,10424900.000000,218.565414,261.000000,57.413990,172.604858,14.650000,30.728001
2018-09-07,38.088455,44.880001,45.240002,43.980000,14256000.000000,221.077682,264.000000,57.176109,171.940369,14.880000,30.784000
2018-09-10,37.867802,44.619999,45.060001,44.520000,6824900.000000,221.496368,264.500000,57.781586,172.519424,14.160000,30.805000
2018-09-11,37.808407,44.549999,44.570000,43.580002,12509700.000000,217.727997,260.000000,57.222439,173.848572,13.220000,30.782000
2018-09-12,37.290707,43.939999,44.299999,43.820000,10303700.000000,218.146698,260.500000,56.561390,173.335922,13.140000,30.742001
2018-09-13,36.857880,43.430000,43.990002,43.270000,9624500.000000,213.540894,255.000000,57.207001,175.187180,12.370000,30.718000
2018-09-14,37.689579,44.410000,44.560001,43.950001,5295400.000000,218.565414,261.000000,57.849548,174.674576,12.070000,30.697001
2018-09-17,37.137943,43.759998,44.139999,43.470001,6210300.000000,216.053162,258.000000,57.043289,172.158722,13.680000,30.757000
2018-09-18,36.968216,43.560001,44.090000,43.349998,8814200.000000,213.122192,254.500000,57.534447,173.582733,12.790000,30.799000
2018-09-19,37.358593,44.020000,44.389999,43.740002,6393200.000000,216.053162,258.000000,57.624035,173.449799,11.750000,30.719000
2018-09-20,37.485901,44.169998,44.430000,43.900002,4728000.000000,217.727997,260.000000,58.322170,175.367554,11.800000,30.670000
2018-09-21,37.392544,44.060001,44.410000,44.020000,6668600.000000,218.984100,261.500000,58.164635,174.408722,11.680000,30.711000
2018-09-24,38.096943,44.889999,44.939999,43.790001,8229100.000000,218.984100,261.500000,58.365417,174.893738,12.200000,30.615000
2018-09-25,37.485901,44.169998,44.910000,44.130001,6678200.000000,220.658966,263.500000,57.435608,175.131546,12.420000,30.667000
2018-09-26,37.570778,44.270000,44.730000,44.250000,4564300.000000,220.658966,263.500000,56.842049,175.255188,12.890000,30.591000
2018-09-27,37.986618,44.759998,45.230000,44.580002,6711700.000000,221.915115,265.000000,57.056126,176.738800,12.410000,30.591000
2018-09-28,37.477421,44.160000,44.619999,43.970001,7727700.000000,219.821548,262.500000,57.416058,176.700806,12.120000,30.521000
2018-10-01,37.901756,44.660000,44.959999,44.419998,5029800.000000,220.240219,263.000000,57.614635,177.062195,12.000000,30.447001
2018-10-02,37.019131,43.619999,43.990002,43.450001,5440300.000000,215.634445,257.500000,57.614635,176.662750,12.050000,30.549999
2018-10-03,37.307682,43.959999,44.240002,43.570000,5631100.000000,217.727997,260.000000,57.667389,176.853012,11.610000,30.642000
2018-10-04,36.009209,42.430000,43.080002,41.970001,7885000.000000,212.703506,254.000000,56.646572,173.457611,14.220000,30.731001
2018-10-05,35.330269,41.630001,42.070000,41.169998,7921400.000000,209.353867,250.000000,55.306202,171.336700,14.820000,30.809000
2018-10-08,34.761654,40.959999,41.169998,40.400002,7761800.000000,203.910645,243.500000,54.688751,170.290527,15.690000,30.900999
2018-10-09,34.710739,40.900002,41.299999,40.580002,5678700.000000,204.329330,244.000000,54.626701,170.842148,15.950000,30.952999
2018-10-10,33.395287,39.349998,40.439999,39.349998,12853500.000000,204.329330,244.000000,52.215878,163.328674,22.959999,30.941000
2018-10-11,33.047333,38.939999,39.599998,38.330002,10209000.000000,190.512039,227.500000,51.694614,161.302872,24.980000,31.069000
2018-10-12,33.658390,39.660000,40.580002,39.189999,7578600.000000,198.467468,237.000000,52.634747,165.791946,21.309999,30.943001
2018-10-15,32.886097,38.750000,39.590000,38.720001,8209000.000000,193.024246,230.500000,52.203465,163.785172,21.299999,30.892000
2018-10-16,33.955414,40.009998,40.060001,39.400002,10748100.000000,198.467468,237.000000,53.903767,168.550079,17.620001,30.825001
2018-10-17,33.582001,39.570000,40.090000,39.180000,8173600.000000,199.723587,238.500000,53.689682,168.616608,17.400000,30.768000
2018-10-18,32.707870,38.540001,39.950001,38.459999,9555600.000000,198.048767,236.500000,52.346188,164.707718,20.059999,30.802000
2018-10-19,32.631496,38.450001,39.320000,38.340000,11266200.000000,197.630005,236.000000,51.561192,164.555542,19.889999,30.947001
2018-10-22,32.860626,38.720001,39.230000,38.540001,8165700.000000,198.467468,237.000000,51.877682,165.401932,19.639999,30.885000
2018-10-23,32.249588,38.000000,38.180000,37.259998,12350000.000000,192.605545,230.000000,51.607738,164.793289,20.709999,30.844999
2018-10-24,30.959602,36.480000,37.560001,36.430000,13312400.000000,192.186829,229.500000,48.222652,157.251221,25.230000,30.938000
2018-10-25,31.731897,37.389999,37.549999,36.490002,9927300.000000,183.812683,219.500000,49.299297,162.691422,24.219999,30.905001
2018-10-26,31.120842,36.669998,37.290001,36.139999,11973200.000000,185.068787,221.000000,48.442955,158.506668,24.160000,30.881001
2018-10-29,30.832310,36.330002,37.410000,35.970001,8269300.000000,186.324905,222.500000,47.937202,155.244461,24.700001,30.962999
2018-10-30,32.062881,37.779999,37.799999,36.669998,12106400.000000,186.743652,223.000000,49.929165,157.802887,23.350000,30.896999
2018-10-31,32.334454,38.099998,38.990002,38.029999,12610900.000000,195.955154,234.000000,50.562122,161.512131,21.230000,30.858000
2018-11-01,33.140701,39.049999,39.080002,38.389999,14348600.000000,197.211365,235.500000,52.935707,163.642502,19.340000,30.931000
2018-11-02,32.911556,38.779999,39.490002,38.430000,9736200.000000,198.048767,236.500000,52.138309,161.093597,19.510000,30.620001
2018-11-05,32.656944,38.480000,38.820000,38.310001,8591900.000000,196.792648,235.000000,51.663574,160.694168,19.959999,30.591999
2018-11-06,32.869118,38.730000,38.849998,38.419998,8578100.000000,196.373917,234.500000,52.265522,161.911560,19.910000,30.695000
2018-11-07,33.251015,39.180000,39.299999,38.720001,6568700.000000,195.955154,234.000000,52.858139,166.990311,16.360001,30.681999
2018-11-08,32.843662,38.700001,39.060001,38.689999,7953700.000000,198.048767,236.500000,52.715408,165.925110,16.719999,30.569000
2018-11-09,32.308987,38.070000,38.389999,37.810001,5975400.000000,193.442932,231.000000,51.710114,163.128906,17.360001,30.614000
2018-11-12,31.451834,37.060001,37.919998,37.009998,11666700.000000,193.861664,231.500000,49.401707,158.192825,20.450001,30.774000
2018-11-13,31.740383,37.400002,38.119999,37.240002,15057100.000000,190.512039,227.500000,50.081196,158.325943,20.020000,30.889000
2018-11-14,32.113800,37.840000,38.340000,37.369999,10404900.000000,191.349396,228.500000,50.301487,157.118027,21.250000,30.766001
2018-11-15,32.690899,38.520000,38.570000,37.889999,10840400.000000,193.442932,231.000000,52.001778,159.866730,19.980000,30.764000
2018-11-16,31.290585,36.869999,37.200001,36.660000,16382400.000000,189.255890,226.000000,51.375031,159.305618,18.139999,30.788000
2018-11-19,30.594683,36.049999,36.680000,35.959999,15191700.000000,185.906250,222.000000,49.411003,154.131744,20.100000,30.770000
2018-11-20,30.246716,35.639999,35.990002,35.220001,11673500.000000,182.556534,218.000000,49.473053,151.373581,22.480000,30.879999
2018-11-21,30.696508,36.169998,36.720001,36.139999,7013100.000000,183.393967,219.000000,49.677841,152.524399,20.799999,30.941000
2018-11-23,30.518290,35.959999,36.200001,35.750000,2320500.000000,182.975220,218.500000,49.705765,151.421127,21.520000,30.796000
2018-11-26,31.265125,36.840000,36.889999,36.470001,7077300.000000,186.743652,223.000000,50.605553,154.921097,18.900000,30.905001
2018-11-27,31.231180,36.799999,36.820000,36.389999,6870200.000000,187.581070,224.000000,50.680027,155.444183,19.020000,30.851999
2018-11-28,32.258072,38.009998,38.020000,37.070000,8380200.000000,189.674606,226.500000,51.865269,160.446854,18.490000,30.896000
2018-11-29,32.190170,37.930000,38.369999,37.869999,7056600.000000,191.768158,229.000000,51.486740,159.923798,18.790001,30.722000
2018-11-30,31.901630,37.590000,37.599998,37.080002,8734400.000000,188.837189,225.500000,52.203465,161.084106,18.070000,30.642000
2018-12-03,32.869118,38.730000,39.000000,38.380001,7457600.000000,196.792648,235.000000,53.574879,163.899307,16.440001,30.832001
2018-12-04,31.774326,37.439999,38.779999,37.430000,13321200.000000,195.955154,234.000000,51.012016,157.612625,20.740000,30.561001
2018-12-06,31.282106,36.860001,36.860001,35.610001,12075700.000000,184.231369,220.000000,50.751396,158.725403,21.190001,30.708000
2018-12-07,30.993542,36.520000,36.939999,36.139999,10802700.000000,185.068787,221.000000,48.858711,153.485001,23.230000,30.820000
2018-12-10,30.917183,36.430000,36.830002,36.080002,12439100.000000,183.393967,219.000000,49.485477,155.092346,22.639999,30.920000
2018-12-11,31.146317,36.700001,37.349998,36.299999,8635800.000000,186.324905,222.500000,49.801949,155.605942,21.760000,30.867001
2018-12-12,31.723408,37.380001,37.700001,37.270000,8405400.000000,189.674606,226.500000,50.509380,156.975418,21.459999,30.754000
2018-12-13,31.680986,37.330002,37.660000,37.189999,5825900.000000,189.255890,226.000000,50.403881,157.023010,20.650000,30.674000
2018-12-14,31.002043,36.529999,37.110001,36.529999,5969600.000000,186.324905,222.500000,49.690250,153.199646,21.629999,30.716000
2018-12-17,30.738956,36.220001,36.939999,36.119999,10733100.000000,187.162338,223.500000,49.046322,149.728210,24.520000,30.825001
2018-12-18,31.197231,36.759998,37.000000,36.610001,7100400.000000,186.324905,222.500000,49.693054,150.669739,25.580000,30.724001
2018-12-19,30.747431,36.230000,37.279999,36.099998,11786400.000000,188.837189,225.500000,47.578712,146.970139,25.580000,30.670000
2018-12-20,30.450409,35.880001,36.750000,35.540001,12540400.000000,185.068787,221.000000,47.249115,144.839691,28.379999,30.816000
2018-12-21,30.306133,35.709999,36.930000,35.650002,16981000.000000,187.162338,223.500000,46.446926,140.350571,30.110001,30.711000
2018-12-24,29.949684,35.290001,35.889999,35.270000,6288500.000000,184.231369,220.000000,45.085041,136.870148,36.070000,30.795000
2018-12-26,31.197231,36.759998,36.770000,35.330002,10063400.000000,181.300415,216.500000,47.790146,145.416214,30.410000,30.799000
2018-12-27,31.214207,36.779999,36.799999,35.959999,8688600.000000,186.743652,223.000000,48.104191,145.978943,29.959999,30.806000
2018-12-28,31.519726,37.139999,37.680000,37.020000,7369000.000000,188.837189,225.500000,48.449314,145.902664,28.340000,30.767000
2018-12-31,31.324530,36.910000,37.590000,36.770000,4600600.000000,188.837189,225.500000,48.788242,147.133072,25.420000,30.552999
2019-01-02,30.993542,36.520000,36.750000,36.000000,5273100.000000,183.812683,219.500000,49.102268,147.724411,23.219999,30.500999
2019-01-03,29.160421,34.360001,35.520000,34.270000,15998000.000000,180.463013,215.500000,46.238609,142.898193,25.450001,30.759001
2019-01-04,29.678110,34.970001,35.029999,34.209999,14178200.000000,174.182434,208.000000,48.324955,149.012039,21.379999,30.863001
2019-01-07,29.898760,35.230000,35.470001,34.970001,6850800.000000,178.369507,213.000000,49.217323,150.786102,21.400000,30.783001
2019-01-08,29.652643,34.939999,35.180000,34.639999,11462600.000000,176.694656,211.000000,49.002777,152.150055,20.469999,30.802999
2019-01-09,30.221254,35.610001,35.959999,35.330002,11770300.000000,180.463013,215.500000,50.262054,153.389984,19.980000,30.816000
2019-01-10,30.908678,36.419998,36.480000,35.400002,7894600.000000,180.881683,216.000000,50.706684,153.828751,19.500000,30.711000
2019-01-11,31.069935,36.610001,36.770000,36.240002,7232700.000000,184.650085,220.500000,51.250805,153.265961,18.190001,30.778999
2019-01-14,30.348557,35.759998,36.189999,35.720001,6146200.000000,182.975220,218.500000,50.417519,151.911606,19.070000,30.785999
2019-01-15,30.586197,36.040001,36.230000,35.799999,10165800.000000,185.068787,221.000000,50.563660,154.877914,18.600000,30.834000
2019-01-16,30.246716,35.639999,36.029999,35.639999,8727400.000000,182.137863,217.500000,50.100368,154.849289,19.040001,30.827999
2019-01-17,30.798363,36.290001,36.549999,34.830002,21916900.000000,184.650085,220.500000,50.563660,156.070114,18.059999,30.764999
2019-01-18,31.265125,36.840000,37.009998,36.160000,12905900.000000,182.975220,218.500000,51.878902,157.615295,17.799999,30.827000
2019-01-22,30.866251,36.369999,36.759998,36.099998,13381700.000000,186.743652,223.000000,50.386425,154.458221,20.799999,30.875999
2019-01-23,30.968084,36.490002,36.740002,36.240002,13918600.000000,184.650085,220.500000,50.031963,154.658508,19.520000,30.877001
2019-01-24,31.944065,37.639999,37.639999,36.779999,14094100.000000,186.324905,222.500000,52.939186,155.660034,18.889999,30.858000
2019-01-25,32.368393,38.139999,38.259998,37.880001,16763700.000000,189.255890,226.000000,54.036758,157.519867,17.420000,30.874001
2019-01-28,31.774326,37.439999,37.660000,36.900002,14086500.000000,191.768158,229.000000,52.970261,155.574142,18.870001,30.708000
2019-01-29,30.832310,36.330002,37.290001,36.299999,10100800.000000,186.324905,222.500000,52.205368,154.105301,19.129999,30.788000
2019-01-30,31.723408,37.380001,37.450001,36.290001,9281600.000000,185.068787,221.000000,53.719616,158.025452,17.660000,30.781000
2019-01-31,31.927090,37.619999,38.099998,37.310001,7633400.000000,185.068787,221.000000,53.694740,160.390869,16.570000,30.723000
2019-02-01,31.884661,37.570000,37.869999,37.439999,6438300.000000,185.068787,221.000000,54.338364,159.713669,16.139999,30.686001
2019-02-04,32.198666,37.939999,38.009998,37.380001,7283800.000000,185.068787,221.000000,54.611988,161.697556,15.730000,30.763000
2019-02-05,32.461758,38.250000,38.270000,37.880001,7314000.000000,185.068787,221.000000,54.860725,163.128220,15.570000,30.777000
2019-02-06,32.877609,38.740002,38.820000,38.310001,8795200.000000,185.068787,221.000000,56.337654,162.641846,15.380000,30.729000
2019-02-07,32.351437,38.119999,38.459999,37.830002,7916200.000000,185.068787,221.000000,55.115688,160.457657,16.370001,30.787001
2019-02-08,32.071377,37.790001,37.919998,37.500000,7147200.000000,185.068787,221.000000,55.019291,160.772369,15.720000,30.808001
2019-02-11,32.495701,38.290001,38.290001,37.830002,8860700.000000,190.930725,228.000000,55.289806,160.619751,15.970000,30.820000
2019-02-12,32.792736,38.639999,38.770000,38.439999,8831200.000000,192.605545,230.000000,56.458916,162.994690,15.430000,30.877001
2019-02-13,32.359921,38.130001,38.480000,38.049999,7155600.000000,191.768158,229.000000,56.639244,163.109177,15.650000,30.792000
2019-02-14,32.300514,38.060001,38.209999,37.759998,7782800.000000,190.093246,227.000000,56.791599,163.309494,16.219999,30.851999
2019-02-15,32.325958,38.090000,38.279999,37.869999,6257600.000000,190.093246,227.000000,57.083889,163.996216,14.910000,30.820999
2019-02-19,32.639973,38.459999,38.660000,38.099998,8105700.000000,191.768158,229.000000,57.006157,164.320496,14.880000,30.818001
2019-02-20,33.098251,39.000000,39.509998,38.889999,7178600.000000,196.373917,234.500000,57.491203,164.291916,14.020000,30.778999
2019-02-21,33.081284,38.980000,39.180000,38.799999,4607300.000000,198.048767,236.500000,57.065239,163.690979,14.460000,30.792000
2019-02-22,33.429245,39.389999,39.410000,39.080002,5117800.000000,198.048767,236.500000,57.677773,164.902283,13.510000,30.799000
2019-02-25,33.590496,39.580002,39.919998,39.480000,5101500.000000,199.304871,238.000000,58.153500,165.503220,14.850000,30.747000
2019-02-26,33.607464,39.599998,39.669998,39.380001,5587300.000000,200.560989,239.500000,57.789703,165.674881,15.170000,30.735001
2019-02-27,33.480164,39.450001,39.590000,39.060001,8194900.000000,200.142273,239.000000,57.096317,165.569977,14.700000,30.753000
2019-02-28,33.140701,39.049999,39.290001,39.000000,5705100.000000,200.142273,239.000000,57.130527,165.188477,14.780000,30.777000
2019-03-01,33.429245,39.389999,39.520000,39.200001,5299200.000000,200.142273,239.000000,57.637348,166.333008,13.570000,30.825001
2019-03-04,33.225555,39.150002,39.330002,38.709999,7081100.000000,197.211365,235.500000,57.643562,166.361649,14.630000,30.837000
2019-03-05,33.115238,39.020000,39.230000,38.660000,7192400.000000,195.117752,233.000000,57.422798,166.485596,14.740000,30.837999
2019-03-06,32.920040,38.790001,39.220001,38.779999,4433400.000000,195.955154,234.000000,56.474464,165.541367,15.740000,30.830000
2019-03-07,32.784252,38.630001,38.880001,38.369999,4231300.000000,195.955154,234.000000,55.865044,163.509781,16.590000,30.829000
2019-03-08,32.419319,38.200001,38.380001,37.939999,5066200.000000,192.605545,230.000000,55.815281,163.261810,16.049999,30.907000
2019-03-11,32.792736,38.639999,38.689999,38.200001,6005400.000000,193.024246,230.500000,57.114986,166.657288,14.330000,30.891001
2019-03-12,33.013401,38.900002,39.169998,38.860001,5580200.000000,197.211365,235.500000,57.329521,167.572968,13.770000,30.912001
2019-03-13,33.276482,39.209999,39.439999,39.020000,6086400.000000,198.467468,237.000000,57.559620,168.831970,13.410000,30.886999
2019-03-14,32.945496,38.820000,39.049999,38.740002,4935000.000000,196.373917,234.500000,57.245564,168.545822,13.500000,30.896000
2019-03-15,33.649899,39.650002,40.070000,39.410000,8871300.000000,200.142273,239.000000,58.905933,170.110107,12.880000,30.913000
2019-03-18,33.819633,39.849998,39.980000,39.639999,6290900.000000,201.817093,241.000000,58.815777,170.515213,13.100000,30.889000
2019-03-19,33.743256,39.759998,40.080002,39.599998,8033600.000000,201.398392,240.500000,59.577553,171.088531,13.560000,30.764999
2019-03-20,33.819633,39.849998,40.150002,39.639999,5394000.000000,202.654510,242.000000,59.019474,171.766953,13.910000,30.790001
2019-03-21,34.829556,41.040001,41.240002,40.220001,6509600.000000,205.585480,245.500000,61.058502,174.452026,13.630000,30.745001
2019-03-22,34.311855,40.430000,41.020000,40.340000,6759100.000000,208.097733,248.500000,59.337482,170.620346,16.480000,30.792999
2019-03-25,33.879044,39.919998,40.459999,39.770000,4901800.000000,202.235825,241.500000,58.595455,170.295456,16.330000,30.868000
2019-03-26,34.286400,40.400002,40.630001,40.070000,5573500.000000,204.329330,244.000000,59.156651,171.088531,14.680000,30.816000
2019-03-27,34.116676,40.200001,40.259998,39.799999,7660300.000000,202.235825,241.500000,58.327332,169.989700,15.150000,30.839001
2019-03-28,34.235481,40.340000,40.540001,40.200001,6632700.000000,202.654510,242.000000,58.230679,170.381439,14.430000,30.882000
2019-03-29,34.761654,40.959999,41.049999,40.599998,6116300.000000,205.585480,245.500000,59.094296,171.671432,13.710000,30.851000
2019-04-01,35.109615,41.369999,41.369999,40.740002,6834200.000000,205.585480,245.500000,60.569012,173.945602,13.400000,30.839001
2019-04-02,35.024750,41.270000,41.360001,41.000000,5580200.000000,206.004166,246.000000,60.659416,174.604935,13.360000,30.816999
2019-04-03,35.466064,41.790001,41.959999,41.509998,6821100.000000,206.422897,246.500000,62.000072,175.608215,13.740000,30.829000
2019-04-04,35.678219,42.040001,42.180000,41.650002,7610300.000000,206.422897,246.500000,62.134132,175.541367,13.580000,30.788000
2019-04-05,35.839474,42.230000,42.340000,42.060001,4430600.000000,206.422897,246.500000,62.583084,176.449097,12.820000,30.792999
2019-04-08,35.975266,42.389999,42.490002,42.080002,6830300.000000,211.866074,253.000000,62.729626,176.898178,13.180000,30.789000
2019-04-09,35.822498,42.209999,42.299999,42.029999,5049900.000000,212.703506,254.000000,62.078007,176.277084,14.280000,30.808001
2019-04-10,35.958290,42.369999,42.500000,42.180000,4040200.000000,212.703506,254.000000,62.558163,177.223068,13.300000,30.816999
2019-04-11,35.729141,42.099998,42.200001,41.950001,5172200.000000,211.028641,252.000000,62.505138,176.802597,13.020000,30.837999
2019-04-12,36.136513,42.580002,42.650002,42.279999,6555700.000000,211.028641,252.000000,63.371895,177.567062,12.010000,30.851999
2019-04-15,36.161976,42.610001,42.770000,42.459999,5274400.000000,213.959656,255.500000,62.901108,177.595734,12.320000,30.830000
2019-04-16,36.501427,43.009998,43.080002,42.750000,6639100.000000,215.215775,257.000000,64.915192,178.207306,12.180000,30.854000
2019-04-17,37.672619,44.389999,44.459999,43.860001,15795700.000000,218.984100,261.500000,65.990829,178.828369,12.600000,30.863001
2019-04-18,38.529774,45.400002,45.639999,44.000000,16569800.000000,221.496368,264.500000,66.000175,179.057709,12.090000,30.761999
2019-04-22,38.317600,45.150002,45.160000,44.590000,10872000.000000,222.752518,266.000000,65.950294,179.564133,12.420000,30.806999
2019-04-23,38.546738,45.419998,45.419998,45.060001,11437500.000000,224.427307,268.000000,66.629951,181.847839,12.280000,30.840000
2019-04-24,38.538258,45.410000,45.590000,44.939999,10776800.000000,225.264755,269.000000,67.247292,181.274521,13.140000,30.854000
2019-04-25,37.748993,44.480000,45.040001,44.430000,10149800.000000,224.008606,267.500000,66.065636,182.010269,13.250000,30.924000
2019-04-26,37.290707,43.939999,44.000000,43.320000,12745000.000000,217.727997,260.000000,65.520042,182.172714,12.730000,30.923000
2019-04-29,37.197361,43.830002,43.919998,43.580002,9272100.000000,217.309265,259.500000,65.442085,182.526291,13.110000,30.902000
2019-04-30,37.188866,43.820000,43.939999,43.259998,11863900.000000,216.890594,259.000000,65.959641,181.112122,13.120000,30.892000
2019-05-01,37.188866,43.820000,44.560001,43.820000,7319000.000000,216.890594,259.000000,65.432739,180.529236,14.800000,30.886999
2019-05-02,37.681091,44.400002,44.470001,43.750000,10717200.000000,216.890594,259.000000,66.062515,179.745697,14.420000,30.907000
2019-05-03,37.944191,44.709999,45.139999,44.560001,5479900.000000,221.915115,265.000000,66.580101,182.612305,12.870000,30.889999
2019-05-06,37.137943,43.759998,43.820000,43.209999,10756400.000000,216.890594,259.000000,65.495110,181.494293,15.440000,30.895000
2019-05-07,37.137943,43.759998,44.049999,43.290001,10225200.000000,219.821548,262.500000,63.883186,177.958847,19.320000,30.910000
2019-05-08,37.087029,43.700001,44.000000,43.459999,8112600.000000,217.727997,260.000000,63.337593,177.509705,19.400000,30.937000
2019-05-09,36.705132,43.250000,43.299999,42.279999,11229400.000000,214.797043,256.500000,62.639191,176.554230,19.100000,30.945000
2019-05-10,36.348679,42.830002,43.090000,42.189999,8313900.000000,214.378311,256.000000,62.729626,176.773956,16.040001,31.002001
2019-05-13,34.787128,40.990002,41.509998,40.740002,11046000.000000,209.772552,250.500000,59.795811,170.639420,20.549999,30.937000
2019-05-14,35.618824,41.970001,42.080002,41.400002,7107800.000000,208.097733,248.500000,61.173862,172.512314,18.059999,31.105000
2019-05-15,35.618824,41.970001,42.330002,41.459999,5347700.000000,208.516449,249.000000,61.644646,174.948883,16.440001,31.139000
2019-05-16,35.245399,41.529999,41.639999,41.220001,9214700.000000,206.841599,247.000000,60.671898,176.707062,15.290000,31.077999
2019-05-17,34.159107,40.250000,40.950001,40.090000,11271000.000000,202.235825,241.500000,59.490257,174.901138,15.960000,31.186001
2019-05-20,32.809715,38.660000,39.299999,38.520000,13979700.000000,199.304871,238.000000,57.117630,171.948547,16.309999,31.365999
2019-05-21,33.352859,39.299999,39.340000,38.660000,11806400.000000,195.955154,234.000000,58.286789,173.744965,14.950000,31.379999
2019-05-22,33.013401,38.900002,39.389999,38.889999,12217600.000000,199.304871,238.000000,57.055271,172.970917,14.750000,31.379999
2019-05-23,32.308987,38.070000,38.180000,37.410000,14708800.000000,192.605545,230.000000,56.166714,170.324142,16.920000,31.452999
2019-05-24,32.419319,38.200001,38.740002,38.200001,10540700.000000,195.117752,233.000000,55.677212,170.238098,15.850000,31.514000
2019-05-28,31.952566,37.650002,38.200001,37.650002,12484600.000000,193.024246,230.500000,55.200203,169.597900,17.500000,31.452999
2019-05-29,31.986494,37.689999,37.750000,37.180000,13043000.000000,192.186829,229.500000,55.399738,168.202805,17.900000,31.547001
2019-05-30,32.283543,38.040001,38.369999,37.840000,7351600.000000,193.442932,231.000000,55.867413,168.909943,17.299999,31.615999
2019-05-31,32.546619,38.349998,38.970001,38.250000,9302700.000000,197.211365,235.500000,55.034962,166.215256,18.709999,31.577000
2019-06-03,32.945496,38.820000,39.090000,38.660000,9618300.000000,199.304871,238.000000,55.165909,162.555618,18.860001,31.521999
2019-06-04,33.149189,39.060001,39.099998,38.419998,6985600.000000,195.117752,233.000000,57.579063,167.132599,16.969999,31.375999
2019-06-05,32.444790,38.230000,39.259998,38.099998,8219800.000000,196.792648,235.000000,57.164394,168.374878,16.090000,31.326000
2019-06-06,32.623005,38.439999,38.590000,37.919998,6234000.000000,194.280380,232.000000,57.956306,169.712585,15.930000,31.299000
2019-06-07,32.945496,38.820000,39.000000,38.560001,4456900.000000,194.280380,232.000000,58.611038,172.990036,16.299999,31.270000
2019-06-10,33.624435,39.619999,40.130001,39.450001,8351800.000000,200.979706,240.000000,60.038986,175.006241,15.940000,31.354000
2019-06-11,33.912983,39.959999,40.599998,39.939999,6100600.000000,204.748016,244.500000,60.279064,175.245148,15.990000,31.386000
2019-06-12,33.488655,39.459999,40.189999,39.450001,6163200.000000,206.004166,246.000000,58.879169,174.232224,15.910000,31.363001
2019-06-13,33.480164,39.450001,39.619999,39.029999,6646800.000000,200.979706,240.000000,59.162895,175.264191,15.820000,31.427000
2019-06-14,32.113800,37.840000,38.700001,37.830002,11281500.000000,197.630005,236.000000,57.672596,174.518936,15.280000,31.468000
2019-06-17,31.961035,37.660000,38.049999,37.660000,6500700.000000,195.117752,233.000000,57.245895,175.569962,15.350000,31.493000
2019-06-18,33.276482,39.209999,39.419998,38.220001,12303200.000000,197.211365,235.500000,59.722195,178.121231,15.150000,31.476000
2019-06-19,33.437733,39.400002,39.959999,39.299999,10217600.000000,204.329330,244.000000,59.841148,178.790146,14.330000,31.264999
2019-06-20,34.379761,40.509998,40.720001,40.139999,10400000.000000,205.166809,245.000000,60.345181,180.452759,14.750000,31.110001
2019-06-21,34.388248,40.520000,40.700001,40.419998,12766200.000000,208.097733,248.500000,60.000816,180.185226,15.400000,30.875000
2019-06-24,35.033180,39.980000,40.070000,39.439999,6571000.000000,208.530319,241.000000,60.063416,180.190994,15.260000,30.945000
2019-06-25,34.104336,38.919998,39.520000,38.910000,6790500.000000,206.367233,238.500000,59.233810,177.097809,16.280001,30.836000
2019-06-26,34.244537,39.080002,39.380001,38.980000,9133300.000000,202.906113,234.500000,61.146614,177.921387,16.209999,30.969999
2019-06-27,34.691444,39.590000,39.759998,39.290001,11375200.000000,208.097717,240.500000,62.035683,178.601273,15.820000,30.924999
2019-06-28,34.323395,39.169998,39.730000,39.119999,7040000.000000,206.799850,239.000000,62.113949,178.831100,15.080000,30.889000
2019-07-01,36.259949,41.380001,41.900002,41.150002,11046800.000000,215.019913,248.500000,63.679256,181.244385,14.060000,30.879000
2019-07-02,35.751709,40.799999,41.310001,40.740002,4445600.000000,215.452560,249.000000,62.884079,181.962616,12.930000,30.952999
2019-07-03,35.339867,40.330002,40.369999,40.009998,3125000.000000,209.828308,242.500000,62.596077,183.332077,12.570000,30.968000
2019-07-05,34.989368,39.930000,40.099998,39.639999,3149300.000000,210.260864,243.000000,62.239189,182.958603,13.280000,31.013000
2019-07-08,34.454842,39.320000,39.689999,39.240002,6772300.000000,209.828308,242.500000,61.757076,181.675323,13.960000,31.169001
2019-07-09,34.761524,39.669998,40.009998,39.419998,6577000.000000,209.395645,242.000000,62.142139,182.585114,14.090000,31.160000
2019-07-10,35.672859,40.709999,41.139999,40.549999,7945000.000000,213.721985,247.000000,62.643024,184.404633,13.030000,31.129000
2019-07-11,35.839344,40.900002,41.189999,40.830002,6126600.000000,216.317856,250.000000,62.818336,184.270523,12.930000,31.035000
2019-07-12,36.128510,41.230000,41.270000,40.820000,4695800.000000,216.750427,250.500000,63.961014,185.333511,12.390000,30.961000
2019-07-15,36.645519,41.820000,41.930000,41.660000,5784300.000000,220.211563,254.500000,64.521362,185.927261,12.680000,31.052000
2019-07-16,36.601696,41.770000,41.950001,41.570000,6529500.000000,221.509460,256.000000,63.835770,184.969650,12.860000,30.982000
2019-07-17,36.479015,41.630001,41.910000,41.520000,5514600.000000,218.048370,252.000000,64.026741,184.059860,13.970000,31.003000
2019-07-18,37.845997,43.189999,43.230000,42.310001,11257600.000000,219.778870,254.000000,64.953423,184.270523,13.530000,31.000999
2019-07-19,38.406815,43.830002,44.020000,43.070000,11438800.000000,224.105209,259.000000,64.878265,182.920242,14.450000,30.900000
2019-07-22,39.081535,44.599998,44.880001,44.130001,10035800.000000,228.431625,264.000000,66.117981,184.375854,13.530000,31.032000
2019-07-23,38.923805,44.419998,44.580002,44.240002,6565800.000000,228.431625,264.000000,66.966362,185.582504,12.610000,31.044001
2019-07-24,39.028950,44.540001,44.630001,44.240002,7130400.000000,229.296875,265.000000,69.007469,186.884949,12.070000,31.010000
2019-07-25,38.222790,43.619999,44.240002,43.619999,6593900.000000,229.296875,265.000000,67.849197,185.113297,12.740000,31.091999
2019-07-26,38.082592,43.459999,43.889999,43.380001,4399000.000000,225.835739,261.000000,67.830429,187.019012,12.160000,31.011999
2019-07-29,38.503197,43.939999,43.950001,43.400002,4138600.000000,225.835739,261.000000,68.015099,186.377396,12.830000,31.082001
2019-07-30,37.775890,43.110001,43.400002,42.770000,4938500.000000,224.970505,260.000000,67.861710,185.572937,13.940000,31.027000
2019-07-31,37.355289,42.630001,43.169998,42.049999,7592300.000000,224.537888,259.500000,65.610825,183.006500,16.120001,31.023001
2019-08-01,36.689304,41.869999,43.389999,41.599998,9662800.000000,221.942093,256.500000,64.314774,182.096649,17.870001,31.146999
2019-08-02,36.496540,41.650002,41.779999,41.009998,9317000.000000,217.615723,251.500000,63.366196,179.415329,17.610001,31.306999
2019-08-05,34.936787,39.869999,40.520000,39.779999,6668400.000000,213.289368,246.500000,60.630051,173.075653,24.590000,31.450001
2019-08-06,36.154804,41.259998,41.509998,40.889999,8667700.000000,215.019913,248.500000,61.403316,175.498520,20.170000,31.694000
2019-08-07,36.154804,41.259998,41.450001,40.799999,5484700.000000,214.587234,248.000000,61.791515,176.446548,19.490000,31.427000
2019-08-08,36.715611,41.900002,42.180000,41.750000,7795900.000000,219.346252,253.500000,63.503948,180.286728,16.910000,31.421000
2019-08-09,36.286243,41.410000,41.709999,41.000000,3480500.000000,219.346252,253.500000,62.395718,178.591705,17.969999,31.235001
2019-08-12,35.891914,40.959999,41.270000,40.849998,3463500.000000,217.183090,251.000000,61.578625,176.542313,21.090000,31.365999
2019-08-13,36.663036,41.840000,41.990002,40.549999,7697800.000000,213.289368,246.500000,63.397511,180.411240,17.520000,31.427999
2019-08-14,35.427490,40.430000,41.090000,40.250000,9621800.000000,215.885162,249.500000,61.447155,175.019684,22.100000,31.094000
2019-08-15,35.804295,40.860001,40.990002,40.340000,7690100.000000,214.587234,248.000000,61.334419,174.818604,21.180000,31.358000
2019-08-16,36.400154,41.540001,41.730000,41.150002,4845700.000000,216.317856,250.000000,62.968620,177.624466,18.469999,31.228001
2019-08-19,36.610455,41.779999,42.209999,41.650002,3797600.000000,218.048370,252.000000,64.126930,180.449554,16.879999,31.301001
2019-08-20,36.750660,41.939999,42.220001,41.720001,7540300.000000,220.211563,254.500000,63.888981,179.051331,17.500000,31.350000
2019-08-21,37.311474,42.580002,42.639999,42.290001,3914600.000000,220.211563,254.500000,64.411819,180.641083,15.800000,31.312000
2019-08-22,36.917149,42.130001,42.490002,41.730000,3145600.000000,219.778870,254.000000,64.411819,180.056931,16.680000,31.282000
2019-08-23,35.883160,40.950001,42.150002,40.860001,7526900.000000,219.778870,254.000000,61.613071,174.358948,19.870001,31.302000
2019-08-26,36.224903,41.340000,41.549999,41.130001,5519000.000000,215.019913,248.500000,62.135880,176.992462,19.320000,31.419001
2019-08-27,36.233662,41.349998,41.680000,41.270000,4192800.000000,216.317856,250.000000,61.904190,176.618942,20.309999,31.374001
2019-08-28,36.496540,41.650002,41.770000,41.049999,3586000.000000,218.048370,252.000000,62.295536,177.250977,19.350000,31.327999
2019-08-29,37.048584,42.279999,42.570000,42.230000,5171600.000000,219.778870,254.000000,63.791958,179.961151,17.879999,31.403999
2019-08-30,37.355289,42.630001,42.889999,42.360001,5382200.000000,224.105209,259.000000,64.092491,179.530212,18.980000,31.271000
2019-09-03,36.557892,41.720001,42.160000,41.580002,4748000.000000,219.778870,254.000000,63.037476,177.787277,19.660000,31.361000
2019-09-04,37.810947,43.150002,43.150002,42.389999,4460900.000000,222.807343,257.500000,64.731110,180.353790,17.330000,31.351000
2019-09-05,38.766075,44.240002,44.509998,43.759998,7698300.000000,227.566315,263.000000,66.722176,183.657669,16.270000,31.167999
2019-09-06,38.301651,43.709999,44.040001,43.689999,4325300.000000,227.998978,263.500000,66.900627,183.475708,15.000000,31.170000
2019-09-09,38.424324,43.849998,44.080002,43.540001,4677000.000000,227.998978,263.500000,67.144814,183.092651,15.270000,31.181000
2019-09-10,38.643398,44.099998,44.099998,43.360001,5001600.000000,226.268387,261.500000,67.445351,182.565933,15.200000,31.174999
2019-09-11,38.748550,44.220001,44.270000,43.840000,4016800.000000,227.566315,263.000000,68.456528,184.280136,14.610000,31.084999
2019-09-12,38.617115,44.070000,44.459999,43.930000,6577900.000000,227.133728,262.500000,68.609924,185.046204,14.220000,31.035000
2019-09-13,39.204208,44.740002,44.830002,44.189999,6231100.000000,227.133728,262.500000,68.472176,184.385452,13.740000,30.754999
2019-09-16,39.081535,44.599998,44.740002,44.490002,3716300.000000,229.729507,265.500000,68.030754,183.561874,14.670000,30.915001
2019-09-17,39.545963,45.130001,45.150002,44.209999,6110900.000000,229.296875,265.000000,68.181030,184.442932,14.440000,30.886999
2019-09-18,39.467087,45.040001,45.200001,44.610001,4044800.000000,231.027435,267.000000,68.306259,184.366333,13.950000,30.849001
2019-09-19,39.627724,44.900002,45.220001,44.759998,6422700.000000,231.027435,265.000000,67.858589,184.672760,14.050000,30.962000
2019-09-20,38.718666,43.869999,44.900002,43.869999,7249200.000000,230.155640,264.000000,66.609497,182.719193,15.320000,30.865000
2019-09-23,38.895187,44.070000,44.290001,43.849998,4347000.000000,230.155640,264.000000,67.395264,182.799789,14.910000,30.987000
2019-09-24,38.939304,44.119999,44.549999,44.060001,7592200.000000,231.027435,265.000000,66.282036,180.372040,17.049999,30.940001
2019-09-25,39.724800,45.009998,45.099998,44.000000,6719500.000000,231.899246,266.000000,67.392128,182.396774,15.960000,30.924999
2019-09-26,41.004543,46.459999,46.509998,45.099998,15832500.000000,233.642792,268.000000,67.477028,181.725067,16.070000,30.947001
2019-09-27,40.166103,45.509998,46.480000,45.189999,9610400.000000,237.129990,272.000000,65.898399,179.470001,17.219999,30.930000
2019-09-30,41.022198,46.480000,46.740002,46.119999,8396900.000000,237.129990,272.000000,66.480171,181.178070,16.240000,31.033001
2019-10-01,41.648827,47.189999,47.849998,46.959999,11575200.000000,244.104462,280.000000,65.857552,179.700317,18.559999,31.034000
2019-10-02,40.978062,46.430000,46.939999,46.330002,5785200.000000,243.668503,279.500000,64.895294,176.610489,20.559999,31.024000
2019-10-03,41.595867,47.130001,47.139999,46.240002,6091600.000000,241.053101,276.500000,66.036797,178.548859,19.120001,31.055000
2019-10-04,41.851814,47.419998,47.450001,46.779999,5704200.000000,241.053101,276.500000,67.134239,181.178070,17.040001,30.915001
2019-10-07,42.319584,47.950001,48.150002,47.430000,11059000.000000,242.360886,278.000000,66.741180,180.631119,17.860001,30.848000
2019-10-08,42.240150,47.860001,48.400002,47.599998,13089700.000000,249.771225,286.500000,64.675163,177.925079,20.280001,30.785999
2019-10-09,42.963863,48.680000,49.060001,48.169998,11033100.000000,245.847961,282.000000,65.731766,179.661926,18.639999,30.740000
2019-10-10,43.184517,48.930000,49.389999,48.490002,9566500.000000,245.847961,282.000000,66.373260,181.053299,17.570000,30.658001
2019-10-11,43.616974,49.419998,49.790001,49.330002,7499100.000000,245.847961,282.000000,67.939270,183.385117,15.580000,30.500000
2019-10-14,44.049435,49.910000,50.130001,49.299999,7974000.000000,252.822449,290.000000,67.929825,183.365891,14.570000,30.625999
2019-10-15,44.473068,50.389999,50.639999,50.110001,9323200.000000,255.873749,293.500000,69.423538,185.697662,13.540000,30.594000
2019-10-16,44.243607,50.130001,51.130001,50.070000,13615700.000000,258.489258,296.500000,68.439293,185.237076,13.680000,30.481001
2019-10-17,43.908211,49.750000,51.209999,49.259998,12410200.000000,255.873749,293.500000,68.555634,185.726471,13.790000,30.510000
2019-10-18,43.493404,49.279999,50.090000,49.130001,9169200.000000,255.437790,293.000000,67.829231,183.941635,14.250000,30.607000
2019-10-21,44.128872,50.000000,50.110001,49.330002,6538900.000000,252.822449,290.000000,69.165672,185.572937,14.000000,30.537001
2019-10-22,44.693714,50.639999,50.830002,50.180000,10697300.000000,256.309662,294.000000,68.561905,184.095200,14.460000,30.518999
2019-10-23,44.278904,50.169998,50.400002,49.919998,7118800.000000,255.437790,293.000000,67.241173,184.450241,14.010000,30.459999
2019-10-24,44.967316,50.950001,51.049999,50.230000,7006600.000000,255.437790,293.000000,68.904701,186.244614,13.710000,30.573999
2019-10-25,45.126175,51.130001,51.230000,50.689999,6303500.000000,255.873749,293.500000,70.344887,187.732010,12.650000,30.493000
2019-10-28,45.285046,51.310001,51.480000,51.049999,7725500.000000,256.745544,294.500000,71.624733,189.583984,13.110000,30.562000
2019-10-29,45.426250,51.470001,51.840000,51.439999,5303900.000000,260.232758,298.500000,70.882629,188.115814,13.200000,30.527000
2019-10-30,45.814587,51.910000,52.060001,51.570000,5198100.000000,261.104584,299.500000,70.907776,189.027451,12.330000,30.399000
2019-10-31,45.567463,51.630001,51.930000,51.349998,5140800.000000,260.232758,298.500000,70.549294,189.113800,13.220000,30.215000
2019-11-01,45.982281,52.099998,52.099998,51.700001,5226600.000000,260.668671,299.000000,72.168777,190.831421,12.300000,30.483999
2019-11-04,47.209057,53.490002,53.790001,53.119999,7233400.000000,267.643097,307.000000,73.775673,192.011703,12.830000,30.434999
2019-11-05,47.262016,53.549999,53.970001,53.490002,5287100.000000,270.694397,310.500000,73.816528,192.117294,13.100000,30.327000
2019-11-06,47.341450,53.639999,53.750000,53.099998,4545100.000000,271.130310,311.000000,73.322861,191.685501,12.620000,30.309999
2019-11-07,47.367924,53.669998,54.369999,53.520000,7890900.000000,269.386749,309.000000,73.766228,192.328369,12.730000,30.371000
2019-11-08,46.626572,52.830002,53.529999,52.529999,6558400.000000,266.335388,305.500000,74.137291,193.096069,12.070000,30.247000
2019-11-11,46.423569,52.599998,52.750000,52.160000,4046500.000000,262.412292,301.000000,73.832275,192.836975,12.690000,30.381001
2019-11-12,46.026405,52.150002,52.689999,52.029999,8625100.000000,265.899414,305.000000,73.983215,193.393494,12.680000,30.412001
2019-11-13,46.670692,52.880001,52.939999,52.150002,5336200.000000,265.027679,304.000000,74.061844,193.441498,13.000000,30.379999
2019-11-14,46.317646,52.480000,52.730000,52.130001,5308600.000000,264.591797,303.500000,73.816528,193.287964,13.050000,30.459000
2019-11-15,47.032543,53.290001,53.389999,52.880001,5986400.000000,267.643097,307.000000,74.492661,194.708130,12.050000,30.431000
2019-11-18,47.147278,53.419998,53.959999,53.389999,4774400.000000,271.130310,311.000000,74.322838,194.861664,12.460000,30.490000
2019-11-19,47.447357,53.759998,54.139999,53.680000,4731100.000000,274.617462,315.000000,73.951759,195.149597,12.860000,30.438999
2019-11-20,47.217892,53.500000,53.779999,53.209999,5264800.000000,273.309753,313.500000,73.080711,193.978867,12.780000,30.434999
2019-11-21,46.758949,52.980000,53.509998,52.939999,6037000.000000,271.130310,311.000000,72.300842,193.547028,13.130000,30.448000
2019-11-22,46.591251,52.790001,53.160000,52.740002,4172300.000000,269.386749,309.000000,72.225380,193.671814,12.340000,30.447001
2019-11-25,47.447357,53.759998,53.939999,52.799999,5021500.000000,267.643097,307.000000,73.958061,195.965195,11.870000,30.559000
2019-11-26,47.332611,53.630001,53.790001,53.380001,5672800.000000,267.643097,307.000000,73.681320,196.339417,11.540000,30.451000
2019-11-27,47.562088,53.889999,54.060001,53.540001,2786100.000000,271.130310,311.000000,74.212776,197.711609,11.750000,30.440001
2019-11-29,46.856026,53.090000,53.160000,52.799999,3391700.000000,265.899414,305.000000,73.417191,196.809647,12.620000,30.424000
2019-12-02,46.758949,52.980000,53.590000,52.779999,4475800.000000,268.078949,307.500000,72.288254,194.794479,14.910000,30.528999
2019-12-03,46.582420,52.779999,52.930000,52.180000,5468100.000000,267.643097,307.000000,71.168793,193.268784,15.960000,30.434000
2019-12-04,46.935463,53.180000,53.570000,53.110001,3905200.000000,266.771301,306.000000,72.294556,194.247543,14.800000,30.445000
2019-12-05,48.012207,54.400002,54.540001,53.490002,7624300.000000,272.002075,312.000000,72.656181,194.631332,14.520000,30.468000
2019-12-06,48.488792,54.939999,55.029999,54.500000,5429100.000000,272.873901,313.000000,73.706474,196.713654,13.620000,30.414000
2019-12-09,48.065166,54.459999,55.189999,54.320000,6541900.000000,275.489319,316.000000,73.370026,195.821289,15.860000,30.422001
2019-12-10,48.118114,54.520000,55.060001,54.330002,4364800.000000,273.309753,313.500000,73.681320,195.658127,15.680000,30.396999
2019-12-11,49.336075,55.900002,56.200001,55.029999,11028000.000000,278.104767,319.000000,75.190758,196.694489,14.990000,30.452000
2019-12-12,51.727856,58.610001,58.619999,57.020000,15788700.000000,289.002228,331.500000,77.228462,198.162582,13.940000,30.344999
2019-12-13,51.410133,58.250000,59.520000,58.250000,9886900.000000,295.540771,339.000000,76.888832,198.815155,12.630000,30.187000
2019-12-16,51.666077,58.540001,58.700001,58.290001,5779400.000000,292.925385,336.000000,77.624748,200.811096,12.140000,30.219999
2019-12-17,52.275063,59.230000,59.709999,58.779999,8407500.000000,300.771637,345.000000,77.975044,200.926193,12.290000,30.097000
2019-12-18,52.160305,59.099998,59.639999,58.720001,10021200.000000,300.335663,344.500000,77.933990,201.079727,12.580000,30.018000
2019-12-19,51.511539,57.959999,58.500000,57.880001,7228700.000000,294.188446,335.000000,78.562012,202.336792,12.500000,30.035000
2019-12-20,51.484871,57.930000,58.299999,57.320000,8043800.000000,288.919373,329.000000,79.309891,203.152435,12.510000,30.149000
2019-12-23,51.742615,58.220001,58.340000,57.950001,4022000.000000,293.310211,334.000000,79.562378,203.689026,12.610000,30.125000
2019-12-24,51.333786,57.759998,58.090000,57.549999,2692200.000000,291.553833,332.000000,79.691742,203.794830,12.670000,30.139000
2019-12-26,51.769276,58.250000,58.349998,57.759998,2490400.000000,292.432037,333.000000,79.783264,205.593094,12.650000,29.900000
2019-12-27,51.955914,58.459999,58.709999,58.330002,2847800.000000,296.822968,338.000000,79.625481,205.420013,13.430000,30.076000
2019-12-30,51.413773,57.849998,58.689999,57.619999,3519900.000000,293.749329,334.500000,79.025902,204.073730,14.820000,30.083000
2019-12-31,51.635960,58.099998,58.130001,57.459999,2950200.000000,290.675659,331.000000,79.240479,204.458374,13.780000,30.073999
2020-01-02,53.360119,60.040001,60.119999,59.599998,8432600.000000,297.701202,339.000000,80.878311,207.872253,12.470000,29.844000
2020-01-03,51.600410,58.060001,58.980000,58.040001,10546400.000000,298.140259,339.500000,79.369858,205.968155,14.020000,29.900000
2020-01-06,51.004944,57.389999,57.689999,57.130001,8897200.000000,291.553833,332.000000,78.543068,207.295273,13.850000,30.035000
2020-01-07,51.831478,58.320000,58.599998,56.740002,7444300.000000,289.358398,329.500000,79.988373,207.266388,13.790000,30.047001
2020-01-08,52.213642,58.750000,58.980000,58.110001,5381500.000000,289.358398,329.500000,79.915810,208.824326,13.450000,29.985001
2020-01-09,52.640247,59.230000,59.709999,58.700001,5112700.000000,296.383820,337.500000,80.420738,210.593796,12.540000,30.010000
2020-01-10,52.311405,58.860001,59.700001,58.770000,4807700.000000,298.140259,339.500000,79.953690,210.055222,12.560000,29.943001
2020-01-13,53.377895,60.060001,60.160000,59.450001,6613700.000000,299.896515,341.500000,80.887772,212.478668,12.320000,29.962000
2020-01-14,53.608967,60.320000,60.639999,59.919998,6715200.000000,303.848358,346.000000,81.064499,211.641983,12.390000,29.874001
2020-01-15,51.893696,58.389999,59.700001,58.259998,10075100.000000,298.579285,340.000000,80.206131,211.728485,12.420000,29.826000
2020-01-16,52.213642,58.750000,59.689999,58.299999,11215700.000000,293.749329,334.500000,81.474731,213.757629,12.320000,29.933001
2020-01-17,52.062561,58.580002,58.750000,58.009998,8125700.000000,292.432037,333.000000,82.086960,214.815414,12.100000,29.899000
2020-01-21,51.760380,58.240002,59.000000,57.470001,9873700.000000,292.432037,333.000000,82.039612,214.719315,12.850000,29.891001
2020-01-22,51.858131,58.349998,58.939999,58.320000,8124500.000000,292.432037,333.000000,82.591881,215.286652,12.910000,30.042000
2020-01-23,51.084938,57.480000,58.070000,56.619999,9999200.000000,292.432037,333.000000,83.216721,215.979034,12.980000,29.919001
2020-01-24,51.307121,57.730000,58.139999,57.459999,10402200.000000,292.432037,333.000000,82.333099,214.161514,14.560000,29.975000
2020-01-27,49.111927,55.259998,55.990002,55.060001,9675500.000000,292.432037,333.000000,79.189987,209.737869,18.230000,30.020000
2020-01-28,50.738335,57.090000,57.119999,55.480000,8124400.000000,292.432037,333.000000,81.026634,212.959427,16.280001,30.094999
2020-01-29,50.827206,57.189999,57.520000,56.849998,7693400.000000,292.432037,333.000000,79.537132,213.305634,16.389999,30.004999
2020-01-30,49.591850,55.799999,56.040001,55.060001,10295700.000000,277.942200,316.500000,79.540283,214.065338,15.490000,30.091000
2020-01-31,47.938793,53.939999,55.480000,53.599998,13467200.000000,281.015747,320.000000,76.703278,210.670746,18.840000,30.205000
2020-02-03,48.676449,54.770000,54.939999,54.139999,9594300.000000,276.625031,315.000000,77.561630,213.853790,17.969999,30.346001
2020-02-04,51.120495,57.520000,57.639999,56.900002,12746600.000000,285.406708,325.000000,79.985229,218.748596,16.049999,30.240000
2020-02-05,51.475979,57.919998,58.150002,57.169998,6594400.000000,287.602081,327.500000,81.828201,219.469879,15.150000,30.028000
2020-02-06,51.564857,58.020000,58.279999,57.279999,4236300.000000,291.992950,332.500000,81.875534,221.364334,14.960000,29.951000
2020-02-07,49.947346,56.200001,57.139999,56.060001,6808400.000000,288.041199,328.000000,79.944237,220.412308,15.470000,30.030001
2020-02-10,50.676121,57.020000,57.049999,56.340000,4281200.000000,287.602081,327.500000,81.064499,223.076111,15.040000,30.177000
2020-02-11,52.133659,58.660000,58.900002,57.810001,6523200.000000,291.114777,331.500000,82.702339,223.114563,15.180000,30.025999
2020-02-12,52.995735,59.630001,59.750000,58.900002,5962900.000000,294.188446,335.000000,83.977249,225.287888,13.740000,29.948999
2020-02-13,52.729115,59.330002,59.700001,58.740002,6460100.000000,294.188446,335.000000,84.065613,224.999359,14.150000,29.910000
2020-02-14,51.715946,58.189999,59.169998,57.869999,6932400.000000,294.188446,335.000000,83.784744,225.643723,13.680000,29.985001
2020-02-18,49.929577,56.180000,56.560001,55.630001,10989000.000000,282.772156,322.000000,82.708641,225.730286,14.830000,30.016001
2020-02-19,51.227146,57.639999,57.939999,57.000000,7866300.000000,286.723969,326.500000,84.794571,227.893997,14.380000,30.055000
2020-02-20,50.196201,56.480000,57.040001,55.810001,7192900.000000,285.845734,325.500000,83.563843,225.778397,15.560000,30.171000
2020-02-21,49.405220,55.590000,56.650002,55.520000,6816600.000000,285.406708,325.000000,81.080284,221.441284,17.080000,30.225000
2020-02-24,48.098759,54.119999,54.689999,53.180000,9968800.000000,281.015747,320.000000,77.195564,212.901749,25.030001,30.386999
2020-02-25,47.867691,53.860001,55.470001,53.830002,12670700.000000,282.772156,322.000000,74.895027,207.112534,27.850000,30.341999
2020-02-26,48.907528,55.029999,55.410000,54.380001,10969300.000000,279.698486,318.500000,74.996040,208.179977,27.559999,30.413000
2020-02-27,47.361107,53.290001,54.599998,53.270000,11878900.000000,277.503174,316.000000,71.534180,197.755630,39.160000,30.208000
2020-02-28,47.849918,53.840000,54.049999,51.000000,13604500.000000,277.503174,316.000000,73.146774,197.909500,40.110001,30.193001
2020-03-02,49.751820,55.980000,56.009998,53.830002,13797700.000000,273.112244,311.000000,75.737610,208.122314,33.419998,30.124001
2020-03-03,48.774212,54.880001,56.369999,54.040001,14661800.000000,278.820343,317.500000,73.071014,201.448364,36.820000,29.805000
2020-03-04,50.729446,57.080002,57.090000,55.549999,9878200.000000,281.454987,320.500000,76.804268,209.853256,31.990000,29.770000
2020-03-05,49.529633,55.730000,56.389999,55.250000,10004200.000000,283.650208,323.000000,74.491089,203.477463,39.619999,29.750000
2020-03-06,48.943069,55.070000,55.080002,53.970001,12971200.000000,276.625031,315.000000,72.862755,200.044388,41.939999,29.884001
2020-03-09,46.063553,51.830002,54.139999,51.060001,13781100.000000,268.282288,305.500000,66.639648,186.148361,54.459999,29.900999
2020-03-10,48.445366,54.509998,54.619999,52.490002,11698700.000000,269.599518,307.000000,71.013496,196.284286,47.299999,29.985001
2020-03-11,46.427929,52.240002,53.560001,52.090000,14498000.000000,265.208679,302.000000,67.034119,187.735123,53.900002,29.740000
2020-03-12,43.272884,48.689999,50.990002,48.509998,15942200.000000,258.183258,294.000000,59.684395,170.521408,75.470001,30.069000
2020-03-13,46.419048,52.230000,52.459999,49.290001,14948700.000000,254.670624,290.000000,66.087379,184.965561,57.830002,29.948000
2020-03-16,39.904552,44.900002,48.349998,44.900002,16628200.000000,242.815262,276.500000,56.023743,162.808914,82.690002,30.107000
2020-03-17,43.139572,48.540001,48.560001,45.029999,13415700.000000,235.350723,268.000000,60.953007,175.156601,75.910004,30.236000
2020-03-18,39.433521,44.369999,46.090000,43.259998,15018500.000000,228.325333,260.000000,55.944862,169.829025,76.449997,30.030001
2020-03-19,39.376987,43.889999,45.180000,42.700001,11182600.000000,219.901657,248.000000,57.383873,170.848373,72.000000,30.125000
2020-03-20,39.951183,44.529999,48.279999,44.480000,14157700.000000,239.409119,270.000000,55.749203,164.155258,66.040001,30.320999
2020-03-23,40.606117,45.259998,45.610001,43.520000,10508600.000000,226.108566,255.000000,57.740479,164.273758,61.590000,30.268999
2020-03-24,43.844925,48.869999,48.919998,47.500000,12216200.000000,237.192291,267.500000,63.985683,176.994659,61.669998,30.216000
2020-03-25,43.961559,49.000000,50.049999,48.049999,9796600.000000,245.615906,277.000000,63.151585,175.684097,63.950001,30.145000
2020-03-26,44.742104,49.869999,50.459999,48.919998,10577500.000000,248.276154,280.000000,67.397972,184.935669,61.000000,30.253000
2020-03-27,42.086460,46.910000,48.090000,46.509998,12158500.000000,242.069168,273.000000,64.054077,178.575226,65.540001,30.131001
2020-03-30,42.902885,47.820000,48.160000,46.770000,8428300.000000,237.192291,267.500000,66.283371,185.070602,57.080002,30.167000
2020-03-31,42.875980,47.790001,49.029999,47.660000,9595700.000000,242.955872,274.000000,64.981880,183.490112,53.540001,30.030001
2020-04-01,41.727596,46.509998,47.560001,46.299999,8755200.000000,240.739151,271.500000,61.425789,175.693726,57.060001,30.230000
2020-04-02,43.181019,48.130001,48.220001,46.610001,6174700.000000,240.739151,271.500000,63.256062,179.259415,50.910000,30.218000
2020-04-03,42.221043,47.060001,48.150002,46.779999,5486200.000000,240.739151,271.500000,62.059101,176.715240,46.799999,30.080999
2020-04-06,44.831825,49.970001,50.099998,48.509998,7370300.000000,244.285965,275.500000,68.389145,189.349487,45.240002,30.250000
2020-04-07,44.607525,49.720001,51.320000,49.660000,6568700.000000,250.936218,283.000000,68.145302,189.272339,46.700001,30.080000
2020-04-08,45.100967,50.270000,50.599998,49.540001,6325900.000000,252.709564,285.000000,70.425278,193.291031,43.349998,30.097000
2020-04-09,43.360451,48.330002,50.660000,47.720001,12274000.000000,250.936218,283.000000,68.902130,193.570496,41.669998,30.066999
2020-04-13,43.737263,48.750000,49.090000,47.959999,9873200.000000,246.946075,278.500000,69.681129,195.661774,41.169998,30.025999
2020-04-14,45.423958,50.630001,51.270000,49.950001,11068800.000000,252.709564,285.000000,72.895218,204.171280,37.759998,29.850000
2020-04-15,44.553696,49.660000,49.970001,49.040001,9398100.000000,254.926254,287.500000,70.726082,201.829483,40.840000,30.021000
2020-04-16,47.011959,52.400002,53.139999,51.680000,18615900.000000,254.039612,286.500000,72.711555,205.510834,40.110001,29.905001
2020-04-17,48.169304,53.689999,54.189999,53.000000,11288500.000000,271.773590,306.500000,73.275223,207.476822,38.150002,29.937000
2020-04-20,47.182415,52.590000,53.820000,52.560001,9901700.000000,269.556915,304.000000,71.682426,205.019363,43.830002,30.035000
2020-04-21,46.087860,51.369999,51.810001,50.520000,13102500.000000,261.576569,295.000000,68.170670,197.454269,45.410000,30.030001
2020-04-22,47.505409,52.950001,53.110001,52.410000,8255500.000000,260.689941,294.000000,72.296722,203.313614,41.980000,30.096001
2020-04-23,47.227264,52.639999,53.130001,52.259998,7619900.000000,262.019989,295.500000,71.574760,202.879959,41.380001,30.054001
2020-04-24,47.308025,52.730000,52.889999,52.000000,5701800.000000,260.689941,294.000000,73.063065,206.079422,35.930000,29.855000
2020-04-27,48.007824,53.509998,53.750000,52.970001,5812300.000000,264.236664,298.000000,74.038376,207.737015,33.290001,30.079000
2020-04-28,47.334930,52.759998,53.730000,52.680000,8561100.000000,262.906708,296.500000,73.655197,203.824371,33.570000,29.913000
2020-04-29,48.878078,54.480000,54.689999,53.430000,8565500.000000,265.123383,299.000000,77.151154,211.052170,31.230000,29.805000
2020-04-30,47.666893,53.130001,54.410000,52.959999,6337900.000000,270.000214,304.500000,74.427872,210.965469,34.150002,29.629999
2020-05-01,45.845627,51.099998,52.560001,51.090000,10238700.000000,270.000214,304.500000,70.798927,205.019363,37.189999,29.584999
2020-05-04,46.787651,52.150002,52.180000,51.279999,7514000.000000,261.576569,295.000000,71.387924,207.409378,35.970001,29.893000
2020-05-05,46.392899,51.709999,52.580002,51.580002,7780700.000000,262.019989,295.500000,72.588058,209.760773,33.610001,29.610001
2020-05-06,46.769722,52.130001,52.619999,52.000000,8206700.000000,262.463318,296.000000,73.477882,211.052170,34.119999,29.625000
2020-05-07,46.949158,52.330002,52.980000,52.099998,5493400.000000,263.793396,297.500000,74.139687,213.769836,31.440001,29.997000
2020-05-08,47.469513,52.910000,53.340000,52.470001,6086000.000000,263.793396,297.500000,76.327827,216.699524,27.980000,29.780001
2020-05-11,47.011959,52.400002,52.830002,52.380001,6459300.000000,266.896820,301.000000,76.254974,218.636536,27.570000,29.840000
2020-05-12,45.845627,51.099998,52.639999,51.080002,8584500.000000,261.576569,295.000000,74.231522,214.058960,33.040001,29.892000
2020-05-13,45.684132,50.919998,52.020000,50.480000,8611000.000000,263.349976,297.000000,72.800217,211.379837,35.279999,29.788000
2020-05-14,46.742794,52.099998,52.150002,49.790001,13695600.000000,259.803192,293.000000,74.747681,213.779480,32.610001,29.892000
2020-05-15,44.679298,49.799999,51.049999,49.380001,17777200.000000,264.236664,298.000000,73.202377,215.167206,31.889999,29.875999
2020-05-18,46.536453,51.869999,52.189999,50.770000,12726500.000000,257.143127,290.000000,76.565300,219.176208,29.299999,29.954000
2020-05-19,45.585449,50.810001,51.459999,50.799999,12940300.000000,258.473267,291.500000,76.315155,218.626938,30.530001,29.940001
2020-05-20,46.509541,51.840000,52.090000,50.500000,8406200.000000,260.689941,294.000000,79.127090,222.992538,27.990000,29.844999
2020-05-21,45.531620,50.750000,52.209999,50.689999,7842600.000000,263.793396,297.500000,77.135307,220.563995,29.530001,29.879999
2020-05-22,44.679298,49.799999,50.860001,49.610001,12462300.000000,258.916473,292.000000,77.477303,221.325287,28.160000,29.875999
2020-05-26,45.594418,50.820000,51.400002,50.790001,8872000.000000,262.019989,295.500000,78.291077,220.727798,28.010000,30.038000
2020-05-27,46.419823,51.740002,51.740002,50.750000,11405700.000000,262.906708,296.500000,79.497574,221.932480,27.620001,29.975000
2020-05-28,45.109943,50.279999,51.619999,50.099998,8178700.000000,260.689941,294.000000,77.762299,221.643311,28.590000,30.025000
2020-05-29,45.154797,50.330002,50.730000,49.860001,10918500.000000,258.916473,292.000000,79.754066,224.891037,27.510000,29.910000
2020-06-01,45.782810,51.029999,51.279999,50.540001,6187300.000000,262.019989,295.500000,79.323418,225.565659,28.230000,29.944000
2020-06-02,46.662060,52.009998,52.040001,51.290001,6063600.000000,262.906708,296.500000,81.036568,227.078659,26.840000,29.833000
2020-06-03,47.604092,53.060001,53.250000,52.419998,8380200.000000,266.896820,301.000000,83.376686,228.100189,25.660000,29.871099
2020-06-04,48.698643,54.279999,54.369999,53.029999,13269500.000000,271.330353,306.000000,84.136665,226.500397,25.809999,29.858000
2020-06-05,49.524059,55.200001,56.340000,55.060001,9776100.000000,276.207214,311.500000,86.198128,230.991302,24.520000,29.845200
2020-06-08,49.855988,55.570000,55.779999,54.709999,6302100.000000,281.970703,318.000000,86.020798,232.783798,25.809999,29.712999
2020-06-09,50.789051,56.610001,56.630001,54.950001,9355100.000000,282.857361,319.000000,86.087296,234.470306,27.570000,29.650000
2020-06-10,51.632401,57.549999,58.040001,56.820000,9194300.000000,285.960815,322.500000,86.391304,237.284332,27.570000,29.594999
2020-06-11,49.380497,55.040001,56.410000,55.009998,9877100.000000,284.187408,320.500000,80.903564,225.527115,40.790001,29.552999
2020-06-12,50.241787,56.000000,56.869999,55.349998,9838800.000000,280.197296,316.000000,82.005539,227.319565,36.090000,29.525000
2020-06-15,50.259731,56.020000,56.119999,54.520000,7509700.000000,274.433777,309.500000,83.110878,230.085403,34.400002,29.628099
2020-06-16,50.062351,55.799999,57.000000,55.540001,8827200.000000,279.310547,315.000000,84.732536,234.036606,33.669998,29.480000
2020-06-17,50.780090,56.599998,56.820000,55.889999,8248700.000000,279.310547,315.000000,85.392609,234.778671,33.470001,29.485001
2020-06-18,50.752972,56.150002,56.540001,55.790001,6831500.000000,281.098236,314.500000,85.233955,235.414688,32.939999,29.490000
2020-06-19,49.993706,55.310001,56.500000,55.270000,6965100.000000,281.098236,314.500000,84.821396,235.376221,35.119999,29.594000
2020-06-22,50.617393,56.000000,56.000000,55.320000,4480400.000000,278.863678,312.000000,85.446579,238.198959,31.770000,29.584000
2020-06-23,51.304333,56.759998,57.160000,56.529999,7836500.000000,281.545105,315.000000,85.751221,240.226273,31.370001,29.434999
2020-06-24,51.141647,56.580002,57.060001,56.160000,7080200.000000,283.779541,317.500000,83.869339,235.273834,33.840000,29.548000
2020-06-25,51.557419,57.040001,57.090000,55.950001,4509600.000000,283.779541,317.500000,84.469131,237.513519,32.220001,29.395000
2020-06-26,50.915665,56.330002,57.259998,56.209999,6229300.000000,283.779541,317.500000,82.885551,231.904663,34.730000,29.379999
2020-06-29,50.969902,56.389999,56.410000,55.660000,5016600.000000,278.863678,312.000000,83.790016,234.433990,31.780001,29.521999
2020-06-30,51.313385,56.770000,56.990002,56.189999,7158700.000000,279.757507,313.000000,85.960693,239.029205,30.430000,29.411501
2020-07-01,51.358574,56.820000,57.470001,56.759998,6866500.000000,283.779541,317.500000,84.859467,241.819122,28.620001,29.396000
2020-07-02,52.985554,58.619999,59.070000,57.950001,10021200.000000,287.801636,322.000000,85.897232,243.460327,27.680000,29.427700
2020-07-06,55.932213,61.880001,62.130001,60.560001,12725600.000000,302.102356,338.000000,88.166260,249.445663,27.940001,29.451000
2020-07-07,54.874664,60.709999,61.500000,60.680000,6672300.000000,302.549194,338.500000,87.125374,247.727341,29.430000,29.404100
2020-07-08,56.573971,62.590000,62.740002,61.500000,8721900.000000,304.783722,341.000000,88.305901,250.990265,28.080000,29.479000
2020-07-09,58.553467,64.779999,64.970001,62.889999,16903300.000000,308.358948,345.000000,89.476929,253.104492,29.260000,29.340200
2020-07-10,57.712864,63.849998,64.559998,63.189999,10700000.000000,311.487244,348.500000,89.175446,254.832550,27.290001,29.330000
2020-07-13,58.815594,65.070000,67.080002,64.980003,16667700.000000,316.849945,354.500000,87.709267,249.590515,32.189999,29.462999
2020-07-14,60.523922,66.959999,67.029999,65.330002,10482700.000000,324.894073,363.500000,89.159592,251.357147,29.520000,29.455999
2020-07-15,59.710438,66.059998,67.209999,65.160004,12432500.000000,324.447205,363.000000,89.004082,251.868790,27.760000,29.387699
2020-07-16,60.189499,66.589996,66.629997,64.320000,15709400.000000,319.531342,357.500000,88.670853,250.150436,28.000000,29.476999
2020-07-17,60.017769,66.400002,68.000000,66.370003,11716600.000000,328.022430,367.000000,89.118324,250.440063,25.680000,29.363899
2020-07-20,60.460655,66.889999,66.980003,65.800003,6357300.000000,327.128571,366.000000,90.879616,257.545227,24.459999,29.454000
2020-07-21,61.292233,67.809998,69.250000,67.709999,10619700.000000,342.323090,383.000000,90.416283,254.861465,24.840000,29.447001
2020-07-22,61.943039,68.529999,68.900002,68.029999,7366100.000000,343.216949,384.000000,90.714592,255.759323,24.320000,29.402000
2020-07-23,60.894527,67.370003,68.500000,66.750000,8559500.000000,340.982361,381.500000,89.327774,249.078857,26.080000,29.431700
2020-07-24,66.796890,73.900002,76.889999,71.349998,41226800.000000,345.004517,386.000000,87.925079,246.713638,25.840000,29.426701
2020-07-27,75.248184,83.250000,83.400002,80.430000,39899200.000000,379.415588,424.500000,90.663826,251.115799,24.740000,29.451000
2020-07-28,69.526604,76.919998,79.580002,76.489998,31500100.000000,388.800385,435.000000,88.912033,247.920395,25.440001,29.180000
2020-07-29,74.723907,82.669998,83.370003,77.059998,28304000.000000,377.181061,422.000000,90.743164,250.777863,24.100000,29.312000
2020-07-30,72.247284,79.930000,81.279999,78.610001,16820300.000000,387.906586,434.000000,92.529861,252.090881,24.760000,29.259001
2020-07-31,71.307243,78.889999,79.769997,77.510002,12021200.000000,380.309296,425.500000,92.155350,256.589600,24.459999,29.160000
2020-08-03,71.361481,78.949997,79.150002,77.410004,10129800.000000,371.818359,416.000000,93.827797,260.055145,24.280001,29.309999
2020-08-04,72.482315,80.190002,80.190002,78.739998,12569400.000000,380.309296,425.500000,95.205116,261.020599,23.760000,29.247999
2020-08-05,73.783852,81.629997,84.000000,80.570000,14436300.000000,383.437592,429.000000,95.106712,261.667450,22.990000,29.264999
2020-08-06,72.780579,80.519997,82.099998,80.220001,9838700.000000,388.800385,435.000000,95.055962,265.133148,22.650000,29.338100
2020-08-07,72.337669,80.029999,80.790001,79.410004,8705800.000000,387.012756,433.000000,93.999153,262.072906,22.209999,29.369101
2020-08-10,72.193077,79.870003,80.849998,79.220001,7421400.000000,389.247284,435.500000,93.996002,260.953033,22.129999,29.421000
2020-08-11,70.448578,77.940002,79.199997,77.940002,7056300.000000,383.437592,429.000000,93.015373,256.010223,24.030001,29.313000
2020-08-12,71.759178,79.389999,79.550003,77.730003,8354400.000000,374.499664,419.000000,96.020691,262.449402,22.280001,29.318001
2020-08-13,70.773949,78.300003,79.099998,77.830002,6551800.000000,383.437592,429.000000,95.065468,263.048035,22.129999,29.296200
2020-08-14,70.873398,78.410004,79.230003,78.050003,5611200.000000,381.649994,427.000000,95.008339,262.739105,22.049999,29.338900
2020-08-17,72.482315,80.190002,80.889999,79.660004,8663900.000000,388.800385,435.000000,96.077812,265.789642,21.350000,29.382000
2020-08-18,71.777267,79.410004,80.820000,79.250000,6804800.000000,387.012756,433.000000,95.570038,268.348022,21.510000,29.335699
2020-08-19,70.990875,78.540001,79.230003,78.250000,7976800.000000,382.096863,427.500000,95.027397,266.542664,22.540001,29.354700
2020-08-20,69.427162,76.809998,77.099998,75.980003,11457100.000000,370.924530,415.000000,94.183228,270.240143,22.719999,29.416000
2020-08-21,70.810097,78.339996,78.730003,77.860001,7942300.000000,379.415588,424.500000,94.821098,272.112946,22.540001,29.320999
2020-08-24,71.316299,78.900002,79.910004,78.489998,6405600.000000,382.543823,428.000000,95.808067,273.811981,22.370001,29.392000
2020-08-25,72.346725,80.040001,80.480003,79.470001,6113100.000000,388.353485,434.500000,96.737877,275.964783,22.030001,29.290001
2020-08-26,73.892342,81.750000,82.169998,81.010002,7821600.000000,395.056885,442.000000,97.048897,281.853638,23.270000,29.290001
2020-08-27,72.852882,80.599998,82.309998,80.169998,8018200.000000,396.844604,444.000000,95.944527,280.975037,24.469999,29.281700
2020-08-28,72.708275,80.440002,80.879997,79.910004,5699500.000000,388.800385,435.000000,97.715324,282.403931,22.959999,29.323200
2020-08-31,71.632645,79.250000,79.760002,78.690002,9812900.000000,381.203094,426.500000,97.496368,284.672577,26.410000,29.331499
2020-09-01,73.711563,81.550003,81.599998,79.989998,10193300.000000,388.800385,435.000000,99.432213,289.538116,26.120001,29.308001
2020-09-02,74.271980,82.169998,82.709999,79.879997,12567800.000000,387.012756,433.000000,102.313736,292.279816,26.570000,29.303499
2020-09-03,73.377136,81.180000,81.809998,78.379997,20090100.000000,389.694183,436.000000,96.607796,277.461151,33.599998,29.292900
2020-09-04,71.325325,78.910004,81.470001,77.410004,13638700.000000,383.437592,429.000000,95.604958,273.763702,30.750000,29.278999
2020-09-08,69.888161,77.320000,79.150002,77.220001,11553500.000000,385.225189,431.000000,91.136650,260.605621,31.459999,29.305201
2020-09-09,71.768227,79.400002,79.699997,78.550003,7867500.000000,381.649994,427.000000,93.618370,268.260956,28.809999,29.247000
2020-09-10,71.316299,78.900002,81.230003,78.760002,11241800.000000,388.800385,435.000000,92.348961,262.912811,29.709999,29.281000
2020-09-11,71.243980,78.820000,80.300003,78.599998,7853500.000000,390.141083,436.500000,92.323570,261.088226,26.870001,29.268600
2020-09-14,72.762497,80.500000,81.120003,79.949997,7091100.000000,394.163086,441.000000,94.170525,265.635132,25.850000,29.282000
2020-09-15,77.598267,85.849998,86.790001,81.379997,21048400.000000,397.738373,445.000000,95.795372,269.400116,25.590000,29.122999
2020-09-16,75.139717,83.129997,86.489998,83.040001,14492600.000000,409.357635,458.000000,94.897263,265.104218,26.040001,29.195000
2020-09-17,74.419243,81.910004,82.290001,80.610001,10090200.000000,403.066742,448.500000,94.849663,260.962738,26.459999,29.180000
2020-09-18,72.892860,80.230003,82.839996,80.110001,10528300.000000,399.022675,444.000000,93.364479,257.632141,25.830000,29.122101
2020-09-21,73.219940,80.589996,80.650002,79.080002,8417100.000000,395.427795,440.000000,93.196266,258.249969,27.780001,29.004999
2020-09-22,73.119980,80.480003,80.889999,79.400002,6375200.000000,392.731628,437.000000,94.157837,263.048035,26.860001,28.968700
2020-09-23,70.794113,77.919998,79.930000,77.889999,9094700.000000,389.586243,433.500000,91.985382,255.015961,28.580000,29.033001
2020-09-24,71.212044,78.379997,79.000000,76.169998,9940900.000000,380.149994,423.000000,92.762497,256.203430,28.510000,29.192301
2020-09-25,71.666313,78.879997,78.919998,77.389999,6057500.000000,381.048584,424.000000,94.036507,262.159821,26.379999,29.264099
2020-09-28,72.474937,79.769997,80.370003,79.470001,5999300.000000,387.788849,431.500000,96.625908,267.604584,26.190001,29.251801
2020-09-29,73.147270,80.510002,81.239998,79.309998,6114600.000000,387.339478,431.000000,96.852013,266.397827,26.270000,29.100000
2020-09-30,73.656044,81.070000,81.940002,80.570000,5878900.000000,389.136841,433.000000,97.017639,268.222412,26.370001,28.889999
2020-10-01,75.064293,82.620003,82.720001,81.739998,6253800.000000,389.136841,433.000000,99.094238,272.479675,26.700001,28.912001
2020-10-02,73.410744,80.800003,82.199997,80.610001,6145900.000000,389.136841,433.000000,96.122658,264.814697,27.629999,28.867001
2020-10-05,76.808723,84.540001,84.629997,81.550003,10129100.000000,388.687561,432.500000,99.126083,270.462158,27.959999,28.920000
2020-10-06,75.518578,83.120003,84.449997,82.769997,7795600.000000,394.978455,439.500000,98.654716,265.635132,29.480000,28.705200
2020-10-07,78.971046,86.919998,87.000000,84.779999,11446400.000000,398.123901,443.000000,100.543388,270.230377,28.059999,28.806999
2020-10-08,79.770592,87.800003,88.860001,86.519997,10920800.000000,407.110840,453.000000,101.788757,271.668915,26.360001,28.613001
2020-10-09,80.660965,88.779999,88.800003,87.639999,7608800.000000,407.110840,453.000000,103.578705,275.819946,25.000000,28.631701
2020-10-12,82.596169,90.910004,91.269997,88.680000,10022000.000000,413.401825,460.000000,105.117035,284.334656,25.070000,28.601000
2020-10-13,81.442307,89.639999,90.650002,89.430000,8247000.000000,415.199188,462.000000,104.929100,284.325012,26.070000,28.610001
2020-10-14,80.497414,88.599998,89.879997,88.269997,8159000.000000,412.503113,459.000000,104.505539,281.950165,26.400000,28.835600
2020-10-15,80.088570,88.150002,89.489998,87.190002,10327900.000000,407.110840,453.000000,104.225243,280.058044,26.969999,28.718000
2020-10-16,78.771172,86.699997,88.589996,86.440002,7457200.000000,403.516022,449.000000,103.728378,278.523071,27.410000,28.733000
2020-10-19,79.552513,87.559998,89.620003,87.290001,7994500.000000,411.155060,457.500000,103.206055,273.976044,29.180000,28.771999
2020-10-20,80.188515,88.260002,88.980003,87.769997,7357600.000000,405.313477,451.000000,103.037254,274.564972,29.350000,28.713301
2020-10-21,79.625221,87.639999,88.870003,87.570000,7387600.000000,407.110840,453.000000,102.346130,274.352631,28.650000,28.523001
2020-10-22,80.143089,88.209999,88.940002,87.879997,5656200.000000,408.908264,455.000000,102.387505,274.342987,28.110001,28.676001
2020-10-23,80.233948,88.309998,88.449997,87.430000,4165400.000000,406.212250,452.000000,102.027596,274.883575,27.549999,28.681000
2020-10-26,78.798447,86.730003,87.779999,85.769997,5568000.000000,404.414825,450.000000,99.817230,270.761353,32.459999,28.583000
2020-10-27,78.780273,86.709999,87.220001,85.980003,5315800.000000,401.718719,447.000000,99.425468,272.875580,33.349998,28.596800
2020-10-28,76.181831,83.849998,85.410004,83.839996,8727300.000000,399.022675,444.000000,96.170441,262.237030,40.279999,28.573999
2020-10-29,77.126717,84.889999,85.330002,84.019997,5845600.000000,392.731628,437.000000,98.610138,266.822662,37.590000,28.583000
2020-10-30,76.199997,83.870003,84.750000,83.160004,4963600.000000,388.238190,432.000000,97.294739,260.055145,38.020000,28.365601
2020-11-02,77.871704,85.709999,85.959999,84.529999,6597100.000000,391.383667,435.500000,97.641891,260.634491,37.130001,28.583599
2020-11-03,79.670654,87.690002,88.239998,86.059998,6274700.000000,396.326447,441.000000,99.482819,265.142883,35.549999,28.558300
2020-11-04,81.269684,89.449997,89.769997,88.459999,7620800.000000,404.414825,450.000000,102.960831,276.978424,29.570000,28.594601
2020-11-05,82.160049,90.430000,90.959999,89.769997,6670100.000000,405.313477,451.000000,107.585396,284.199585,27.580000,28.551701
2020-11-06,83.050438,91.410004,91.500000,89.050003,6403000.000000,406.661530,452.500000,109.340317,284.411865,24.860001,28.531300
2020-11-09,80.888107,89.029999,92.480003,88.940002,8978000.000000,412.053741,458.500000,108.066330,278.600342,25.750000,28.575001
2020-11-10,79.643394,87.660004,88.800003,86.699997,8350100.000000,405.313477,451.000000,104.824020,273.609222,24.799999,28.625401
2020-11-11,82.568924,90.879997,91.180000,89.360001,7707300.000000,410.705658,457.000000,108.601410,279.729889,23.450001,28.587099
2020-11-12,81.605850,89.820000,91.889999,89.779999,7474600.000000,411.604340,458.000000,107.260529,278.416901,25.350000,28.508699
2020-11-13,84.694916,93.220001,93.809998,91.209999,9170900.000000,415.199188,462.000000,108.575920,280.859283,23.100000,28.431999
2020-11-16,90.191643,99.269997,102.440002,96.360001,18436200.000000,434.970581,484.000000,111.276764,283.050781,22.450001,28.480000
2020-11-17,86.957191,95.709999,98.089996,95.690002,10843700.000000,436.318634,485.500000,110.359520,282.152893,22.709999,28.515100
2020-11-18,88.065628,96.930000,98.800003,96.370003,8526600.000000,446.653625,497.000000,109.537781,280.067688,23.840000,28.500999
2020-11-19,87.774895,96.610001,96.860001,95.620003,5542800.000000,440.362732,490.000000,111.155754,282.259033,23.110001,28.530001
2020-11-20,86.611954,95.330002,97.199997,95.300003,5329800.000000,438.565277,488.000000,110.636612,280.328369,23.700001,28.487000
2020-11-23,89.155899,98.129997,98.930000,96.849998,8802400.000000,446.204285,496.500000,112.213165,280.337982,22.660000,28.526300
2020-11-24,87.802147,96.639999,98.589996,96.019997,7022800.000000,442.160126,492.000000,112.824669,284.276825,21.639999,28.517900
2020-11-25,88.574425,97.489998,97.989998,96.139999,5194900.000000,437.666687,487.000000,112.576271,286.024078,21.250000,28.467400
2020-11-27,89.710098,98.739998,99.269997,98.050003,4367100.000000,439.463989,489.000000,113.917145,288.659668,20.840000,28.509701
2020-11-30,88.147408,97.019997,97.949997,96.199997,13840500.000000,431.825134,480.500000,115.235710,289.248444,20.570000,28.518000
2020-12-01,91.636230,100.860001,104.300003,98.519997,16157300.000000,440.362732,490.000000,117.137138,292.955566,20.770000,28.516701
2020-12-02,90.436935,99.540001,102.040001,99.519997,8676300.000000,448.451111,499.000000,117.481140,293.332092,21.170000,28.473000
2020-12-03,90.400604,99.500000,101.190002,99.430000,7359000.000000,446.653625,497.000000,117.633995,293.747162,21.280001,28.441000
2020-12-04,94.243767,103.730003,103.750000,100.699997,10824500.000000,452.045898,503.000000,120.841286,294.944275,20.790001,28.388300
2020-12-07,96.660500,106.389999,107.610001,104.970001,11793000.000000,461.931488,514.000000,121.452805,296.614319,21.299999,28.216000
2020-12-08,95.979088,105.639999,107.839996,105.110001,9876200.000000,470.918610,524.000000,121.844528,297.618408,20.680000,28.000000
2020-12-09,94.870667,104.419998,106.599998,103.510002,8204100.000000,467.323700,520.000000,118.411125,290.880035,22.270000,28.225700
2020-12-10,94.698013,104.230003,105.110001,102.199997,7135000.000000,460.134216,512.000000,118.245514,292.048096,22.520000,28.243000
2020-12-11,94.516335,104.029999,105.120003,103.220001,7492600.000000,463.728943,516.000000,117.095749,291.401276,23.309999,28.186701
2020-12-14,94.089317,103.559998,104.900002,103.500000,5878000.000000,456.539337,508.000000,118.403297,293.515533,24.719999,28.181999
2020-12-15,95.479385,105.089996,106.379997,104.419998,7399900.000000,452.944550,504.000000,120.053268,296.652954,22.889999,28.112000
2020-12-16,95.579323,105.199997,105.669998,103.959999,5986900.000000,460.134216,512.000000,120.123474,298.284576,22.500000,28.098000
2020-12-17,94.796494,103.900002,105.320000,103.849998,7779300.000000,458.779480,508.000000,120.343697,300.234558,21.930000,28.115299
2020-12-18,95.143204,104.279999,104.800003,103.160004,7417000.000000,460.585724,510.000000,119.628799,299.327118,21.570000,28.128000
2020-12-21,95.645020,104.830002,104.959999,103.320000,6116400.000000,466.004364,516.000000,119.095818,298.767120,25.160000,28.169001
2020-12-22,94.833000,103.940002,105.220001,102.910004,5597100.000000,459.682617,509.000000,118.920288,299.579559,24.230000,28.139999
2020-12-23,94.668770,103.760002,104.870003,103.599998,3320800.000000,459.682617,509.000000,118.026680,298.070831,23.309999,28.130800
2020-12-24,96.685150,105.970001,106.339996,104.669998,3172100.000000,460.585724,510.000000,119.079865,299.386078,21.530001,28.135000
2020-12-28,96.849373,106.150002,108.169998,105.949997,5157000.000000,465.101257,515.000000,118.949013,302.403595,21.700001,27.938999
2020-12-29,96.311058,105.559998,107.150002,105.220001,4602400.000000,465.101257,515.000000,118.642632,302.674408,23.080000,28.107000
2020-12-30,99.358414,108.900002,109.699997,107.400002,9571800.000000,474.132355,525.000000,120.630928,302.683990,22.770000,28.124599
2020-12-31,99.486153,109.040001,109.669998,108.440002,4909500.000000,478.647919,530.000000,121.013893,303.428680,22.750000,28.070000
2021-01-04,101.913071,111.699997,114.099998,110.449997,11262100.000000,484.066620,536.000000,120.506462,299.144318,26.969999,28.054001
2021-01-05,102.889328,112.769997,114.949997,112.010002,10583600.000000,489.485229,542.000000,122.970261,301.610474,25.340000,28.101000
2021-01-06,105.480507,115.610001,116.389999,112.550003,10609300.000000,495.806946,549.000000,122.571335,297.432526,25.070000,27.955000
2021-01-07,110.790550,121.430000,122.940002,117.589996,13556100.000000,510.256653,565.000000,127.195770,304.627960,22.370001,27.830000
2021-01-08,108.290642,118.690002,126.290001,116.980003,18976800.000000,523.803345,580.000000,127.262772,308.544891,21.559999,27.926800
2021-01-11,111.858040,122.599998,123.599998,118.800003,12006800.000000,527.415771,584.000000,128.552109,304.086395,24.080000,28.017000
2021-01-12,112.223007,123.000000,125.199997,121.680000,14163200.000000,533.737549,591.000000,129.330841,303.602753,23.330000,28.020700
2021-01-13,108.783340,119.230003,124.800003,118.000000,20650500.000000,546.380920,605.000000,129.541473,305.653137,22.209999,27.978001
2021-01-14,115.370712,126.449997,134.649994,121.669998,37125400.000000,534.640625,592.000000,132.286118,304.018677,23.250000,28.018000
2021-01-15,114.257629,125.230003,128.539993,123.209999,17343100.000000,542.768555,601.000000,129.595734,301.610474,24.340000,27.986900
2021-01-19,119.795761,131.300003,134.050003,128.440002,20443800.000000,566.249390,627.000000,134.041458,306.011047,23.240000,27.982201
2021-01-20,119.193596,130.639999,136.130005,130.100006,17360700.000000,584.311584,647.000000,133.562729,313.129120,21.580000,27.915001
2021-01-21,122.405182,134.160004,135.399994,132.339996,15460100.000000,607.792419,673.000000,135.493546,315.633911,21.320000,27.889999
2021-01-22,117.825020,129.139999,131.250000,128.809998,19163200.000000,586.117920,649.000000,133.195755,314.724854,21.910000,27.958799
2021-01-25,119.084122,130.520004,132.169998,127.349998,20469300.000000,571.668396,633.000000,133.387238,317.326447,23.190001,27.951599
2021-01-26,115.553200,126.650002,129.320007,126.250000,17084600.000000,557.218384,617.000000,131.220200,317.790741,23.020000,27.920000
2021-01-27,111.073402,121.739998,125.099998,121.500000,16732700.000000,555.412109,615.000000,124.409615,308.931671,37.209999,27.917999
2021-01-28,114.805038,125.830002,127.580002,123.580002,14148100.000000,542.768555,601.000000,127.138329,310.759644,30.209999,27.933001
2021-01-29,110.872673,121.519997,124.360001,120.550003,15169200.000000,533.737549,591.000000,124.920242,304.221832,33.090000,27.932600
2021-02-01,115.562309,126.660004,126.849998,123.379997,10179900.000000,551.799927,611.000000,129.854263,311.823486,30.240000,28.000999
2021-02-02,117.186378,128.440002,130.250000,127.449997,9302400.000000,570.765015,632.000000,131.960587,316.910645,25.559999,27.950300
2021-02-03,116.328712,127.500000,129.139999,126.059998,9676600.000000,568.958740,630.000000,129.279800,315.653351,22.910000,27.858000
2021-02-04,116.921768,128.149994,128.199997,125.970001,7445100.000000,566.249390,627.000000,130.339340,319.386414,21.770000,27.864000
2021-02-05,116.584183,127.779999,128.880005,126.699997,6226800.000000,570.765015,632.000000,129.448914,320.469604,20.870001,27.902901
2021-02-08,120.936256,132.550003,133.250000,128.699997,11160000.000000,570.765015,632.000000,133.332932,322.616638,21.240000,27.973600
2021-02-09,121.054832,132.679993,134.410004,131.750000,7929100.000000,570.765015,632.000000,132.940430,322.548981,21.629999,27.880899
2021-02-10,121.976379,133.690002,136.000000,132.509995,12196300.000000,570.765015,632.000000,133.202087,321.814056,21.990000,27.853901
2021-02-11,126.967125,139.160004,139.229996,134.059998,12347900.000000,570.765015,632.000000,137.813766,323.583771,21.250000,27.961300
2021-02-12,125.963493,138.059998,139.809998,137.160004,11114100.000000,570.765015,632.000000,139.518036,325.392273,19.969999,27.943100
2021-02-16,127.779106,140.050003,142.199997,139.419998,11833600.000000,570.765015,632.000000,140.220108,324.512268,21.459999,27.993999
2021-02-17,124.330330,136.270004,139.639999,136.100006,12311200.000000,598.761475,663.000000,137.816956,322.955139,21.500000,28.040001
2021-02-18,122.834000,134.630005,135.880005,133.399994,11614600.000000,596.052063,660.000000,136.399963,321.543121,22.490000,27.918699
2021-02-19,124.686134,136.660004,137.949997,135.720001,10771900.000000,588.827209,652.000000,139.687134,320.140808,22.049999,27.860800
2021-02-22,121.866875,133.570007,135.279999,133.179993,10363800.000000,587.021057,650.000000,134.625534,311.842804,23.450001,27.907801
2021-02-23,117.788544,129.100006,131.740005,125.379997,18444700.000000,578.893005,641.000000,133.613770,310.914368,23.110001,27.809401
2021-02-24,120.708145,132.300003,132.380005,127.680000,12782900.000000,564.443298,625.000000,137.947784,313.477234,21.340000,27.850201
2021-02-25,114.960144,126.000000,131.539993,125.720001,13581200.000000,573.474426,635.000000,130.090439,302.548615,28.889999,27.650000
2021-02-26,114.905411,125.940002,127.389999,122.830002,17281000.000000,547.284302,606.000000,133.055283,303.815521,27.950001,27.764999
2021-03-01,117.815926,129.130005,130.300003,127.239998,9714900.000000,547.284302,606.000000,137.296738,312.954956,23.350000,27.855000
2021-03-02,114.960144,126.000000,128.520004,126.000000,8274500.000000,549.993530,609.000000,133.179779,307.935547,24.100000,27.819000
2021-03-03,112.122643,122.889999,127.760002,122.709999,10660300.000000,561.733948,622.000000,129.104279,298.999268,26.670000,27.740000
2021-03-04,105.462250,115.589996,123.150002,113.489998,24454200.000000,542.768555,601.000000,122.890472,294.105591,28.570000,27.719999
2021-03-05,110.215767,120.800003,121.300003,115.379997,17448700.000000,542.768555,601.000000,126.576607,298.535065,24.660000,27.813000
2021-03-08,103.947708,113.930000,121.000000,113.699997,17246900.000000,540.059387,598.000000,119.746880,290.082306,25.469999,27.927500
2021-03-09,106.183037,116.379997,118.400002,115.330002,17717100.000000,537.349976,595.000000,127.186195,301.523499,24.030001,28.283001
2021-03-10,103.856461,113.830002,118.029999,113.410004,15240300.000000,539.156311,597.000000,124.786201,300.662811,22.559999,28.252001
2021-03-11,110.015030,120.580002,120.800003,117.070000,15091600.000000,549.993530,609.000000,130.039368,307.587372,21.910000,28.202000
2021-03-12,107.934807,118.300003,119.000000,117.279999,8171000.000000,554.509033,614.000000,128.667023,305.092163,20.690001,28.000999
2021-03-15,108.646477,119.080002,119.110001,116.709999,8935000.000000,551.799927,611.000000,131.379761,308.351349,20.030001,28.145700
2021-03-16,108.892799,119.349998,121.250000,118.099998,10793400.000000,553.606018,613.000000,133.077621,310.043823,19.790001,28.176701
2021-03-17,108.762756,118.760002,119.519997,115.389999,9890400.000000,547.711792,604.000000,134.753143,311.320496,19.230000,28.236500
2021-03-18,104.861366,114.500000,118.330002,114.099998,10283800.000000,545.898254,602.000000,129.177658,301.784668,21.580000,28.217600
2021-03-19,104.064613,113.629997,114.889999,113.209999,11536000.000000,535.923340,591.000000,130.773438,302.848511,20.950001,28.404699
2021-03-22,107.315773,117.180000,118.330002,114.790001,9376400.000000,537.736816,593.000000,133.540421,308.527832,18.879999,28.386101
2021-03-23,105.218521,114.889999,116.750000,114.620003,8977400.000000,538.643677,594.000000,130.029770,307.181824,20.299999,28.308599
2021-03-24,99.787720,108.959999,114.690002,108.849998,24196100.000000,522.321045,576.000000,128.245758,302.001099,21.200001,28.403000
2021-03-25,101.152298,110.449997,112.750000,107.889999,16772400.000000,521.414307,575.000000,128.381973,301.478210,19.809999,28.480700
2021-03-26,106.747963,116.559998,116.699997,111.199997,12910900.000000,535.016541,590.000000,134.719376,306.000427,18.860001,28.503300
2021-03-29,104.760635,114.389999,116.760002,112.389999,10863600.000000,543.177795,599.000000,132.653778,305.913269,20.740000,28.585501
2021-03-30,105.383408,115.070000,116.089996,114.290001,8206200.000000,541.364014,597.000000,132.337250,304.373657,19.610001,28.527500
2021-03-31,108.323166,118.279999,118.360001,115.559998,9806500.000000,532.296143,587.000000,135.569855,309.031433,19.400000,28.441099
2021-04-01,114.294327,124.800003,124.879997,121.639999,17904000.000000,545.898254,602.000000,140.554779,314.299316,17.330000,28.374399
2021-04-05,114.019577,124.500000,127.400002,122.680000,14113900.000000,545.898254,602.000000,143.390945,320.574188,17.910000,28.530500
2021-04-06,112.132988,122.440002,124.010002,121.540001,13042300.000000,545.898254,602.000000,141.788971,320.351440,18.120001,28.387100
2021-04-07,109.797638,119.889999,122.610001,119.839996,11193200.000000,553.152588,610.000000,141.696259,321.126221,17.160000,28.431801
2021-04-08,113.039650,123.430000,123.820000,121.379997,10226700.000000,555.872925,613.000000,143.311020,324.476654,16.950001,28.350401
2021-04-09,112.462677,122.800003,123.440002,121.699997,8315200.000000,553.152588,610.000000,142.863388,326.442383,16.690001,28.370701
2021-04-12,110.722633,120.900002,122.459999,119.239998,9868400.000000,548.618652,605.000000,141.328552,326.016327,16.910000,28.500000
2021-04-13,111.061478,121.269997,122.900002,120.349998,8384800.000000,548.618652,605.000000,141.104736,329.821930,16.650000,28.393600
2021-04-14,110.667656,120.839996,122.430000,120.500000,9521900.000000,554.966431,612.000000,139.553986,325.861420,16.990000,28.413700
2021-04-15,108.387276,118.349998,122.000000,116.559998,18709100.000000,561.313904,619.000000,141.891342,330.799988,16.570000,28.333700
2021-04-16,108.836021,118.839996,120.599998,117.849998,9512100.000000,553.152588,610.000000,141.226227,331.187378,16.250000,28.245300
2021-04-19,105.685616,115.400002,118.879997,115.199997,12630300.000000,546.804993,603.000000,137.513947,328.156464,17.290001,28.254999
2021-04-20,105.273499,114.949997,116.779999,114.550003,9299200.000000,545.898254,602.000000,135.553925,325.764618,18.680000,28.127001
2021-04-21,107.517235,117.400002,117.489998,113.769997,8472200.000000,536.830078,592.000000,139.109512,328.553406,17.500000,28.025999
2021-04-22,105.612343,115.320000,117.500000,114.410004,7411800.000000,535.923340,591.000000,136.081482,324.592834,18.709999,27.980000
2021-04-23,108.652863,118.639999,118.720001,115.930000,8380300.000000,545.898254,602.000000,138.562714,328.679382,17.330000,28.086300
2021-04-26,111.290421,121.519997,121.540001,119.400002,8444000.000000,553.152588,610.000000,141.101547,330.819458,17.639999,28.032000
2021-04-27,111.061478,121.269997,121.650002,119.889999,5491800.000000,553.152588,610.000000,140.043198,329.386292,17.559999,27.808001
2021-04-28,109.587013,119.660004,120.419998,118.730003,6476500.000000,545.898254,602.000000,137.916870,328.272644,17.280001,27.897200
2021-04-29,109.074150,119.099998,120.830002,117.610001,8831800.000000,544.084595,600.000000,138.812195,329.454041,17.610001,27.783001
2021-04-30,106.912811,116.739998,118.180000,116.650002,7950700.000000,544.084595,600.000000,134.943176,327.294556,18.610001,27.766001
2021-05-03,106.180145,115.940002,117.550003,115.730003,10229500.000000,533.202759,588.000000,133.539520,325.551514,18.309999,27.846500
2021-05-04,105.648979,115.360001,115.820000,113.739998,9638300.000000,535.923340,591.000000,131.288467,319.692963,19.480000,27.924000
2021-05-05,105.667297,115.379997,116.489998,114.849998,7059000.000000,530.482422,585.000000,132.110229,318.618134,19.150000,27.893200
2021-05-06,107.150917,117.000000,117.639999,114.459999,8581700.000000,532.296143,587.000000,133.194183,321.019653,18.389999,27.885000
2021-05-07,106.995216,116.830002,119.419998,116.050003,9614300.000000,543.177795,599.000000,135.023102,323.624603,16.690001,27.948000
2021-05-10,102.855728,112.309998,115.379997,112.230003,12281200.000000,534.109680,589.000000,129.018234,315.451630,19.660000,27.752800
2021-05-11,103.350273,112.849998,112.989998,109.129997,10007700.000000,517.787048,571.000000,129.190903,315.015900,21.840000,27.731300
2021-05-12,99.100861,108.209999,110.089996,108.059998,15058900.000000,507.812195,560.000000,123.927864,306.862335,27.590000,27.917000
2021-05-13,99.595421,108.750000,111.430000,107.900002,10552000.000000,496.023712,547.000000,125.507431,309.234741,23.129999,28.024000
2021-05-14,102.993103,112.459999,112.830002,110.239998,8425200.000000,505.091705,557.000000,129.392380,316.061676,18.809999,27.937000
2021-05-17,100.557014,109.800003,110.029999,107.870003,10688600.000000,497.837280,549.000000,128.263672,314.144318,19.719999,27.959900
2021-05-18,101.509460,110.839996,113.480003,110.739998,7476600.000000,518.693970,572.000000,127.230888,312.023590,21.340000,28.054199
2021-05-19,102.938148,112.400002,112.489998,108.000000,7280500.000000,514.159973,567.000000,129.712128,312.381897,22.180000,27.965500
2021-05-20,103.744064,113.279999,113.720001,112.099998,6442500.000000,514.159973,567.000000,133.123840,318.424438,20.670000,27.890900
2021-05-21,102.434433,111.849998,114.000000,111.690002,5979400.000000,519.600830,573.000000,132.388428,316.662140,20.150000,27.950500
2021-05-24,104.064613,113.629997,114.540001,112.120003,6653600.000000,515.066772,568.000000,135.732986,321.987946,18.400000,27.948999
2021-05-25,104.659889,114.279999,114.940002,113.599998,5331700.000000,528.668762,583.000000,136.135849,322.433472,18.840000,28.012400
2021-05-26,106.235107,116.000000,116.000000,114.000000,6605100.000000,530.482422,585.000000,136.500381,323.556641,17.360001,27.820499
2021-05-27,106.024467,115.769997,116.529999,115.000000,6513700.000000,527.761963,582.000000,137.075912,322.346252,16.740000,27.667999
2021-05-28,107.480621,117.360001,117.839996,115.949997,5386500.000000,535.016541,590.000000,138.348511,323.363068,16.760000,27.787001
2021-06-01,108.533806,118.510002,120.040001,117.430000,7596100.000000,542.270874,598.000000,137.961624,322.288147,17.900000,27.516701
2021-06-02,108.936745,118.949997,119.449997,117.919998,5383400.000000,539.550476,595.000000,138.802536,322.917633,17.480000,27.581800
2021-06-03,106.986069,116.820000,118.260002,116.459999,4912200.000000,540.457397,596.000000,136.417206,319.557465,18.040001,27.544001
2021-06-04,109.449631,119.510002,119.849998,118.050003,5352100.000000,539.550476,595.000000,139.729828,324.980194,16.420000,27.623800
2021-06-07,108.268234,118.220001,118.750000,117.570000,6266000.000000,536.830078,592.000000,138.642670,325.948517,16.420000,27.535999
2021-06-08,106.161850,115.919998,117.680000,115.059998,11564800.000000,534.109680,589.000000,137.849701,326.103546,17.070000,27.622801
2021-06-09,107.269966,117.129997,117.650002,115.970001,6401600.000000,531.389282,586.000000,137.171814,326.180969,17.889999,27.586901
2021-06-10,108.286522,118.239998,118.849998,116.629997,8566600.000000,543.177795,599.000000,138.747513,329.579926,16.100000,27.779499
2021-06-11,108.295692,118.250000,118.419998,117.160004,6036600.000000,545.898254,602.000000,139.448624,330.441681,15.650000,27.557501
2021-06-14,110.805054,120.989998,121.000000,118.459999,7610300.000000,545.898254,602.000000,141.430191,333.608307,16.389999,27.641001
2021-06-15,109.394684,119.449997,122.000000,119.269997,8196900.000000,552.245911,609.000000,140.271347,331.429443,17.020000,27.636801
2021-06-16,108.085052,118.019997,119.900002,117.500000,8059400.000000,548.618652,605.000000,138.952393,330.218994,18.150000,27.561199
2021-06-17,109.510948,119.120003,120.239998,117.589996,7608100.000000,551.805542,606.000000,140.450607,334.411957,17.750000,27.677999
2021-06-18,106.449577,115.790001,117.889999,115.209999,12532800.000000,549.073914,603.000000,137.089249,331.787689,20.700001,27.684999
2021-06-21,104.932671,114.139999,115.400002,113.019997,11116200.000000,530.862305,583.000000,137.595047,333.849823,17.889999,27.781000
2021-06-22,105.107330,114.330002,114.489998,112.010002,11792400.000000,526.309509,578.000000,138.244934,336.961853,16.660000,27.947500
2021-06-23,106.688599,116.050003,117.419998,115.809998,8913700.000000,541.789246,595.000000,138.821167,337.126678,16.320000,27.950300
2021-06-24,107.782593,117.239998,117.669998,116.269997,6772200.000000,537.236511,590.000000,141.180496,339.211029,15.970000,28.034700
2021-06-25,107.129868,116.529999,117.930000,116.529999,6712800.000000,538.147156,591.000000,140.796310,338.794189,15.620000,27.906099
2021-06-28,109.961426,119.610001,119.949997,117.180000,11026600.000000,537.236511,590.000000,144.157669,342.914398,15.760000,27.865801
2021-06-29,110.531387,120.230003,120.290001,118.419998,7874900.000000,541.789246,595.000000,145.287781,344.155365,16.020000,27.816000
2021-06-30,110.467049,120.160004,120.760002,119.010002,7936400.000000,541.789246,595.000000,145.409378,343.612457,15.830000,27.875900
2021-07-01,108.867393,118.419998,120.209999,118.029999,8295600.000000,539.968079,593.000000,143.325348,343.748260,15.480000,27.818001
2021-07-02,109.317902,118.910004,119.180000,118.410004,5144300.000000,535.415161,588.000000,144.199341,347.693970,15.070000,27.879000
2021-07-06,110.365921,120.050003,120.959999,118.220001,7181500.000000,539.057556,592.000000,143.952835,349.196716,16.440001,27.968800
2021-07-07,108.711121,118.250000,121.050003,118.209999,7391800.000000,540.878662,594.000000,141.772751,349.933502,16.200001,27.896900
2021-07-08,108.361763,117.870003,118.279999,115.379997,7565400.000000,535.415161,588.000000,139.951233,347.820038,19.000000,27.881599
2021-07-09,110.834778,120.559998,120.790001,117.620003,8374200.000000,531.772949,584.000000,142.233749,349.991638,16.180000,27.959999
2021-07-12,112.737785,122.629997,122.730003,119.519997,10668700.000000,539.968079,593.000000,144.058472,351.358643,16.170000,27.951000
2021-07-13,113.905350,123.900002,125.480003,122.129997,13460200.000000,552.716125,607.000000,143.482224,351.358643,17.120001,27.959200
2021-07-14,114.355843,124.389999,125.779999,124.070000,10587700.000000,558.179443,613.000000,142.819580,351.988800,16.330000,28.019199
2021-07-15,108.049210,117.529999,120.699997,116.870003,23734500.000000,559.090027,614.000000,139.650314,349.516632,17.010000,27.966600
2021-07-16,106.403580,115.739998,118.989998,115.169998,12110000.000000,536.325806,589.000000,136.615417,346.685669,18.450001,27.879700
2021-07-19,106.045044,115.349998,115.620003,113.230003,9230200.000000,529.951904,582.000000,136.477829,343.845184,22.500000,27.972000
2021-07-20,107.010345,116.400002,116.870003,114.430000,7108000.000000,529.041321,581.000000,138.337738,347.839386,19.730000,28.077299
2021-07-21,108.361763,117.870003,117.870003,115.930000,5564700.000000,532.683594,585.000000,142.585907,350.524872,17.910000,27.999100
2021-07-22,107.157448,116.559998,118.089996,116.209999,5746500.000000,538.147156,591.000000,141.743927,352.841980,17.690001,27.961599
2021-07-23,107.368881,116.790001,117.650002,115.330002,5773900.000000,532.683594,585.000000,142.467438,356.962219,17.200001,27.995701
2021-07-26,106.320847,115.650002,116.099998,114.870003,6440600.000000,528.130737,580.000000,142.512253,357.243408,17.580000,28.018299
2021-07-27,104.381073,113.540001,115.400002,112.050003,11127500.000000,528.130737,580.000000,139.896805,353.307220,19.360001,28.047199
2021-07-28,105.787659,115.070000,115.510002,113.879997,6819700.000000,527.220093,579.000000,142.182526,354.664551,18.309999,28.023899
2021-07-29,106.780510,116.150002,117.110001,115.610001,7162000.000000,530.862305,583.000000,145.082916,355.294678,17.700001,27.899000
2021-07-30,107.231003,116.639999,117.419998,115.190002,6482600.000000,528.130737,580.000000,146.270554,353.443054,18.240000,27.844999
2021-08-02,107.433258,116.860001,118.379997,116.660004,6028800.000000,537.236511,590.000000,147.195724,353.472076,19.459999,27.924101
2021-08-03,108.858231,118.410004,118.639999,116.839996,5874700.000000,540.878662,594.000000,148.316193,355.614594,18.040001,27.920900
2021-08-04,109.161591,118.739998,119.550003,118.279999,4254000.000000,542.699829,596.000000,149.827225,356.128418,17.969999,27.850300
2021-08-05,109.602875,119.220001,119.239998,118.239998,4452300.000000,542.699829,596.000000,149.852829,358.387360,17.280001,27.714701
2021-08-06,108.674332,118.209999,118.599998,117.449997,4338100.000000,538.147156,591.000000,149.106873,356.816772,16.150000,27.726400
2021-08-09,108.683556,118.220001,118.790001,117.320000,4280200.000000,541.789246,595.000000,148.601089,357.476013,16.719999,27.822300
2021-08-10,106.973595,116.360001,119.050003,114.080002,5132800.000000,538.147156,591.000000,146.875610,355.643646,16.790001,27.785601
2021-08-11,106.633438,115.989998,117.290001,115.199997,4490400.000000,537.236511,590.000000,146.373032,355.032898,16.170000,27.826200
2021-08-12,106.366821,115.699997,115.949997,114.440002,6338400.000000,533.594238,586.000000,144.801147,356.312653,15.590000,27.791500
2021-08-13,106.182938,115.500000,115.519997,114.489998,4593200.000000,529.041321,581.000000,145.710358,357.563263,15.450000,27.796499
2021-08-16,105.383141,114.629997,115.480003,114.099998,5435900.000000,531.772949,584.000000,145.169342,357.718353,16.120001,27.808001
2021-08-17,102.147072,111.110001,113.849998,110.750000,13398800.000000,531.772949,584.000000,142.358582,354.567566,17.910000,27.789700
2021-08-18,101.540321,110.449997,113.000000,110.379997,9167300.000000,522.667297,574.000000,140.476242,351.154999,21.570000,27.899401
2021-08-19,101.604652,110.519997,110.970001,107.680000,12146900.000000,509.008636,559.000000,141.628693,352.851624,21.670000,27.842199
2021-08-20,99.398277,108.120003,109.709999,107.730003,13042000.000000,502.634796,552.000000,142.691528,356.506531,18.559999,28.018000
2021-08-23,102.009186,110.959999,111.330002,109.269997,9533500.000000,515.382690,566.000000,146.709137,361.838684,17.150000,27.971001
2021-08-24,103.066414,112.110001,113.070000,111.800003,6719800.000000,520.846252,572.000000,146.709137,362.943909,17.219999,27.901199
2021-08-25,107.589523,117.029999,119.180000,115.610001,22106800.000000,532.683594,585.000000,147.826401,363.360657,16.790001,27.893101
2021-08-26,108.573212,118.099998,118.459999,116.349998,9892100.000000,540.878662,594.000000,147.964081,361.053436,18.840000,27.884899
2021-08-27,108.931755,118.489998,119.300003,117.690002,6827700.000000,545.431580,599.000000,150.787613,364.562866,16.389999,27.916599
2021-08-30,109.391434,118.989998,119.500000,118.470001,6434200.000000,550.894958,605.000000,151.088501,368.654083,16.190001,27.872999
2021-08-31,109.409821,119.010002,120.800003,118.699997,8424900.000000,559.090027,614.000000,149.881607,368.353607,16.480000,27.729200
2021-09-01,110.742844,120.459999,121.360001,119.559998,8603900.000000,558.179443,613.000000,149.065277,368.964355,16.110001,27.568701
2021-09-02,111.046219,120.790001,121.389999,120.459999,6866400.000000,552.716125,607.000000,149.622284,368.789886,16.410000,27.671600
2021-09-03,113.969719,123.970001,124.480003,121.260002,10361400.000000,564.553467,620.000000,150.742813,369.924103,16.410000,27.626600
2021-09-07,114.640808,124.699997,125.279999,123.889999,9739900.000000,567.285217,623.000000,150.188980,370.447632,18.139999,27.533100
2021-09-08,112.057487,121.889999,123.139999,121.230003,7983300.000000,563.642883,619.000000,148.264999,369.158173,17.959999,27.591200
2021-09-09,112.783775,122.680000,123.489998,121.879997,5101300.000000,563.642883,619.000000,148.786758,367.888245,18.799999,27.670700
2021-09-10,113.050377,122.970001,124.339996,122.889999,5163900.000000,566.374756,622.000000,149.968048,365.096100,20.950001,27.629601
2021-09-13,113.647934,123.620003,124.099998,122.199997,6622800.000000,560.000610,615.000000,151.405396,364.844055,19.370001,27.650499
2021-09-14,113.160690,123.089996,123.629997,122.400002,5110500.000000,558.179443,613.000000,151.411835,363.806763,19.459999,27.639400
2021-09-15,111.698959,121.500000,122.500000,120.879997,5566500.000000,552.716125,607.000000,152.282623,366.511597,18.180000,27.635599
2021-09-16,111.502342,120.790001,121.129997,119.349998,7301400.000000,548.828735,600.000000,152.573898,366.763641,18.690001,27.612700
2021-09-17,108.696083,117.750000,120.470001,117.690002,10722700.000000,548.828735,600.000000,150.140930,362.420380,20.809999,27.693001
2021-09-20,105.880600,114.699997,116.010002,113.550003,8991000.000000,548.828735,600.000000,146.424240,354.931641,25.709999,27.782000
2021-09-21,106.120598,114.959999,115.870003,114.550003,8182200.000000,548.828735,600.000000,146.856415,355.368317,24.360001,27.766001
2021-09-22,106.960625,115.870003,116.239998,114.910004,5345600.000000,536.022522,586.000000,149.904022,358.687622,20.870001,27.718599
2021-09-23,107.256042,116.190002,116.970001,115.589996,5484700.000000,537.851990,588.000000,151.901657,361.997223,18.629999,27.703899
2021-09-24,106.748329,115.639999,116.559998,115.529999,4455900.000000,546.999146,598.000000,151.727371,362.336914,17.750000,27.684999
2021-09-27,107.219109,116.150002,116.570000,115.010002,5198800.000000,550.658020,602.000000,151.358337,359.444702,18.760000,27.726999
2021-09-28,103.295898,111.900002,115.040001,111.849998,9792300.000000,543.340332,594.000000,145.437546,349.273224,23.250000,27.654200
2021-09-29,103.037430,111.620003,112.849998,111.019997,6522400.000000,530.534241,580.000000,143.143005,348.700684,22.559999,27.738100
2021-09-30,103.065117,111.650002,113.349998,111.650002,6433400.000000,530.534241,580.000000,143.085236,347.419525,23.139999,27.812401
2021-10-01,102.982025,111.559998,112.300003,110.300003,5315200.000000,525.045959,574.000000,143.178314,349.574127,21.100000,27.836599
2021-10-04,100.637329,109.019997,111.430000,108.519997,8514500.000000,523.216553,572.000000,139.490952,342.236755,22.959999,27.754000
2021-10-05,100.858894,109.260002,110.349998,109.220001,8039600.000000,523.216553,572.000000,141.602600,346.856598,21.299999,27.882299
2021-10-06,100.932739,109.339996,109.519997,107.580002,7553600.000000,522.301941,571.000000,142.154572,349.079071,21.000000,27.871000
2021-10-07,102.308174,110.830002,111.709999,110.489998,7821900.000000,530.534241,580.000000,143.816895,352.281982,19.540001,27.951000
2021-10-08,101.578903,110.040001,111.070000,109.510002,5143400.000000,525.960693,575.000000,142.343964,350.525208,18.770000,27.968500
2021-10-11,101.782005,110.260002,111.709999,109.900002,5318500.000000,525.960693,575.000000,141.390823,347.836823,20.000000,28.049999
2021-10-12,100.803490,109.199997,111.029999,108.559998,9294600.000000,525.960693,575.000000,139.625763,346.623749,19.850000,28.042999
2021-10-13,101.523521,109.980003,110.050003,108.949997,7845100.000000,522.301941,571.000000,140.431244,349.399445,18.639999,28.128700
2021-10-14,103.905144,112.559998,114.739998,111.160004,16930500.000000,524.131348,573.000000,144.789276,355.834198,16.860001,27.999500
2021-10-15,106.028313,114.860001,114.949997,112.959999,11558800.000000,548.828735,600.000000,145.755234,358.076141,16.299999,27.988899
2021-10-18,106.471375,115.339996,115.349998,113.419998,6773800.000000,539.681458,590.000000,146.929794,361.676910,16.309999,28.000000
2021-10-19,107.966820,116.959999,116.980003,115.629997,5406100.000000,548.828735,600.000000,148.730118,364.413879,15.700000,27.949200
2021-10-20,106.702164,115.589996,117.029999,115.550003,8205800.000000,546.999146,598.000000,148.422028,363.938324,15.490000,27.826300
2021-10-21,107.348351,116.290001,116.349998,114.610001,4640300.000000,545.169678,596.000000,149.917465,366.160858,15.010000,27.806000
2021-10-22,105.446754,114.230003,117.150002,114.230003,6283000.000000,548.828735,600.000000,148.235886,363.084259,15.430000,27.818501
2021-10-25,104.902100,113.639999,114.550003,113.110001,6667700.000000,542.425598,593.000000,149.253174,366.801514,15.240000,27.837000
2021-10-26,105.400574,114.180000,115.300003,113.720001,4852300.000000,547.913940,599.000000,149.365479,367.956360,15.980000,27.806200
2021-10-27,105.003624,113.750000,115.059998,113.709999,5394500.000000,547.913940,599.000000,148.293655,368.810516,16.980000,27.796301
2021-10-28,107.089867,116.010002,116.019997,113.540001,5714300.000000,544.255005,595.000000,151.637558,372.906250,16.530001,27.762501
2021-10-29,104.957489,113.699997,114.190002,113.220001,7118900.000000,539.681458,590.000000,152.314697,374.740540,16.260000,27.723301
2021-11-01,105.345177,114.120003,114.339996,113.349998,4955700.000000,539.681458,590.000000,154.798508,376.021759,16.410000,27.816700
2021-11-02,105.335968,114.110001,114.800003,113.540001,4479700.000000,541.510864,592.000000,156.724014,377.594025,16.030001,27.801100
2021-11-03,105.243652,114.010002,114.099998,112.730003,6073000.000000,541.510864,592.000000,158.530746,381.602417,15.100000,27.858500
2021-11-04,108.733009,117.790001,117.849998,112.410004,14682800.000000,536.937256,587.000000,163.864304,386.494019,15.440000,27.789499
2021-11-05,108.742226,117.800003,119.529999,116.250000,8668100.000000,548.828735,600.000000,165.683868,386.862793,16.480000,27.874100
2021-11-08,111.613121,120.910004,122.250000,117.050003,15776300.000000,550.658020,602.000000,167.923843,386.338623,17.219999,27.830099
2021-11-09,112.416199,121.779999,123.269997,120.169998,10874100.000000,558.890503,611.000000,167.923843,383.679352,17.780001,27.801201
2021-11-10,109.111458,118.199997,120.800003,117.680000,9046100.000000,559.805298,612.000000,162.972168,378.040527,18.730000,27.731300
2021-11-11,109.102257,118.190002,120.470001,117.800003,6994000.000000,554.316956,606.000000,166.418762,379.088654,17.660000,27.759001
2021-11-12,109.563812,118.690002,118.820000,117.269997,6947200.000000,552.487488,604.000000,168.045807,383.077637,16.290001,27.801701
2021-11-15,109.037628,118.120003,119.639999,117.510002,5157000.000000,556.146423,608.000000,167.920639,382.990295,16.490000,27.781300
2021-11-16,109.000717,118.080002,118.379997,117.160004,5555100.000000,557.975708,610.000000,170.436615,385.717621,16.370001,27.752501
2021-11-17,109.905365,119.059998,119.550003,117.510002,6391400.000000,557.975708,610.000000,169.249237,385.921356,17.110001,27.800699
2021-11-18,113.902405,123.389999,123.559998,119.800003,13229700.000000,560.719849,613.000000,172.079681,389.920013,17.590000,27.740700
2021-11-19,114.705521,124.260002,124.800003,122.019997,9071800.000000,565.293396,618.000000,172.557816,392.094086,17.910000,27.806400
2021-11-22,115.157845,124.750000,128.089996,123.209999,16076100.000000,562.549133,615.000000,170.057892,387.542206,19.170000,27.792999
2021-11-23,112.028503,121.360001,123.199997,119.519997,10984000.000000,559.805298,612.000000,169.374390,385.775726,19.379999,27.769501
2021-11-24,111.428467,120.709999,120.870003,118.400002,6992600.000000,551.572693,603.000000,171.235626,387.018127,18.580000,27.751400
2021-11-26,108.086830,117.089996,119.040001,116.519997,6766900.000000,545.169678,596.000000,166.470108,379.680695,28.620001,27.764700
2021-11-29,110.108437,119.279999,119.879997,117.900002,7634000.000000,542.425598,593.000000,172.869125,387.920746,22.959999,27.853901
2021-11-30,108.142212,117.150002,120.169998,115.760002,10561800.000000,545.169678,596.000000,169.839691,382.223541,27.190001,27.745600
2021-12-01,111.354622,120.629997,123.510002,119.220001,12924400.000000,548.828735,600.000000,168.482208,375.720856,31.120001,27.578699
2021-12-02,112.342377,121.699997,123.400002,120.019997,8425500.000000,562.549133,615.000000,168.726151,378.428711,27.950001,27.604500
2021-12-03,110.154602,119.330002,121.849998,117.980003,7809000.000000,556.146423,608.000000,168.299316,371.848206,30.670000,27.678699
2021-12-06,109.979202,119.139999,119.500000,116.580002,5681200.000000,548.828735,600.000000,168.084290,374.827911,27.180000,27.657200
2021-12-07,112.914688,122.320000,122.580002,120.260002,7459200.000000,555.231628,607.000000,176.565964,386.115509,21.889999,27.659201
2021-12-08,112.434669,121.800003,122.220001,120.110001,5795700.000000,550.658020,602.000000,175.417145,387.843109,19.900000,27.742599
2021-12-09,110.311539,119.500000,122.089996,119.489998,6103900.000000,556.146423,608.000000,171.383301,382.136169,21.580000,27.630699
2021-12-10,109.969978,119.129997,120.790001,118.239998,5973900.000000,553.402100,605.000000,173.000717,386.290161,18.690001,27.685600
2021-12-13,107.468346,116.419998,119.029999,116.389999,5854300.000000,549.743286,601.000000,168.392288,380.709473,20.309999,27.636000
2021-12-14,107.348351,116.290001,116.980003,115.250000,6267300.000000,547.913940,599.000000,167.582306,376.769043,21.889999,27.745899
2021-12-15,111.142326,120.400002,120.510002,116.480003,6700700.000000,548.828735,600.000000,173.734528,385.358398,19.290001,27.784201
2021-12-16,108.051941,116.570000,120.750000,116.139999,9116100.000000,555.950256,605.000000,166.155121,375.449097,20.570000,27.739700
2021-12-17,107.820198,116.320000,117.489998,115.930000,11725600.000000,557.788208,607.000000,165.762939,373.575867,21.570000,27.757700
2021-12-20,106.541054,114.940002,116.620003,113.910004,6980800.000000,549.517761,598.000000,164.464401,369.952057,22.870001,27.827200
2021-12-21,108.858376,117.440002,117.500000,115.080002,6122900.000000,548.598755,597.000000,170.398056,378.231781,21.010000,27.815399
2021-12-22,112.436295,121.300003,121.440002,116.830002,9300100.000000,551.355652,600.000000,172.169174,382.838074,18.629999,27.730200
2021-12-23,111.861610,120.680000,121.790001,119.839996,6512500.000000,556.869202,606.000000,173.834183,385.724274,17.959999,27.711000
2021-12-27,113.734009,122.699997,123.260002,121.199997,6309900.000000,556.869202,606.000000,178.597794,392.099304,17.680000,27.679300
2021-12-28,113.140755,122.059998,123.660004,121.870003,6321000.000000,565.139404,615.000000,176.627457,390.282013,17.540001,27.683701
2021-12-29,112.538277,121.410004,123.150002,120.970001,5847700.000000,566.058594,616.000000,176.897415,390.223633,16.950001,27.535000
2021-12-30,111.620605,120.419998,121.550003,120.190002,4187800.000000,565.139404,615.000000,174.895935,389.057556,17.330000,27.617399
2021-12-31,111.518646,120.309998,121.750000,120.220001,3888200.000000,565.139404,615.000000,174.368622,386.628082,17.219999,27.658701
2022-01-03,119.388275,128.800003,129.589996,124.000000,18592000.000000,579.842468,631.000000,177.834656,390.350037,16.600000,27.702101
2022-01-04,123.652130,133.399994,135.500000,130.300003,25554900.000000,602.815430,656.000000,177.288055,385.286987,16.910000,27.624701
2022-01-05,117.775421,127.059998,130.880005,126.879997,17891200.000000,597.301880,650.000000,171.265945,373.450562,19.730000,27.515499
2022-01-06,119.082375,128.470001,129.000000,124.809998,16249000.000000,591.788452,644.000000,172.597031,373.188110,19.610001,27.596399
2022-01-07,114.475548,123.500000,127.139999,123.309998,21248100.000000,582.599060,634.000000,167.590927,369.145477,18.760000,27.620001
2022-01-10,115.875198,125.010002,125.870003,123.260002,11857700.000000,590.869507,643.000000,167.652023,369.388489,19.400000,27.658001
2022-01-11,119.731216,129.169998,129.550003,125.500000,12113100.000000,598.220764,651.000000,170.806152,374.937378,18.410000,27.598900
2022-01-12,122.567604,132.229996,132.919998,130.220001,16389200.000000,606.491089,660.000000,172.060089,376.424255,17.620001,27.627001
2022-01-13,129.019043,139.190002,145.000000,138.919998,52020000.000000,607.410034,661.000000,168.044281,367.007568,20.309999,27.598600
2022-01-14,130.381607,140.660004,143.880005,136.089996,28255300.000000,617.518311,672.000000,172.066528,369.291290,19.190001,27.566000
2022-01-18,124.050705,133.830002,137.179993,133.289993,15191400.000000,608.329102,662.000000,164.375656,360.097992,22.790001,27.423700
2022-01-19,121.436760,131.009995,135.899994,130.940002,11155100.000000,600.977478,654.000000,159.539948,356.142853,23.850000,27.516199
2022-01-20,118.952606,128.330002,132.750000,128.199997,11421900.000000,598.220764,651.000000,154.537048,351.517181,25.590000,27.547600
2022-01-21,115.430275,124.529999,127.980003,124.269997,15573700.000000,589.031616,641.000000,151.964859,341.770081,28.850000,27.615700
2022-01-24,116.755783,125.959999,126.070000,120.129997,17083400.000000,600.058777,653.000000,153.701096,343.334717,29.900000,27.691200
2022-01-25,113.530083,122.480003,125.820000,121.699997,11370500.000000,589.031616,641.000000,147.965118,335.375702,31.160000,27.663900
2022-01-26,114.086227,123.080002,126.669998,121.889999,13592100.000000,584.437012,636.000000,150.238297,334.850952,31.959999,27.698000
2022-01-27,107.875839,116.379997,124.139999,116.029999,18599800.000000,584.437012,636.000000,143.550629,331.478821,30.490000,27.664499
2022-01-28,109.015938,117.610001,119.599998,114.190002,14005900.000000,584.437012,636.000000,146.302841,341.876953,27.660000,27.756500
2022-01-31,113.669121,122.629997,122.769997,118.809998,10189100.000000,584.437012,636.000000,154.160889,352.809631,24.830000,27.827000
2022-02-01,114.058434,123.050003,123.239998,120.099998,6956300.000000,584.437012,636.000000,155.443741,355.209991,21.959999,27.770399
2022-02-02,115.078041,124.150002,126.470001,122.550003,8562900.000000,584.437012,636.000000,159.369568,358.096252,22.090000,27.742300
2022-02-03,111.082993,119.839996,123.879997,119.250000,9926800.000000,584.437012,636.000000,152.434326,343.577606,24.350000,27.750799
2022-02-04,112.176765,121.019997,121.830002,119.389999,5743200.000000,584.437012,636.000000,153.308853,347.911896,23.219999,27.743900
2022-02-07,113.372513,122.309998,124.099998,121.879997,6562900.000000,583.518127,635.000000,153.222092,345.113037,22.860001,27.799999
2022-02-08,114.670212,123.709999,123.860001,121.610001,7036200.000000,577.085510,628.000000,157.096390,348.990509,21.440001,27.826000
2022-02-09,116.347916,125.519997,125.550003,122.760002,10979700.000000,581.680237,633.000000,162.250412,356.385895,19.959999,27.805201
2022-02-10,115.597115,124.709999,128.660004,124.360001,10474900.000000,596.382874,649.000000,157.192841,348.319916,23.910000,27.780701
2022-02-11,112.167496,121.010002,126.580002,120.449997,9845700.000000,597.301880,650.000000,149.193405,337.270691,27.360001,27.826401
2022-02-14,111.018097,119.769997,121.550003,118.000000,8081800.000000,585.355896,637.000000,149.334854,337.688538,28.330000,27.906000
2022-02-15,115.420998,124.519997,124.610001,121.459999,9248700.000000,581.680237,633.000000,157.575455,346.084839,25.700001,27.861799
2022-02-16,114.568237,123.599998,124.290001,121.570000,5749500.000000,593.626160,646.000000,157.626892,345.997437,24.290001,27.820700
2022-02-17,111.008842,119.760002,122.750000,119.650002,7976700.000000,592.707214,645.000000,151.707626,335.706085,28.110001,27.810801
2022-02-18,110.591721,119.309998,120.690002,118.449997,8389000.000000,585.355896,637.000000,150.013214,331.877228,27.750000,27.836700
2022-02-22,108.367088,116.910004,119.360001,115.720001,9793500.000000,576.166687,627.000000,149.100128,328.543976,28.809999,27.812401
2022-02-23,107.430893,115.900002,119.430000,115.760002,8114700.000000,574.328857,625.000000,145.547272,320.128235,31.020000,27.837400
2022-02-24,103.704643,111.879997,111.980003,104.379997,27539100.000000,555.031433,604.000000,150.871719,330.885986,30.320000,27.872700
2022-02-25,103.102150,111.230003,113.000000,109.360001,14258900.000000,555.031433,604.000000,153.386002,336.017059,27.590000,28.067200
2022-02-28,99.190521,107.010002,109.769997,105.000000,26390800.000000,555.031433,604.000000,152.453568,337.018036,30.150000,27.962799
2022-03-01,100.154526,108.050003,111.110001,107.050003,20377900.000000,555.031433,604.000000,146.926620,331.857758,33.320000,27.975599
2022-03-02,101.600510,109.610001,109.970001,107.860001,13342400.000000,552.274536,601.000000,151.598343,337.426239,30.740000,28.046801
2022-03-03,100.840454,108.790001,110.000000,107.599998,10841700.000000,553.193481,602.000000,148.418503,332.606049,30.480000,27.970501
2022-03-04,97.382996,105.059998,108.120003,103.809998,22372100.000000,546.761047,595.000000,144.479813,327.785919,31.980000,28.050501
2022-03-07,92.034645,99.290001,104.089996,99.059998,29422900.000000,529.301331,576.000000,137.232681,315.696899,36.450001,28.125999
2022-03-08,92.692749,100.000000,103.110001,98.620003,25650000.000000,517.355408,563.000000,139.862747,314.229462,35.130001,28.275900
2022-03-09,97.281036,104.949997,105.720001,102.760002,14348400.000000,521.950073,568.000000,145.724106,325.541107,32.450001,28.303400
2022-03-10,96.363373,103.959999,105.529999,102.519997,11811000.000000,539.409668,587.000000,142.733932,321.926117,30.230000,28.268000
2022-03-11,93.999733,101.410004,105.360001,101.300003,18116400.000000,528.382446,575.000000,139.669815,315.249878,30.750000,28.300699
2022-03-14,92.043907,99.300003,101.860001,99.070000,17959400.000000,525.625793,572.000000,135.149185,309.195587,31.770000,28.410999
2022-03-15,94.630035,102.089996,102.139999,97.620003,13415600.000000,512.760742,558.000000,141.361023,318.894012,29.830000,28.511000
2022-03-16,98.439445,105.690002,105.790001,102.809998,20347100.000000,515.300354,558.000000,148.640335,330.720825,26.670000,28.518900
2022-03-17,99.184563,106.489998,106.529999,104.750000,8042000.000000,537.463684,582.000000,149.556686,334.724548,25.670000,28.379000
2022-03-18,99.398788,106.720001,107.040001,104.889999,10218200.000000,536.540283,581.000000,152.476105,341.575714,23.870001,28.177999
2022-03-21,99.585060,106.919998,107.220001,105.129997,10366100.000000,541.157593,586.000000,152.173889,340.626038,23.530001,28.356001
2022-03-22,99.696823,107.040001,107.959999,106.230003,10401200.000000,538.387207,583.000000,153.016251,347.320282,22.940001,28.410000
2022-03-23,98.122757,105.349998,108.190002,105.349998,12905300.000000,544.851562,590.000000,149.161163,342.328857,23.570000,28.467400
2022-03-24,100.516472,107.919998,107.980003,105.830002,10834000.000000,545.775024,591.000000,156.691010,349.937653,21.670000,28.559700
2022-03-25,99.408104,106.730003,107.980003,105.839996,7432100.000000,552.239319,598.000000,156.336670,349.645721,20.809999,28.651501
2022-03-28,99.035538,106.330002,106.720001,104.610001,8151200.000000,539.310669,584.000000,157.551071,355.055573,19.629999,28.669001
2022-03-29,101.755226,109.250000,109.760002,106.790001,14076200.000000,543.928162,589.000000,161.162216,361.165955,18.900000,28.783701
2022-03-30,99.408104,106.730003,109.339996,106.510002,15456300.000000,554.086304,600.000000,156.008072,357.176727,19.330000,28.628300
2022-03-31,97.107559,104.260002,107.150002,104.190002,13021600.000000,551.315918,597.000000,152.458191,352.749634,20.559999,28.525600
2022-04-01,95.738388,102.790001,105.949997,102.209999,12085100.000000,543.928162,589.000000,149.504288,352.078247,19.629999,28.615700
2022-04-04,97.601189,104.790001,105.570000,103.279999,9077200.000000,543.928162,589.000000,151.933105,359.327057,18.570000,28.667999
2022-04-05,95.468277,102.500000,104.599998,102.110001,12291000.000000,543.928162,589.000000,144.939682,351.348511,21.030001,28.588499
2022-04-06,94.238846,101.180000,102.139999,99.720001,14902600.000000,533.769714,578.000000,141.335007,343.720215,22.100000,28.653200
2022-04-07,93.624115,100.519997,101.230003,99.650002,12431000.000000,522.688171,566.000000,141.644226,344.537537,21.549999,28.725401
2022-04-08,92.478493,99.290001,100.699997,99.120003,11796200.000000,523.611572,567.000000,138.129807,339.721252,21.160000,28.798700
2022-04-11,90.876495,97.570000,98.379997,96.910004,12480500.000000,515.300354,558.000000,135.291870,331.684265,24.370001,28.891001
2022-04-12,90.755417,97.440002,100.150002,97.440002,13291500.000000,514.376770,557.000000,134.879517,330.283142,24.260000,29.031000
2022-04-13,94.536873,101.500000,102.220001,99.500000,15776800.000000,529.152466,573.000000,137.781937,336.996887,21.820000,29.038000
2022-04-14,91.612305,98.360001,104.500000,98.330002,17828500.000000,529.152466,573.000000,133.971130,329.290649,22.700001,28.866699
2022-04-18,91.994171,98.769997,99.839996,97.470001,10277400.000000,518.070740,561.000000,136.290421,329.543640,22.170000,29.111000
2022-04-19,92.627533,99.449997,99.449997,97.709999,10103000.000000,521.764648,565.000000,139.276596,336.909271,21.370001,29.214001
2022-04-20,92.217712,99.010002,101.000000,98.900002,8596900.000000,526.382019,570.000000,138.967361,331.995697,20.320000,29.253700
2022-04-21,90.960312,97.660004,100.650002,97.410004,13038500.000000,521.764648,565.000000,135.259598,325.126221,22.680000,29.163500
2022-04-22,89.116158,95.680000,97.790001,95.360001,11650100.000000,515.300354,558.000000,132.250931,316.612549,28.209999,29.289000
2022-04-25,89.637711,96.239998,96.279999,94.449997,10654400.000000,505.142029,547.000000,134.486465,320.679626,27.020000,29.311001
2022-04-26,86.405785,92.769997,95.019997,92.769997,14176000.000000,504.218536,546.000000,128.523849,308.575623,33.520000,29.193701
2022-04-27,84.067978,90.260002,92.690002,90.220001,15846300.000000,485.749023,526.000000,127.821609,308.205902,31.600000,29.300699
2022-04-28,88.687714,95.220001,96.199997,91.779999,15176200.000000,490.366455,531.000000,134.866638,319.152100,29.990000,29.374701
2022-04-29,86.554817,92.930000,95.589996,92.769997,10629300.000000,496.830719,538.000000,129.103683,304.790741,33.400002,29.452700
2022-05-02,87.327881,93.760002,94.269997,91.239998,8251900.000000,496.830719,538.000000,133.413803,309.879425,32.340000,29.434000
2022-05-03,87.206787,93.629997,94.050003,92.510002,9511900.000000,490.366455,531.000000,134.518723,310.210236,29.250000,29.484600
2022-05-04,89.404869,95.989998,96.070000,91.919998,9082500.000000,493.136810,534.000000,139.737259,320.699188,25.420000,29.422100
2022-05-05,85.828293,92.150002,94.379997,91.220001,11517200.000000,500.524628,542.000000,132.969299,304.547455,31.200001,29.240000
2022-05-06,85.344002,91.629997,92.879997,90.269997,7944900.000000,487.595978,528.000000,131.783813,300.898712,30.190001,29.606701
2022-05-09,81.311043,87.300003,90.190002,87.010002,11428600.000000,480.208099,520.000000,125.073837,289.125397,34.750000,29.650000
2022-05-10,82.726761,88.820000,90.290001,88.089996,11690400.000000,478.361145,518.000000,127.918251,292.637970,32.990002,29.750999
2022-05-11,81.804680,87.830002,90.570000,87.800003,11531300.000000,481.131622,521.000000,124.139664,283.958893,32.560001,29.641701
2022-05-12,81.674286,87.690002,88.209999,85.389999,11592900.000000,466.356049,505.000000,124.893463,283.287598,31.770000,29.688999
2022-05-13,84.719955,90.959999,91.360001,88.160004,11180600.000000,471.896851,511.000000,131.268417,293.786041,28.870001,29.821501
2022-05-16,84.207703,90.410004,91.370003,89.500000,6729100.000000,480.208099,520.000000,129.271210,290.380646,27.469999,29.782000
2022-05-17,86.918053,93.320000,93.489998,92.370003,7668800.000000,489.442993,530.000000,135.549561,297.901825,26.100000,29.711901
2022-05-18,84.319450,90.529999,93.230003,90.370003,9610900.000000,496.830719,538.000000,128.717163,283.277740,30.959999,29.605801
2022-05-19,84.021400,90.209999,92.099998,89.559998,7739000.000000,482.055084,522.000000,127.937576,281.759949,29.350000,29.740200
2022-05-20,84.552292,90.779999,93.040001,88.830002,10469900.000000,489.442993,530.000000,127.869934,280.884247,29.430000,29.600500
2022-05-23,85.222893,91.500000,91.910004,90.650002,6920500.000000,487.595978,528.000000,128.420822,285.554626,28.480000,29.712999
2022-05-24,82.633629,88.720001,89.800003,88.519997,8788600.000000,480.208099,520.000000,125.292862,279.483093,29.450001,29.490000
2022-05-25,84.207703,90.410004,90.919998,89.040001,9113500.000000,483.902130,524.000000,127.547806,283.394501,28.370001,29.531700
2022-05-26,84.757210,91.000000,91.370003,89.040001,9762700.000000,474.667236,514.000000,132.531143,291.246552,27.500000,29.410000
2022-05-27,87.337173,93.769997,93.820000,92.529999,6279000.000000,489.442993,530.000000,137.981628,300.752808,25.719999,29.313000
2022-05-31,88.762230,95.300003,96.290001,94.510002,9621700.000000,517.147217,560.000000,137.272949,299.954834,26.190001,28.830999
2022-06-01,88.249939,94.750000,96.360001,93.830002,6152400.000000,506.989014,549.000000,135.095367,297.736481,25.690001,28.991501
2022-06-02,89.730873,96.339996,96.370003,93.620003,6335000.000000,498.677673,540.000000,139.801682,305.890106,24.719999,29.128300
2022-06-03,87.337173,93.769997,94.580002,92.900002,9137100.000000,498.677673,540.000000,135.620407,297.931030,24.790001,29.101000
2022-06-06,86.722443,93.110001,95.540001,92.870003,9440200.000000,498.677673,540.000000,135.855591,298.923523,25.070000,29.361000
2022-06-07,87.402367,93.839996,93.860001,91.769997,7360200.000000,494.060272,535.000000,136.941162,301.501953,24.020000,29.381300
2022-06-08,87.057755,93.470001,94.930000,93.139999,6446300.000000,502.371582,544.000000,134.025833,299.332153,23.959999,29.405001
2022-06-09,84.617493,90.849998,93.500000,90.800003,8086700.000000,499.601074,541.000000,130.221512,291.314667,26.090000,29.438801
2022-06-10,82.596367,88.680000,90.720001,88.629997,10460400.000000,489.442993,530.000000,125.595184,281.039856,27.750000,29.585699
2022-06-13,79.681099,85.550003,86.830002,85.019997,14603700.000000,476.514160,516.000000,118.349205,267.972626,34.020000,29.642000
2022-06-14,81.208572,87.190002,87.879997,86.290001,10449600.000000,473.743805,513.000000,119.007355,268.459106,32.689999,29.688700
2022-06-15,83.015480,89.129997,89.809998,87.370003,11742500.000000,470.049896,509.000000,121.052742,275.162964,29.620001,29.577700
2022-06-16,79.136375,84.519997,85.930000,83.989998,10505200.000000,471.674744,508.000000,113.758362,264.061127,32.950001,29.405001
2022-06-17,79.585815,85.000000,85.599998,83.949997,9735500.000000,465.175262,501.000000,114.219696,267.271973,31.129999,29.695999
2022-06-21,81.411613,86.949997,87.750000,86.000000,9604000.000000,468.889313,505.000000,117.210350,274.015167,30.190001,29.702999
2022-06-22,79.501549,84.910004,86.180000,84.550003,7868700.000000,459.140106,494.500000,115.987640,273.615387,28.950001,29.724001
2022-06-23,78.761871,84.120003,84.230003,82.760002,10370300.000000,450.783661,485.500000,115.200455,277.690277,29.049999,29.671700
2022-06-24,80.447212,85.919998,86.550003,84.150002,10670100.000000,451.712158,486.500000,120.304260,287.205017,27.230000,29.613100
2022-06-27,80.391045,85.860001,87.000000,85.580002,7358000.000000,462.854004,498.500000,119.975189,285.099335,26.950001,29.694000
2022-06-28,78.967850,84.339996,86.809998,84.339996,8289200.000000,461.925507,497.500000,117.049065,276.413300,28.360001,29.430000
2022-06-29,78.321800,83.650002,84.610001,83.330002,7981300.000000,455.890320,491.000000,114.287453,276.666779,28.160000,29.671000
2022-06-30,76.542824,81.750000,82.220001,80.120003,14201600.000000,441.963043,476.000000,112.790489,273.235229,28.709999,29.665001
2022-07-01,72.095375,77.000000,79.220001,76.180000,19531700.000000,421.071899,453.500000,108.799698,275.038757,26.700001,29.655701
2022-07-05,71.262062,76.110001,76.150002,73.739998,22253100.000000,414.108154,446.000000,109.657890,279.747314,27.540001,29.690001
2022-07-06,70.747108,75.559998,76.300003,73.779999,11530500.000000,404.359009,435.500000,110.193420,281.541107,26.730000,29.780701
2022-07-07,75.512894,80.650002,80.959999,78.339996,15847800.000000,424.785797,457.500000,115.126236,287.565826,26.080000,29.788000
2022-07-08,76.318130,81.510002,82.160004,79.760002,10004200.000000,433.606476,467.000000,115.674713,287.926392,24.639999,29.752001
2022-07-11,74.070984,79.110001,80.269997,78.820000,9519600.000000,428.964081,462.000000,113.009872,281.775116,26.170000,29.752001
2022-07-12,74.061623,79.099998,81.480003,78.930000,10363700.000000,417.357880,449.500000,113.326027,279.045502,27.290001,29.863199
2022-07-13,76.112137,81.290001,81.720001,78.900002,14706500.000000,436.856232,470.500000,113.964821,278.470245,26.820000,29.865000
2022-07-14,78.340508,83.669998,84.040001,80.510002,23377000.000000,441.034576,475.000000,116.381233,279.464630,26.400000,29.766001
2022-07-15,80.175674,85.629997,86.040001,83.970001,14061000.000000,457.283173,492.500000,119.158981,284.533936,24.230000,29.918699
2022-07-18,78.256264,83.580002,86.080002,83.370003,11352500.000000,460.068604,495.500000,118.778290,282.126007,25.299999,29.910999
2022-07-19,80.662567,86.150002,86.470001,84.559998,10673100.000000,455.890320,491.000000,124.014381,290.802368,24.500000,29.820000
2022-07-20,81.046440,86.559998,86.750000,85.110001,11664800.000000,459.604370,495.000000,127.176041,295.413391,23.879999,29.785999
2022-07-21,82.198097,87.790001,87.800003,86.400002,7135000.000000,465.175262,501.000000,129.253677,299.654144,23.110001,29.880699
2022-07-22,80.821739,86.320000,87.730003,85.800003,8612100.000000,467.032318,503.000000,126.069466,294.399536,23.030001,29.880301
2022-07-25,80.803009,86.300003,86.699997,85.629997,5960900.000000,463.782501,499.500000,125.272614,292.722809,23.360001,29.801001
2022-07-26,79.042747,84.419998,85.199997,83.849998,6977700.000000,459.604370,495.000000,123.185249,286.971069,24.690001,29.827999
2022-07-27,82.048286,87.629997,87.900002,85.309998,9399500.000000,466.103851,502.000000,128.821396,299.098419,23.240000,29.920300
2022-07-28,82.965866,88.610001,88.620003,86.449997,10668200.000000,465.175262,501.000000,130.408707,302.022949,22.330000,29.859301
2022-07-29,82.844162,88.480003,89.209999,87.790001,10366200.000000,472.603241,509.000000,131.411987,307.530975,21.330000,29.915001
2022-08-01,80.812370,86.309998,86.889999,84.300003,20102600.000000,467.960815,504.000000,131.918518,307.345734,22.840000,30.002001
2022-08-02,80.568932,86.050003,87.510002,84.169998,15541600.000000,456.818848,492.000000,131.666870,306.429443,23.930000,30.167999
2022-08-03,80.999626,86.510002,86.769997,84.559998,20779400.000000,465.175262,501.000000,135.325378,314.774261,21.950001,29.966299
2022-08-04,82.787979,88.419998,88.419998,86.620003,13472500.000000,464.246826,500.000000,136.302917,316.246338,21.440001,29.941999
2022-08-05,84.051979,89.769997,90.980003,88.010002,13293500.000000,479.102661,516.000000,135.241501,313.662933,21.150000,29.951700
2022-08-08,82.338554,87.940002,89.099998,86.910004,12120300.000000,475.388794,512.000000,133.196106,312.649017,21.290001,29.945000
2022-08-09,79.782448,85.209999,87.139999,84.440002,13075000.000000,473.531738,510.000000,127.092163,309.110321,21.770000,30.000700
2022-08-10,83.022057,88.669998,88.669998,86.309998,10704600.000000,464.246826,500.000000,132.366943,317.737823,19.740000,30.028000
2022-08-11,83.817894,89.519997,91.000000,89.309998,11158800.000000,477.245667,514.000000,132.195999,315.934357,20.200001,29.910400
2022-08-12,85.072556,90.860001,91.349998,89.639999,12098800.000000,480.031128,517.000000,136.064163,322.085754,19.530001,29.949301
2022-08-15,85.737328,91.570000,91.940002,90.000000,15949500.000000,485.602142,523.000000,136.570679,324.688690,19.950001,29.943001
2022-08-16,84.220505,89.949997,91.349998,88.570000,10566100.000000,487.459106,525.000000,135.173767,323.928223,19.690001,29.982700
2022-08-17,83.518295,89.199997,89.769997,88.480003,9093100.000000,489.316132,527.000000,131.908829,320.233551,19.900000,29.943800
2022-08-18,83.583832,89.269997,89.669998,88.419998,10947700.000000,482.816620,520.000000,134.915649,321.003662,19.559999,29.935699
2022-08-19,81.645691,87.199997,88.589996,87.019997,9602800.000000,481.888123,519.000000,131.273300,314.745026,20.600000,29.973700
2022-08-22,79.810532,85.239998,86.029999,84.940002,8054000.000000,475.388794,512.000000,126.334007,306.458618,23.799999,30.101999
2022-08-23,80.550201,86.029999,86.599998,84.989998,8462500.000000,467.960815,504.000000,126.963120,306.205231,24.110001,30.131701
2022-08-24,80.110138,85.559998,86.129997,85.199997,7085800.000000,467.032318,503.000000,127.282509,307.092316,22.820000,30.170000
2022-08-25,81.992111,87.570000,87.589996,86.010002,6602100.000000,471.674744,508.000000,131.947586,312.522278,21.780001,30.205000
2022-08-26,79.342377,84.739998,87.790001,84.650002,9381500.000000,475.388794,512.000000,124.462814,299.712677,25.559999,30.188000
2022-08-29,77.572746,82.849998,84.320000,82.779999,9639700.000000,462.854004,498.500000,121.949623,296.758728,26.209999,30.281000
2022-08-30,77.516563,82.790001,83.980003,81.730003,8392300.000000,460.532867,496.000000,120.530098,293.453888,26.209999,30.368000
2022-08-31,78.040916,83.349998,84.870003,83.059998,8887100.000000,468.889313,505.000000,119.268677,291.747925,25.870001,30.436701
2022-09-01,76.439835,81.639999,81.830002,80.120003,11566000.000000,455.426147,490.500000,117.055504,291.874634,25.559999,30.332701
2022-09-02,75.746986,80.900002,82.980003,80.610001,8850100.000000,450.319366,485.000000,115.771500,287.751038,25.469999,30.548201
2022-09-06,74.932388,80.029999,81.029999,79.519997,12704400.000000,454.033325,489.000000,114.435860,285.684235,26.910000,30.686001
2022-09-07,74.857491,79.949997,80.180000,78.230003,9843500.000000,438.713287,472.500000,116.371567,291.455444,24.639999,30.798700
2022-09-08,75.128998,80.239998,80.739998,78.769997,8181700.000000,441.034576,475.000000,118.333084,292.966431,23.610001,30.847799
2022-09-09,76.336861,81.529999,81.660004,80.739998,7084700.000000,441.034576,475.000000,121.172104,299.371368,22.790001,30.858700
2022-09-12,76.917343,82.150002,82.500000,81.760002,7903000.000000,451.712158,486.500000,121.762505,302.929657,23.870001,30.850000
2022-09-13,73.790100,78.809998,81.139999,78.519997,12835100.000000,457.747375,493.000000,114.200356,286.317993,27.270000,30.882999
2022-09-14,74.585960,79.660004,80.160004,78.980003,8849600.000000,445.676941,480.000000,115.497261,288.589386,26.160000,31.118700
2022-09-15,73.425903,77.980003,79.250000,77.669998,10533100.000000,444.976501,476.500000,113.580902,283.783234,26.270000,31.069000
2022-09-16,73.341148,77.889999,78.000000,76.919998,10604500.000000,440.774292,472.000000,114.261635,282.048065,26.299999,31.222000
2022-09-19,73.661308,78.230003,78.230003,76.550003,10378600.000000,436.105011,467.000000,114.861702,284.244507,25.760000,31.261000
2022-09-20,73.585991,78.150002,78.440002,77.510002,8202800.000000,444.976501,476.500000,113.335709,281.978699,27.160000,31.322001
2022-09-21,72.634956,77.139999,79.309998,77.139999,10869000.000000,439.840393,471.000000,112.190414,276.929596,27.990000,31.339001
2022-09-22,71.213135,75.629997,76.750000,75.360001,10817900.000000,433.770386,464.500000,109.138474,273.521179,27.350000,31.450001
2022-09-23,69.555923,73.870003,74.389999,73.089996,12685500.000000,424.898926,455.000000,107.676987,269.067841,29.920000,31.538300
2022-09-26,68.746162,73.010002,74.190002,72.919998,13441500.000000,416.961243,446.500000,106.062286,267.954407,32.259998,31.791000
2022-09-27,68.764969,73.029999,74.040001,72.349998,12430600.000000,418.362000,448.000000,107.048378,268.061890,32.599998,31.823000
2022-09-28,67.917542,72.129997,72.290001,70.699997,12943600.000000,409.023590,438.000000,108.566414,273.394226,30.180000,31.674999
2022-09-29,65.234001,69.279999,70.680000,68.480003,16120300.000000,406.222015,435.000000,105.189743,265.512939,31.840000,31.671000
2022-09-30,64.556038,68.559998,69.650002,67.739998,10472400.000000,394.082092,422.000000,103.386246,261.010803,31.620001,31.630501
2022-10-03,65.205742,69.250000,69.570000,67.650002,11945100.000000,389.412842,417.000000,106.960785,267.134186,30.100000,31.802999
2022-10-04,68.557831,72.809998,72.930000,70.720001,14900700.000000,400.618927,429.000000,111.978798,275.533051,29.070000,31.783701
2022-10-05,70.130302,74.480003,74.910004,72.580002,14037100.000000,415.560516,445.000000,112.893501,275.386536,28.549999,31.628000
2022-10-06,70.007904,74.349998,74.919998,73.860001,11796800.000000,421.163483,451.000000,112.442650,273.218475,30.520000,31.523500
2022-10-07,65.676537,69.750000,72.029999,69.750000,14758600.000000,409.023590,438.000000,105.695747,262.807678,31.360001,31.539000
2022-10-10,63.501446,67.440002,69.879997,67.010002,16042200.000000,409.023590,438.000000,102.101738,260.180603,32.450001,31.711000
2022-10-11,59.744465,63.450001,64.910004,62.619999,28699300.000000,374.938263,401.500000,99.231079,256.606201,33.630001,31.792801
2022-10-12,60.365925,64.110001,64.230003,63.369999,16468700.000000,371.202881,397.500000,98.267693,256.518311,33.570000,31.825300
2022-10-13,62.729332,66.620003,70.199997,62.320000,36639300.000000,368.868225,395.000000,101.096207,262.534241,31.940001,31.774200
2022-10-14,60.187016,63.919998,67.449997,63.779999,19440900.000000,384.743652,412.000000,96.882637,254.643158,32.020000,31.848600
2022-10-17,61.100376,64.889999,65.349998,64.040001,11280100.000000,370.735931,397.000000,98.935875,263.051880,31.370001,31.962000
2022-10-18,59.989285,63.709999,66.110001,62.779999,16656100.000000,380.074371,407.000000,99.276474,265.132050,30.500000,31.988001
2022-10-19,59.942204,63.660000,64.110001,62.169998,12385200.000000,369.335175,395.500000,99.912239,264.165192,30.760000,32.016998
2022-10-20,59.866871,63.580002,65.279999,63.380001,11300900.000000,371.202881,397.500000,100.531784,262.817474,29.980000,32.152000
2022-10-21,60.026947,63.750000,63.779999,62.020000,13699000.000000,363.732117,389.500000,104.268524,268.979919,29.690001,32.094002
2022-10-24,57.710613,61.290001,61.619999,59.680000,25010800.000000,361.397522,387.000000,104.719398,271.939117,29.850000,32.180000
2022-10-25,57.569359,61.139999,61.360001,59.509998,21700600.000000,346.455963,371.000000,107.110001,277.564423,28.459999,32.311298
2022-10-26,57.286892,60.840000,61.980000,60.430000,14006000.000000,351.125275,376.000000,106.055794,271.431274,27.280001,32.227001
2022-10-27,57.390461,60.950001,62.450001,60.910000,12937600.000000,359.996796,385.500000,104.174461,266.489532,27.389999,31.962900
2022-10-28,58.388565,62.009998,62.029999,60.070000,11972300.000000,354.393616,379.500000,108.258278,274.644318,25.750000,32.042999
2022-10-31,57.955425,61.549999,62.270000,61.070000,10802800.000000,364.199066,390.000000,105.900108,271.450806,25.879999,32.113998
2022-11-01,57.983681,61.580002,63.430000,61.580002,11561900.000000,365.599823,391.500000,106.753197,268.677155,25.809999,32.247700
2022-11-02,56.985584,60.520000,62.889999,60.520000,16547200.000000,368.868225,395.000000,103.382996,259.467651,25.860001,32.124001
2022-11-03,56.759605,60.279999,60.889999,59.430000,11040900.000000,358.595978,384.000000,101.997940,254.399002,25.299999,32.247501
2022-11-04,58.831120,62.480000,62.500000,61.020000,14662800.000000,356.728302,382.000000,106.717506,258.491028,24.549999,32.150002
2022-11-07,59.094757,62.759998,62.930000,61.970001,8507100.000000,364.199066,390.000000,109.023773,261.332977,24.350000,31.999001
2022-11-08,61.222778,65.019997,65.750000,64.220001,14102800.000000,372.603668,399.000000,111.424118,263.237396,25.540001,31.850000
2022-11-09,61.203938,65.000000,66.599998,64.949997,15086800.000000,389.412842,417.000000,107.862526,257.162903,26.090000,31.789801
2022-11-10,66.702873,70.839996,70.870003,67.320000,21367900.000000,380.541351,407.500000,119.024101,276.138489,23.530001,31.912001
2022-11-11,69.518280,73.830002,74.599998,72.379997,15524700.000000,412.291992,441.500000,122.666763,281.226715,22.520000,31.402000
2022-11-14,68.548424,72.800003,73.680000,72.239998,11575300.000000,415.560516,445.000000,121.323883,278.765625,23.730000,31.096600
2022-11-15,75.761070,80.459999,82.930000,80.010002,48742400.000000,448.245026,480.000000,124.840019,282.623260,24.540001,30.889000
2022-11-16,74.810036,79.449997,80.570000,78.900002,24006600.000000,454.781830,487.000000,119.685783,278.765625,24.110001,31.079000
2022-11-17,76.721497,81.480003,82.940002,78.690002,24278400.000000,452.914246,485.000000,120.623222,278.150391,23.930000,31.035000
2022-11-18,77.465370,82.269997,82.839996,81.000000,18578400.000000,454.781830,487.000000,120.892456,278.160126,23.120001,31.025000
2022-11-21,75.262016,79.930000,81.029999,79.470001,18659700.000000,450.112701,482.000000,118.887840,275.298645,22.360001,31.111300
2022-11-22,77.719589,82.540001,83.190002,81.230003,16504700.000000,458.517273,491.000000,122.429955,279.263672,21.290001,31.131001
2022-11-23,77.182892,81.970001,82.949997,81.730003,14683800.000000,459.451080,492.000000,123.909103,282.066650,20.350000,31.107201
2022-11-25,76.646156,81.400002,82.370003,81.400002,5908300.000000,465.054169,498.000000,122.258049,280.211060,20.500000,30.913000
2022-11-28,74.593475,79.220001,81.080002,78.889999,13214200.000000,448.711914,480.500000,119.202469,276.099457,22.209999,30.928499
2022-11-29,74.697060,79.330002,80.209999,78.959999,11502300.000000,454.781830,487.000000,118.741875,274.009552,21.889999,31.006100
2022-11-30,78.133904,82.980003,83.430000,80.470001,21667300.000000,457.583405,490.000000,125.865051,286.500366,20.580000,30.945999
2022-12-01,77.851410,82.680000,83.629997,81.139999,15975100.000000,465.521118,498.500000,124.960052,286.852051,19.840000,30.778000
2022-12-02,76.740326,81.500000,82.160004,81.150002,10519800.000000,459.918060,492.500000,123.549057,285.709381,19.059999,30.587799
2022-12-05,76.853325,81.620003,82.180000,80.949997,11523300.000000,456.649536,489.000000,121.985588,280.914246,20.750000,30.538000
2022-12-06,74.913628,79.559998,81.440002,79.160004,13992100.000000,446.377319,478.000000,119.419815,275.093475,22.170000,30.563000
2022-12-07,74.612312,79.239998,79.709999,78.589996,14925300.000000,443.575775,475.000000,119.163567,273.970398,22.680000,30.633499
2022-12-08,76.081223,80.800003,80.970001,79.099998,11197500.000000,440.307343,471.500000,122.608376,277.212799,22.290001,30.636999
2022-12-09,75.977646,80.690002,82.190002,80.690002,13787900.000000,449.645782,481.500000,121.473091,275.445068,22.830000,30.462999
2022-12-12,75.732841,80.430000,80.430000,78.800003,11516600.000000,443.575775,475.000000,123.623650,278.902344,25.000000,30.693701
2022-12-13,75.808151,80.510002,82.089996,79.629997,16938000.000000,440.307343,471.500000,125.748375,281.900574,22.549999,30.680000
2022-12-14,75.346764,80.019997,81.510002,79.519997,17910000.000000,448.711914,480.500000,123.861748,279.810638,21.139999,30.601000
2022-12-15,73.491722,77.610001,79.209999,77.389999,17080200.000000,451.294769,480.500000,118.621559,270.415527,22.830000,30.484301
2022-12-16,72.251236,76.300003,78.059998,76.230003,11929100.000000,442.372162,471.000000,117.723793,267.837189,22.620001,30.809999
2022-12-19,72.061844,76.099998,77.120003,75.760002,12561300.000000,438.145691,466.500000,116.266556,264.073212,22.420000,30.770800
2022-12-20,71.607307,75.620003,76.199997,74.900002,12080600.000000,429.692749,457.500000,115.557457,263.867584,21.480000,30.785700
2022-12-21,73.046654,77.139999,77.419998,75.769997,10806100.000000,431.101501,459.000000,118.159676,267.695282,20.070000,30.724001
2022-12-22,71.285355,75.279999,76.430000,74.019997,13019700.000000,439.554504,468.000000,113.384621,261.146149,21.969999,30.679001
2022-12-23,70.916061,74.889999,75.349998,74.169998,7452600.000000,427.344635,455.000000,113.482193,261.733429,20.870001,30.740000
2022-12-27,70.376297,74.320000,74.739998,74.160004,8974800.000000,429.223083,457.000000,111.432953,258.033051,21.650000,30.719000
2022-12-28,69.183144,73.059998,74.550003,72.839996,10275700.000000,423.587738,451.000000,109.790314,254.626282,22.139999,30.722099
2022-12-29,71.967148,76.000000,76.040001,74.150002,11142500.000000,418.891724,446.000000,113.293541,260.832886,21.440001,30.728001
2022-12-30,70.537277,74.489998,74.570000,73.650002,7784100.000000,421.239716,448.500000,113.189468,260.676208,21.670000,30.680099
2023-01-03,70.101685,74.029999,75.970001,73.769997,9276200.000000,425.466248,453.000000,112.086769,258.914093,22.900000,30.720100
2023-01-04,72.270172,76.320000,76.610001,74.470001,12316400.000000,422.178986,449.500000,114.971977,260.147583,22.010000,30.650299
2023-01-05,71.711472,75.730003,76.440002,75.339996,10039200.000000,430.631958,458.500000,113.033310,256.075134,22.459999,30.688000
2023-01-06,73.927315,78.070000,78.739998,76.150002,13744100.000000,430.631958,458.500000,118.293037,263.143188,21.129999,30.622999
2023-01-09,76.048454,80.309998,81.220001,80.059998,22247600.000000,451.764374,481.000000,120.472374,264.846588,21.969999,30.561501
2023-01-10,76.957504,81.269997,81.580002,80.459999,10269000.000000,456.460419,486.000000,122.030441,267.088318,20.580000,30.462000
2023-01-11,77.440453,81.779999,81.889999,80.629997,11771400.000000,455.051666,484.500000,123.604767,271.709015,21.090000,30.432600
2023-01-12,82.383446,87.000000,88.830002,84.419998,36086800.000000,456.930084,486.500000,125.107559,273.177490,18.830000,30.434999
2023-01-13,82.194061,86.800003,87.099998,84.900002,18719900.000000,469.609558,500.000000,125.624748,275.057098,18.350000,30.325500
2023-01-17,84.267845,88.989998,89.730003,86.160004,21850000.000000,472.427216,503.000000,125.767868,275.615112,19.360001,30.329000
2023-01-18,84.722389,89.470001,91.220001,89.360001,19209800.000000,472.427216,503.000000,125.107559,272.032104,20.340000,30.276300
2023-01-19,83.709160,88.400002,90.010002,88.260002,13651100.000000,472.427216,503.000000,121.597809,269.359589,20.520000,30.184999
2023-01-20,86.199608,91.029999,91.029999,89.199997,14287200.000000,472.427216,503.000000,125.403564,276.731079,19.850000,30.339001
2023-01-23,90.583908,95.660004,95.730003,91.720001,22875100.000000,472.427216,503.000000,131.700882,282.878906,19.809999,30.317699
2023-01-24,89.542259,94.559998,98.000000,91.550003,11370500.000000,472.427216,503.000000,130.705536,282.301331,19.200001,30.292999
2023-01-25,87.506371,92.410004,93.000000,91.120003,14147300.000000,472.427216,503.000000,131.060135,281.674805,19.080000,30.267500
2023-01-26,88.491196,93.449997,94.279999,92.639999,15759400.000000,472.427216,503.000000,133.268707,287.166718,18.730000,30.247601
2023-01-27,88.349152,93.300003,94.120003,92.239998,13646600.000000,472.427216,503.000000,132.419724,290.025299,18.510000,30.208799
2023-01-30,88.188164,93.129997,94.250000,92.580002,14079800.000000,509.995850,543.000000,128.903503,284.161346,19.940001,30.256001
2023-01-31,87.809395,92.730003,92.760002,90.000000,13342100.000000,490.272308,522.000000,131.307312,288.419861,19.400000,30.094999
2023-02-01,89.712723,94.739998,95.769997,92.570000,16788500.000000,497.786133,530.000000,138.154358,294.587280,17.870001,30.031000
2023-02-02,91.521385,96.650002,97.500000,95.839996,14925300.000000,507.178223,540.000000,141.355072,305.160004,18.730000,29.533001
2023-02-03,89.636986,94.660004,96.949997,94.309998,12242200.000000,509.056824,542.000000,138.596756,299.736664,18.330000,29.542999
2023-02-06,86.957146,91.830002,92.050003,90.739998,12425200.000000,494.029205,526.000000,136.345825,297.201080,19.430000,29.965799
2023-02-07,89.532822,94.550003,94.699997,91.680000,15258900.000000,491.211578,523.000000,140.681763,303.358734,18.660000,29.998301
2023-02-08,89.277145,94.279999,95.940002,94.230003,12899700.000000,507.178223,540.000000,137.656693,297.964600,19.629999,30.027100
2023-02-09,91.559258,96.690002,98.570000,95.620003,16997400.000000,507.178223,540.000000,138.007996,295.331268,20.709999,30.041500
2023-02-10,90.309303,95.370003,96.500000,94.250000,11511400.000000,511.874298,545.000000,135.812408,293.392975,20.530001,30.003000
2023-02-13,91.010040,96.110001,96.389999,94.910004,7803500.000000,508.117493,541.000000,137.809570,298.091858,20.340000,30.180799
2023-02-14,92.761887,97.959999,98.989998,95.220001,15345100.000000,511.874298,545.000000,140.310974,300.294525,18.910000,30.219999
2023-02-15,87.837807,92.760002,93.680000,90.769997,30208300.000000,493.090027,525.000000,140.883423,302.595123,18.230000,30.248699
2023-02-16,86.000748,90.820000,91.790001,89.879997,15568400.000000,495.907684,528.000000,137.428986,296.917206,20.170000,30.302000
2023-02-17,85.318962,90.099998,90.300003,88.940002,11235300.000000,486.515472,518.000000,135.288696,294.822174,20.020000,30.253000
2023-02-21,82.989471,87.639999,89.419998,87.480003,14007600.000000,484.637024,516.000000,130.907196,287.842163,22.870001,30.364500
2023-02-22,82.222458,86.830002,88.089996,86.660004,10106400.000000,476.184082,507.000000,130.279434,288.057648,22.290001,30.484501
2023-02-23,85.300011,90.080002,91.989998,89.459999,15468300.000000,486.515472,518.000000,134.563324,290.573517,21.139999,30.475300
2023-02-24,83.434547,88.110001,88.150002,87.239998,8817600.000000,479.940948,511.000000,132.153000,285.708130,21.670000,30.283001
2023-02-27,82.667534,87.300003,88.849998,87.239998,10609400.000000,479.940948,511.000000,132.852371,287.754120,20.950001,30.656799
2023-02-28,82.449738,87.070000,88.150002,86.900002,7520400.000000,479.940948,511.000000,133.307755,287.382080,20.700001,30.597799
2023-03-01,83.728096,88.419998,90.040001,88.269997,8176700.000000,490.272308,522.000000,133.343536,285.071838,20.580000,30.645800
2023-03-02,84.305733,89.029999,89.339996,87.120003,9761600.000000,487.454681,519.000000,134.410431,287.431061,19.590000,30.560699
2023-03-03,85.025398,89.790001,89.849998,87.879997,10844000.000000,484.637024,516.000000,136.482468,293.373291,18.490000,30.601500
2023-03-06,84.826546,89.580002,91.330002,89.510002,9960000.000000,489.333069,521.000000,134.895096,293.706177,18.610001,30.498600
2023-03-07,84.135269,88.849998,90.239998,88.300003,8761100.000000,492.150848,524.000000,133.473679,290.103607,19.590000,30.575001
2023-03-08,86.010208,90.830002,90.839996,88.139999,8813000.000000,489.333069,521.000000,137.022430,291.552490,19.110001,30.726299
2023-03-09,84.163681,88.879997,90.690002,88.570000,10354700.000000,490.272308,522.000000,134.299850,286.501068,22.610001,30.724800
2023-03-10,82.620178,87.250000,89.169998,87.199997,11928800.000000,481.819397,513.000000,131.704132,282.477509,24.799999,30.813900
2023-03-13,83.084190,87.739998,89.000000,86.309998,11847600.000000,484.637024,516.000000,131.743179,284.572510,26.520000,30.828699
2023-03-14,84.551926,89.290001,89.629997,87.709999,11100100.000000,479.001770,510.000000,135.594452,291.111969,23.730000,30.455000
2023-03-15,82.099365,86.699997,87.239998,85.440002,12171500.000000,479.940948,511.000000,134.013626,292.639130,26.139999,30.379000
2023-03-16,85.001602,89.300003,89.470001,85.820000,13184600.000000,476.871796,505.000000,139.247269,300.353302,22.990000,30.520000
2023-03-17,85.163429,89.470001,90.029999,89.000000,13287700.000000,489.147675,518.000000,138.385300,298.933777,25.510000,30.549000
2023-03-20,85.705986,90.040001,90.370003,88.660004,8217500.000000,483.481903,512.000000,139.849060,299.994659,24.150000,30.618000
2023-03-21,88.047585,92.500000,93.000000,90.800003,12299700.000000,488.203308,517.000000,140.125519,304.279327,21.379999,30.506001
2023-03-22,88.161804,92.620003,95.029999,92.540001,12812400.000000,503.312195,533.000000,138.733353,300.141754,22.260000,30.480101
2023-03-23,90.036964,94.589996,95.820000,93.430000,11169700.000000,508.033661,538.000000,142.513428,303.700897,22.610001,30.350000
2023-03-24,88.323593,92.790001,94.180000,92.089996,7653700.000000,508.977997,539.000000,140.041656,304.818573,21.740000,30.138000
2023-03-27,86.296143,90.660004,92.180000,90.550003,9349800.000000,501.423615,531.000000,138.398132,302.730164,20.600000,30.320999
2023-03-28,86.438919,90.809998,90.870003,89.919998,7521300.000000,495.757812,525.000000,137.361130,301.122223,19.969999,30.163000
2023-03-29,88.295067,92.760002,93.220001,91.449997,9264000.000000,500.479340,530.000000,141.776474,306.612854,19.120001,30.344999
2023-03-30,88.019005,92.470001,93.519997,92.029999,10232800.000000,505.200775,535.000000,144.111313,309.515106,19.020000,30.516001
2023-03-31,88.542534,93.019997,93.260002,91.129997,8701800.000000,503.312195,533.000000,145.004822,314.662476,18.700001,30.351999
2023-04-03,88.371193,92.839996,93.599998,91.709999,6863600.000000,503.312195,533.000000,143.752625,313.897827,18.549999,30.525000
2023-04-04,87.733452,92.169998,93.279999,91.720001,6338400.000000,503.312195,533.000000,141.072113,312.838837,19.000000,30.478600
2023-04-05,85.858269,90.199997,92.180000,89.050003,9171800.000000,503.312195,533.000000,138.626389,309.750458,19.080000,30.385300
2023-04-06,85.896347,90.239998,90.910004,89.400002,5874500.000000,500.479340,530.000000,137.912231,311.838837,18.400000,30.540800
2023-04-10,84.735085,89.019997,89.029999,86.470001,12232900.000000,499.534943,529.000000,140.348175,311.662231,18.969999,30.393000
2023-04-11,84.944481,89.239998,89.839996,88.470001,11079200.000000,494.813507,524.000000,139.611206,309.662109,19.100000,30.522200
2023-04-12,82.688576,86.870003,89.500000,86.860001,11299100.000000,491.036255,520.000000,137.057907,306.926636,19.090000,30.479900
2023-04-13,82.859909,87.050003,87.629997,85.970001,7910500.000000,481.593323,510.000000,138.186172,312.936951,17.799999,30.446501
2023-04-14,83.002678,87.199997,88.370003,86.540001,7656400.000000,487.259064,516.000000,137.970978,312.348572,17.070000,30.451000
2023-04-17,83.754654,87.989998,88.050003,87.160004,8163600.000000,491.036255,520.000000,137.970978,312.613312,16.950001,30.506001
2023-04-18,83.897430,88.139999,88.400002,87.500000,8468200.000000,486.314728,515.000000,138.567688,312.632935,16.830000,30.466499
2023-04-19,83.031258,87.230003,87.379997,86.040001,11191300.000000,481.593323,510.000000,137.051407,312.485809,16.459999,30.451900
2023-04-20,84.992088,89.290001,91.879997,88.099998,19206300.000000,484.426178,513.000000,136.924179,310.103271,17.170000,30.537500
2023-04-21,81.260765,85.370003,87.910004,85.279999,13175400.000000,482.537537,511.000000,135.919815,310.426849,16.770000,30.559299
2023-04-24,80.565903,84.639999,85.959999,83.989998,10567600.000000,478.760376,507.000000,135.310043,309.779785,16.889999,30.625000
2023-04-25,78.329010,82.290001,83.400002,82.260002,13423700.000000,470.261658,498.000000,130.764221,303.936218,18.760000,30.572001
2023-04-26,78.290939,82.250000,82.379997,81.209999,11583500.000000,464.123688,491.500000,131.462082,305.779449,18.840000,30.693701
2023-04-27,79.642586,83.669998,83.860001,82.160004,10013700.000000,466.012329,493.500000,132.016434,314.093842,17.030001,30.628300
2023-04-28,80.242271,84.300003,84.510002,83.720001,8262600.000000,474.038879,502.000000,134.396957,316.260681,15.780000,30.626801
2023-05-01,79.937683,83.980003,84.690002,83.900002,4931100.000000,474.038879,502.000000,135.613251,315.897919,16.080000,30.746000
2023-05-02,78.966774,82.959999,84.050003,82.550003,6875000.000000,473.094604,501.000000,134.644775,313.142883,17.780001,30.728800
2023-05-03,78.719269,82.699997,83.760002,82.440002,7151600.000000,468.373016,496.000000,133.099075,311.093567,18.340000,30.754801
2023-05-04,79.471252,83.489998,83.760002,82.639999,7290600.000000,470.261658,498.000000,132.352310,309.995483,20.090000,30.646799
2023-05-05,80.880020,84.970001,85.570000,83.750000,6865000.000000,472.150299,500.000000,135.296967,316.584259,17.190001,30.627899
2023-05-08,81.422585,85.540001,85.540001,84.410004,6746600.000000,475.927521,504.000000,135.867615,317.368591,16.980000,30.577999
2023-05-09,80.965683,85.059998,85.480003,84.300003,7287800.000000,481.593323,510.000000,133.555618,315.358643,17.709999,30.587999
2023-05-10,80.813400,84.900002,85.150002,84.169998,7442300.000000,474.983215,503.000000,134.915482,318.790314,16.940001,30.649799
2023-05-11,79.414154,83.430000,84.139999,82.529999,8730900.000000,471.205994,499.000000,134.031708,319.829620,16.930000,30.614401
2023-05-12,79.414154,83.430000,83.930000,82.949997,5069800.000000,468.373016,496.000000,133.907822,318.682465,17.030001,30.697901
2023-05-15,81.536804,85.660004,85.669998,83.230003,8707300.000000,467.900940,495.500000,137.543747,320.408081,17.120001,30.809999
2023-05-16,81.746223,85.879997,86.750000,85.589996,11283200.000000,476.871796,505.000000,137.286148,320.770905,17.990000,30.743000
2023-05-17,86.505547,90.879997,91.800003,88.059998,23215600.000000,490.091980,519.000000,140.677567,324.653534,16.870001,30.777800
2023-05-18,88.190331,92.650002,93.400002,91.070000,14879000.000000,500.479340,530.000000,145.122238,330.683380,16.049999,30.791300
2023-05-19,88.123718,92.580002,92.790001,91.559998,9295200.000000,502.367859,532.000000,144.375473,329.938293,16.809999,30.690300
2023-05-22,87.305130,91.720001,92.440002,91.199997,9259800.000000,501.423615,531.000000,144.874374,331.046204,17.209999,30.620001
2023-05-23,86.086731,90.440002,91.339996,90.330002,7656700.000000,500.479340,530.000000,143.084106,326.849762,18.530001,30.660999
2023-05-24,85.791649,90.129997,90.150002,89.180000,9443900.000000,495.757812,525.000000,140.524261,325.173157,20.030001,30.805401
2023-05-25,96.090836,100.949997,102.370003,96.980003,60793200.000000,512.755188,543.000000,149.883209,333.085541,19.139999,30.808399
2023-05-26,98.242058,103.209999,104.440002,100.730003,26135800.000000,534.474060,566.000000,159.679108,341.596100,17.950001,30.759800
2023-05-30,97.071259,101.980003,105.239998,101.529999,25248000.000000,534.474060,566.000000,159.545410,343.145203,17.459999,30.535999
2023-05-31,93.844429,98.589996,99.980003,98.059998,22206700.000000,526.919678,558.000000,155.449661,341.194000,17.940001,30.561300
2023-06-01,94.082390,98.839996,100.589996,98.599998,14998500.000000,520.309570,551.000000,158.123627,345.135559,15.650000,30.645901
2023-06-02,94.177582,98.940002,101.300003,98.620003,13085100.000000,530.696777,562.000000,157.751862,347.723999,14.600000,30.582800
2023-06-05,93.330429,98.050003,98.809998,94.250000,10568500.000000,524.086670,555.000000,155.309433,347.969177,14.730000,30.667000
2023-06-06,95.015228,99.820000,100.599998,97.419998,13827600.000000,528.808350,560.000000,157.184464,347.910278,13.960000,30.645800
2023-06-07,95.462601,100.290001,103.019997,99.540001,14367500.000000,536.362732,568.000000,156.952957,342.007843,13.940000,30.631800
2023-06-08,95.129433,99.940002,100.699997,98.629997,9074200.000000,527.863953,559.000000,158.559540,346.253265,13.650000,30.712900
2023-06-09,97.851791,102.800003,104.680000,102.250000,14902400.000000,533.529846,565.000000,158.977509,347.576904,13.830000,30.645800
2023-06-12,101.906746,107.059998,107.389999,104.309998,20568100.000000,542.028564,574.000000,164.097610,353.449982,15.010000,30.660999
2023-06-13,101.659256,106.800003,110.690002,106.739998,17858600.000000,559.970337,593.000000,166.295181,356.165863,14.610000,30.711300
2023-06-14,102.239883,107.410004,107.699997,105.220001,12862600.000000,557.137451,590.000000,168.656036,358.754272,13.880000,30.577999
2023-06-15,100.536552,105.180000,106.660004,105.070000,11987900.000000,560.694824,591.000000,167.261719,363.029083,14.500000,30.731300
2023-06-16,99.953499,104.570000,105.750000,104.349998,11430800.000000,558.797485,589.000000,165.717194,360.744598,13.540000,30.653299
2023-06-20,99.389526,103.980003,104.879997,103.070000,9295500.000000,553.105164,583.000000,164.375122,360.228241,13.880000,30.791800
2023-06-21,97.152832,101.639999,103.730003,101.620003,9340400.000000,551.207703,581.000000,160.368546,355.319092,13.200000,30.953300
2023-06-22,98.577057,103.129997,103.430000,101.330002,8575900.000000,551.207703,581.000000,161.116302,359.511505,12.910000,30.923000
2023-06-23,97.410942,101.910004,102.190002,101.010002,8919000.000000,551.207703,581.000000,158.278717,355.947510,13.440000,30.993799
2023-06-26,95.690399,100.110001,103.040001,100.089996,8560000.000000,544.566650,574.000000,158.791367,351.175842,14.250000,30.997000
2023-06-27,97.573418,102.080002,102.790001,100.019997,9732000.000000,542.669189,572.000000,164.339233,357.214050,13.740000,31.004000
2023-06-28,96.464630,100.919998,101.879997,100.220001,8160900.000000,544.566650,574.000000,163.072266,357.911102,13.430000,30.993500
2023-06-29,96.196983,100.639999,101.519997,100.019997,7383900.000000,543.617798,573.000000,163.117996,357.194458,13.540000,31.056499
2023-06-30,96.464630,100.919998,101.889999,100.410004,11704600.000000,546.463989,576.000000,165.638855,362.702393,13.590000,31.117300
2023-07-03,98.596169,103.150002,103.680000,102.070000,5638400.000000,549.310242,579.000000,167.111511,363.556580,13.570000,31.146000
2023-07-05,96.531540,100.989998,103.089996,100.959999,9010800.000000,552.156372,582.000000,163.418396,363.546753,14.180000,31.077999
2023-07-06,95.021294,99.410004,99.559998,98.599998,9140800.000000,536.028137,565.000000,161.357941,360.778046,15.440000,31.224199
2023-07-07,95.805092,100.230003,101.940002,99.000000,8036600.000000,536.028137,565.000000,161.426498,359.580200,14.830000,31.326900
2023-07-10,95.365410,99.769997,100.750000,99.400002,8041600.000000,536.028137,565.000000,164.786575,359.697998,15.070000,31.259001
2023-07-11,96.789627,101.260002,102.330002,100.139999,7677800.000000,547.412781,577.000000,164.793106,361.475159,14.840000,31.360001
2023-07-12,99.313065,103.900002,104.430000,102.760002,10202000.000000,548.361389,578.000000,167.862564,366.040558,13.540000,31.265499
2023-07-13,100.909348,105.570000,105.650002,102.519997,9265900.000000,555.002502,585.000000,171.330383,372.255371,13.610000,31.033800
2023-07-14,100.498322,105.139999,107.300003,104.860001,9518300.000000,560.694824,591.000000,169.188278,372.176880,13.340000,30.957800
2023-07-17,100.163780,104.790001,105.029999,102.589996,10722600.000000,560.694824,591.000000,173.237335,375.652557,13.480000,30.950001
2023-07-18,98.596169,103.150002,103.730003,102.010002,10343600.000000,551.207703,581.000000,173.557358,378.725616,13.300000,30.950001
2023-07-19,98.510147,103.059998,104.790001,102.570000,11204800.000000,551.207703,581.000000,171.496902,378.637268,13.760000,30.903000
2023-07-20,93.539703,97.860001,100.449997,97.050003,22810200.000000,549.310242,579.000000,165.260071,369.908875,13.990000,31.043301
2023-07-21,92.956650,97.250000,97.989998,96.330002,15381200.000000,531.284546,560.000000,166.752335,368.799500,13.600000,31.037800
2023-07-24,93.912506,98.250000,98.269997,96.779999,9054900.000000,529.387024,558.000000,166.745789,369.388580,13.910000,31.322001
2023-07-25,95.891113,100.320000,100.889999,99.110001,9202200.000000,539.823059,569.000000,169.550751,371.892181,13.860000,31.299999
2023-07-26,95.021294,99.410004,100.129997,98.570000,8993500.000000,536.976807,566.000000,167.209473,370.655090,13.190000,31.166000
2023-07-27,94.963943,99.349998,101.760002,98.910004,8049800.000000,539.823059,569.000000,170.354004,369.771515,14.410000,31.214001
2023-07-28,96.407280,100.860001,100.989998,99.779999,6758700.000000,537.925476,567.000000,174.073273,376.506775,13.330000,31.296301
2023-07-31,94.772774,99.150002,99.779999,98.419998,8647900.000000,536.028137,565.000000,174.794907,376.703033,13.630000,31.353500
2023-08-01,94.055885,98.400002,99.190002,98.089996,6428500.000000,537.925476,567.000000,174.905945,375.829224,13.930000,31.398899
2023-08-02,91.475075,95.699997,97.500000,95.209999,9820900.000000,532.233215,561.000000,168.211945,367.582062,16.090000,31.594999
2023-08-03,90.786880,94.980003,95.809998,94.580002,8571700.000000,532.233215,561.000000,167.780899,366.992920,15.920000,31.630100
2023-08-04,91.914780,96.160004,97.580002,95.129997,7562600.000000,525.592163,554.000000,167.516403,365.274719,17.100000,31.640499
2023-08-07,92.096390,96.349998,96.940002,95.230003,6601400.000000,529.387024,558.000000,169.279724,368.367432,15.770000,31.652000
2023-08-08,90.318504,94.489998,94.900002,93.669998,7659000.000000,523.694763,552.000000,166.585800,365.235504,15.990000,31.665501
2023-08-09,89.831017,93.980003,95.849998,93.709999,6426900.000000,525.592163,554.000000,163.529419,361.219849,15.960000,31.795500
2023-08-10,90.614815,94.800003,95.970001,94.279999,7459600.000000,522.745972,551.000000,162.869812,361.887482,15.850000,31.709000
2023-08-11,87.928856,91.989998,93.500000,91.970001,10658400.000000,518.002258,546.000000,158.921982,359.580200,14.840000,31.741501
2023-08-14,88.961174,93.070000,93.290001,91.300003,7489700.000000,513.258667,541.000000,163.506561,363.615479,14.820000,31.893999
2023-08-15,87.632561,91.680000,92.709999,91.489998,6069500.000000,514.207520,542.000000,160.776718,359.756958,16.459999,31.903999
2023-08-16,87.728149,91.779999,92.720001,91.320000,7439500.000000,514.207520,542.000000,157.664825,355.947510,16.780001,31.864901
2023-08-17,87.594337,91.639999,92.919998,91.349998,7712500.000000,516.104919,544.000000,156.123581,352.059540,17.889999,31.912800
2023-08-18,87.078156,91.099998,91.330002,89.559998,9066200.000000,511.361328,539.000000,156.962753,351.617676,17.299999,31.896400
2023-08-21,88.473701,92.559998,92.910004,90.500000,8618300.000000,509.463867,537.000000,161.472229,357.282776,17.129999,31.902000
2023-08-22,88.167831,92.239998,93.489998,91.809998,7059000.000000,513.258667,541.000000,160.048538,356.772217,16.969999,31.916201
2023-08-23,90.060417,94.220001,95.099998,93.239998,10362600.000000,523.694763,552.000000,163.320419,362.398010,15.980000,31.976999
2023-08-24,88.445023,92.529999,96.779999,92.470001,12254400.000000,535.079285,564.000000,157.922806,354.651520,17.200001,31.855801
2023-08-25,88.989861,93.099998,93.410004,91.410004,10356000.000000,518.002258,546.000000,158.601959,357.400482,15.680000,31.814100
2023-08-28,89.850136,94.000000,94.150002,93.250000,5174800.000000,520.848511,549.000000,160.610199,360.090790,15.080000,31.812000
2023-08-29,90.882446,95.080002,95.620003,93.510002,8910300.000000,523.694763,552.000000,164.829041,367.955048,14.450000,31.818001
2023-08-30,90.595688,94.779999,95.919998,94.629997,6073400.000000,526.540771,555.000000,165.606186,370.007080,13.880000,31.767000
2023-08-31,89.439102,93.570000,94.400002,93.269997,8661200.000000,520.848511,549.000000,166.752335,371.116547,13.570000,31.798800
2023-09-01,89.075897,93.190002,94.580002,93.089996,7094600.000000,519.899841,548.000000,167.186615,370.723877,13.090000,31.807800
2023-09-05,90.423645,94.599998,95.050003,92.870003,6396500.000000,523.694763,552.000000,167.131119,371.195099,14.010000,31.857800
2023-09-06,88.186951,92.260002,93.959999,91.589996,7933700.000000,521.797241,550.000000,165.922928,367.925659,14.450000,31.904499
2023-09-07,86.074516,90.050003,90.290001,88.430000,14684400.000000,514.207520,542.000000,162.125305,365.294312,14.400000,31.933901
2023-09-08,85.682617,89.639999,91.070000,89.320000,5820800.000000,511.361328,539.000000,161.286118,365.804901,13.840000,32.031399
2023-09-11,85.644386,89.599998,90.389999,89.160004,7268600.000000,508.515137,536.000000,161.194672,370.115051,13.800000,32.084999
2023-09-12,86.485527,90.480003,91.570000,90.419998,8242600.000000,516.104919,544.000000,159.826492,366.011108,14.230000,31.906500
2023-09-13,87.192848,91.220001,91.889999,90.480003,5757800.000000,513.258667,541.000000,160.646118,367.405273,13.480000,31.963800
2023-09-14,87.885612,91.470001,92.930000,91.269997,6506300.000000,524.706970,550.000000,161.795517,370.409637,12.820000,31.894899
2023-09-15,85.752602,89.250000,91.139999,88.860001,19940500.000000,532.339050,558.000000,157.126038,364.067169,13.790000,31.868900
2023-09-18,85.349060,88.830002,89.669998,88.430000,6647400.000000,515.166687,540.000000,157.661560,364.446655,14.000000,31.878000
2023-09-19,84.714935,88.169998,88.839996,87.790001,7172100.000000,513.258667,538.000000,156.332550,363.669891,14.110000,31.898500
2023-09-20,83.869408,87.290001,89.320000,87.290001,6935300.000000,510.396759,535.000000,153.765961,358.429199,15.140000,31.980000
2023-09-21,82.015030,85.360001,86.139999,85.349998,10652500.000000,502.764557,527.000000,150.928345,351.861206,17.540001,32.008900
2023-09-22,82.284065,85.639999,86.769997,85.449997,7967200.000000,497.994446,522.000000,152.185547,351.910309,17.200001,32.138000
2023-09-25,82.860542,86.239998,86.239998,85.019997,8758000.000000,500.856537,525.000000,153.299011,353.581848,16.900000,32.131001
2023-09-26,80.986961,84.290001,85.230003,84.019997,8877600.000000,495.132538,519.000000,150.515533,348.272400,18.940001,32.102798
2023-09-27,82.091904,85.440002,85.559998,84.099998,7860700.000000,497.994446,522.000000,151.842743,349.088501,18.219999,32.189800
2023-09-28,83.023895,86.410004,87.129997,84.980003,6647700.000000,498.948547,523.000000,154.654388,352.008728,17.340000,32.225800
2023-09-29,83.494682,86.900002,88.029999,86.699997,7338300.000000,498.948547,523.000000,155.214767,352.264374,17.520000,32.060799
2023-10-02,84.215294,87.650002,88.419998,87.019997,6305000.000000,508.488586,533.000000,155.997955,355.204224,17.610001,32.244999
2023-10-03,82.063072,85.410004,87.320000,85.059998,8201700.000000,504.672668,529.000000,152.770126,348.970551,19.780001,32.306801
2023-10-04,83.273697,86.669998,86.760002,85.379997,7658500.000000,496.086456,520.000000,154.798584,353.719604,18.580000,32.311699
2023-10-05,83.619598,87.029999,87.940002,86.529999,6651700.000000,503.718597,528.000000,154.048157,352.677368,18.490000,32.291199
2023-10-06,85.791031,89.290001,90.019997,87.379997,9777100.000000,507.534668,532.000000,157.357910,358.586609,17.450001,32.203701
2023-10-09,85.502800,88.989998,89.339996,88.040001,4781300.000000,507.534668,532.000000,156.964676,360.415405,17.700001,32.118000
2023-10-10,87.059311,90.610001,90.660004,89.139999,7182900.000000,507.534668,532.000000,158.976746,362.411346,17.030001,32.137299
2023-10-11,88.394844,92.000000,92.010002,90.629997,8051700.000000,518.982727,544.000000,160.172821,364.997223,16.090000,32.016499
2023-10-12,88.798370,92.419998,93.440002,91.839996,8897800.000000,524.706970,550.000000,160.582458,363.728912,16.690001,32.059200
2023-10-13,86.915176,90.459999,92.940002,90.199997,7985100.000000,527.568970,553.000000,156.210953,359.156891,19.320000,32.169800
2023-10-16,87.645401,91.220001,91.900002,90.430000,8791800.000000,519.936829,545.000000,158.422928,363.217621,17.209999,32.194901
2023-10-17,87.434006,91.000000,91.699997,88.519997,7997100.000000,525.660889,551.000000,157.266159,362.027863,17.879999,32.186501
2023-10-18,86.088890,89.599998,90.010002,88.580002,9982700.000000,515.166687,540.000000,154.431564,357.278809,19.219999,32.325001
2023-10-19,89.269180,92.910004,94.760002,92.360001,22751600.000000,520.890869,546.000000,152.052460,353.935791,21.400000,32.395302
2023-10-20,87.731880,91.309998,94.320000,91.089996,12197300.000000,530.431030,556.000000,149.853546,348.655823,21.709999,32.348301
2023-10-23,87.539703,91.110001,92.260002,89.160004,8227900.000000,518.982727,544.000000,149.001556,349.708008,20.370001,32.332001
2023-10-24,88.048958,91.639999,92.000000,90.860001,7374800.000000,518.982727,544.000000,151.023453,353.109894,18.969999,32.236000
2023-10-25,84.205688,87.639999,90.849998,86.680000,13027100.000000,518.982727,544.000000,144.918427,344.467255,20.190001,32.203999
2023-10-26,84.023125,87.449997,88.139999,86.540001,9377300.000000,506.580658,531.000000,144.056625,337.899231,20.680000,32.380299
2023-10-27,82.620346,85.989998,87.779999,85.889999,12480700.000000,508.488586,533.000000,145.606613,339.521576,21.270000,32.358898
2023-10-30,82.687592,86.059998,88.300003,86.000000,9785500.000000,507.534668,532.000000,143.656799,343.346313,19.750000,32.414001
2023-10-31,82.927803,86.309998,86.430000,84.949997,9004900.000000,504.672668,529.000000,144.970871,344.988373,18.139999,32.247501
2023-11-01,84.359413,87.800003,87.870003,86.339996,9508800.000000,503.718597,528.000000,148.382263,350.976288,16.870001,32.402901
2023-11-02,86.934395,90.480003,91.050003,89.470001,11032600.000000,521.844849,547.000000,151.754257,357.347626,15.660000,32.376801
2023-11-03,88.193069,91.790001,92.449997,90.839996,9226700.000000,523.752930,549.000000,155.742340,361.546112,14.910000,32.159000
2023-11-06,88.971336,92.599998,92.610001,91.290001,8402700.000000,524.706970,550.000000,155.453964,363.020966,14.890000,32.089401
2023-11-07,88.788780,92.410004,93.050003,91.750000,6241300.000000,529.476807,555.000000,156.443619,366.452484,14.810000,32.102001
2023-11-08,88.394844,92.000000,93.440002,91.930000,6537700.000000,530.431030,556.000000,156.600922,366.688446,14.450000,32.080200
2023-11-09,88.029739,91.620003,93.370003,91.599998,8166000.000000,531.385010,557.000000,155.850479,363.866516,15.290000,32.216000
2023-11-10,93.621666,97.440002,97.750000,93.610001,19281700.000000,531.385010,557.000000,162.135773,372.047089,14.170000,32.253502
2023-11-13,92.641632,96.419998,97.180000,95.720001,9526300.000000,544.741089,571.000000,160.556229,370.886871,14.760000,32.345798
2023-11-14,95.034058,98.910004,99.690002,97.949997,13873200.000000,545.695312,572.000000,166.494156,378.870728,14.160000,32.244499
2023-11-15,94.928375,98.800003,100.699997,98.419998,10422900.000000,554.281250,581.000000,167.703354,379.155914,14.180000,32.077000
2023-11-16,94.678558,98.540001,99.099998,97.910004,8459000.000000,556.189392,583.000000,167.785309,379.480377,14.320000,32.008598
2023-11-17,95.677803,99.580002,99.720001,98.320000,7243000.000000,553.327393,580.000000,168.965012,379.568848,13.800000,31.837000
2023-11-20,96.042900,99.959999,100.589996,99.540001,6448900.000000,550.465332,577.000000,171.455551,384.190033,13.410000,31.734699
2023-11-21,94.553642,98.410004,100.150002,98.239998,10112600.000000,558.097229,585.000000,168.250656,381.958099,13.350000,31.468000
2023-11-22,94.784241,98.650002,99.650002,97.949997,7413500.000000,550.465332,577.000000,168.788040,383.521423,12.850000,31.374001
2023-11-24,93.996399,97.830002,98.730003,97.470001,4297600.000000,548.557190,575.000000,168.909332,382.980682,12.460000,31.614000
2023-11-27,93.400673,97.209999,97.550003,96.419998,6856100.000000,541.879150,568.000000,168.673386,382.646332,12.690000,31.636000
2023-11-28,94.140511,97.980003,98.250000,97.239998,6358100.000000,548.557190,575.000000,167.687027,383.649231,12.690000,31.525000
2023-11-29,95.005219,98.879997,99.730003,98.599998,7091100.000000,547.603088,574.000000,169.505707,383.275635,12.980000,31.271999
2023-11-30,93.496750,97.309998,98.980003,96.900002,9681400.000000,550.465332,577.000000,168.322723,382.312012,12.920000,31.069000
2023-12-01,94.688171,98.550003,98.779999,97.019997,7500400.000000,552.373352,579.000000,169.112473,383.403442,12.630000,31.374001
2023-12-04,93.208519,97.010002,97.199997,95.250000,10619400.000000,547.603088,574.000000,167.218384,379.844147,13.080000,31.188999
2023-12-05,92.901039,96.690002,97.019997,95.879997,8009600.000000,543.787170,570.000000,166.268051,380.797882,12.850000,31.423599
2023-12-06,94.015587,97.849998,98.570000,97.449997,11262300.000000,543.787170,570.000000,165.242340,378.595398,12.970000,31.516001
2023-12-07,95.399170,99.290001,99.639999,97.889999,11373700.000000,539.971069,566.000000,169.672836,383.885223,13.060000,31.489100
2023-12-08,96.417618,100.349998,100.370003,98.949997,10572500.000000,543.787170,570.000000,171.013153,385.596039,12.350000,31.427000
2023-12-11,96.994110,100.949997,101.209999,99.370003,9482800.000000,547.603088,574.000000,176.846191,388.889923,12.630000,31.409500
2023-12-12,97.618629,101.599998,101.650002,99.949997,7378600.000000,551.419312,578.000000,178.120941,391.987152,12.070000,31.327999
2023-12-13,98.118263,102.120003,102.680000,100.910004,8988800.000000,550.465332,577.000000,180.863770,396.972076,12.190000,31.473101
2023-12-14,99.864578,103.449997,103.809998,102.800003,10074500.000000,558.137329,582.000000,185.877609,396.627991,12.480000,31.157000
2023-12-15,98.986130,102.540001,104.760002,102.389999,16379200.000000,561.014099,585.000000,186.569031,398.545288,12.280000,31.184299
2023-12-18,99.362602,102.930000,103.309998,102.080002,5660600.000000,561.014099,585.000000,186.051270,401.055603,12.560000,31.347799
2023-12-19,100.270004,103.870003,103.980003,103.089996,8498500.000000,561.014099,585.000000,187.044205,403.104858,12.530000,31.375000
2023-12-20,96.572746,100.040001,103.089996,99.940002,10814100.000000,561.014099,585.000000,181.499420,397.114807,13.670000,31.270000
2023-12-21,98.995781,102.550003,102.720001,101.160004,9068200.000000,553.342346,577.000000,186.523117,401.735382,13.650000,31.309999
2023-12-22,99.574959,103.150002,103.589996,102.709999,5566400.000000,558.137329,582.000000,187.120697,402.336365,13.030000,31.193001
2023-12-26,100.829926,104.449997,104.959999,103.570000,6407500.000000,561.973145,586.000000,190.427139,404.799377,12.990000,31.119699
2023-12-27,101.022972,104.650002,105.370003,104.080002,5889700.000000,567.727234,592.000000,190.916336,405.623413,12.430000,30.943001
2023-12-28,101.071243,104.699997,105.519997,104.699997,5335100.000000,568.686218,593.000000,190.558472,405.426331,12.470000,30.845699
2023-12-29,100.395508,104.000000,104.970001,103.669998,4409600.000000,568.686218,593.000000,189.159714,403.671661,12.450000,30.698000
2024-01-02,98.011116,101.529999,102.620003,100.589996,9020900.000000,568.686218,593.000000,182.346558,396.840637,13.200000,30.668600
2024-01-03,96.698235,100.169998,101.250000,99.660004,6650600.000000,554.301331,578.000000,178.429382,392.641449,14.040000,30.879000
2024-01-04,95.694298,99.129997,100.440002,99.120003,7996700.000000,556.219360,580.000000,176.928894,390.620819,14.130000,31.041901
2024-01-05,96.157661,99.610001,100.639999,98.800003,7347300.000000,552.383179,576.000000,177.910629,391.084076,13.350000,31.054001
2024-01-08,98.696526,102.239998,102.790001,100.500000,12455600.000000,559.096191,583.000000,183.705917,399.166962,13.080000,30.952000
2024-01-09,98.358635,101.889999,101.970001,100.209999,7764000.000000,561.973145,586.000000,183.768295,399.955597,12.760000,30.721001
2024-01-10,97.306427,100.800003,102.779999,99.980003,6975700.000000,560.055176,584.000000,183.150986,402.666290,12.690000,31.061100
2024-01-11,97.711876,101.220001,102.160004,99.989998,7862700.000000,561.973145,586.000000,183.827408,403.504120,12.440000,31.117800
2024-01-12,97.731163,101.239998,102.379997,100.870003,6519700.000000,560.055176,584.000000,183.016388,403.711151,12.700000,30.893999
2024-01-16,98.146255,101.669998,102.349998,100.199997,11185500.000000,556.219360,580.000000,185.610321,403.671661,13.840000,31.195000
2024-01-17,99.381905,102.949997,103.330002,100.000000,17649500.000000,557.178345,581.000000,183.909470,401.394714,14.790000,31.458000
2024-01-18,109.112541,113.029999,113.389999,109.480003,58783700.000000,563.891235,588.000000,189.980576,407.092163,14.130000,31.542500
2024-01-19,110.242004,114.199997,115.150002,111.019997,37812600.000000,600.333191,626.000000,197.411041,415.165161,13.300000,31.580601
2024-01-22,109.112541,113.029999,115.099998,112.519997,17755500.000000,600.333191,626.000000,198.057877,415.707336,13.190000,31.383801
2024-01-23,110.174416,114.129997,114.620003,113.160004,11667900.000000,602.251160,628.000000,199.371246,417.432343,12.550000,31.368000
2024-01-24,112.481590,116.519997,118.849998,114.610001,21859200.000000,601.292175,627.000000,202.273804,419.748749,13.140000,31.395000
2024-01-25,112.520203,116.559998,118.839996,116.480003,15485300.000000,615.677063,642.000000,201.712357,420.261353,13.450000,31.292000
2024-01-26,113.195946,117.260002,118.040001,116.300003,10196400.000000,617.595032,644.000000,196.274933,417.757599,13.260000,31.315001
2024-01-29,112.925636,116.980003,117.870003,115.760002,10042200.000000,621.431091,648.000000,198.317291,422.035645,13.600000,31.273100
2024-01-30,112.037537,116.059998,118.010002,115.559998,11030800.000000,615.677063,642.000000,195.253815,419.226379,13.310000,31.184999
2024-01-31,109.044968,112.959999,114.739998,112.879997,12853900.000000,602.251160,628.000000,192.426773,411.015289,14.350000,31.159100
2024-02-01,109.460083,113.389999,114.029999,112.610001,8807600.000000,602.251160,628.000000,193.378983,415.855225,13.880000,31.245001
2024-02-02,111.738266,115.750000,115.959999,113.919998,10044000.000000,608.964172,635.000000,195.848114,422.883362,13.850000,31.233999
2024-02-05,114.672913,118.790001,119.540001,116.580002,13267600.000000,619.513123,646.000000,198.524155,422.331421,13.670000,31.325800
2024-02-06,115.242462,119.379997,120.989998,118.279999,11503800.000000,619.513123,646.000000,196.209305,421.483704,13.060000,31.340300
2024-02-07,120.648369,124.980003,125.000000,120.000000,18172500.000000,619.513123,646.000000,199.210373,425.820801,12.830000,31.202000
2024-02-08,129.095139,133.729996,134.750000,126.110001,33367000.000000,619.513123,646.000000,202.635025,426.609375,12.790000,31.366800
2024-02-09,128.496613,133.110001,135.169998,130.589996,16984200.000000,619.513123,646.000000,206.670364,430.808533,12.930000,31.303301
2024-02-12,125.938461,130.460007,133.509995,130.259995,14203800.000000,619.513123,646.000000,206.296036,429.122986,13.930000,31.367800
2024-02-13,123.129303,127.550003,129.919998,126.480003,14494000.000000,619.513123,646.000000,202.057114,422.429901,15.850000,31.288401
2024-02-14,124.789688,129.270004,130.789993,127.959999,13069700.000000,619.513123,646.000000,206.621109,427.033295,14.380000,31.468700
2024-02-15,124.558006,129.029999,131.130005,128.350006,12554000.000000,668.422180,697.000000,206.424133,428.304871,14.010000,31.345100
2024-02-16,122.299118,126.690002,128.639999,125.809998,13104400.000000,654.996155,683.000000,205.255219,424.421082,14.240000,31.262699
2024-02-20,120.986237,125.330002,127.059998,124.150002,12038800.000000,658.832153,687.000000,201.801010,421.217499,15.420000,31.402100
2024-02-21,120.995903,125.339996,125.379997,122.910004,11469700.000000,653.078125,681.000000,201.338074,419.531921,15.340000,31.377800
2024-02-22,124.596642,129.070007,131.479996,129.000000,17014100.000000,663.627075,692.000000,211.260651,431.813995,14.540000,31.426300
2024-02-23,125.040688,129.529999,131.009995,127.730003,10123300.000000,668.422180,697.000000,208.981918,430.542389,13.750000,31.454000
2024-02-26,126.112198,130.639999,131.229996,128.559998,9526700.000000,669.381165,698.000000,211.043930,430.315735,13.740000,31.601999
2024-02-27,124.133255,128.589996,131.970001,128.589996,8851800.000000,669.381165,698.000000,210.833801,431.350708,13.430000,31.548700
2024-02-28,122.965187,127.379997,128.580002,126.650002,6519100.000000,669.381165,698.000000,208.463135,429.053955,13.840000,31.576000
2024-02-29,124.210480,128.669998,129.190002,127.150002,9369900.000000,661.709106,690.000000,214.110687,432.730713,13.400000,31.647900
2024-03-01,129.259216,133.899994,136.649994,130.100006,24393000.000000,660.750122,689.000000,223.222260,439.246307,13.110000,31.614901
2024-03-04,133.468094,138.259995,141.990005,137.679993,26544600.000000,695.274109,725.000000,225.415604,437.679016,13.490000,31.559299
2024-03-05,130.292130,134.970001,137.429993,133.729996,13694700.000000,700.069092,730.000000,220.996078,429.822906,14.460000,31.509300
2024-03-06,136.663406,141.570007,144.000000,138.610001,22292700.000000,704.864075,735.000000,226.426910,432.523712,14.500000,31.540501
2024-03-07,144.028931,149.199997,151.600006,144.149994,34675700.000000,728.838867,760.000000,234.192291,439.088593,14.440000,31.464001
2024-03-08,141.297012,146.369995,158.399994,144.929993,43856900.000000,751.854980,784.000000,224.716232,432.750427,14.740000,31.434799
2024-03-11,134.201767,139.020004,144.399994,138.929993,29227100.000000,734.593079,766.000000,221.731567,431.143707,15.220000,31.452999
2024-03-12,139.395294,144.399994,146.699997,140.570007,21218500.000000,738.429016,770.000000,226.331680,437.324158,13.840000,31.362200
2024-03-13,137.213623,142.139999,143.229996,141.369995,12923100.000000,747.059937,779.000000,220.815460,433.962830,13.750000,31.398800
2024-03-14,134.780975,139.619995,143.100006,139.020004,14961900.000000,751.854980,784.000000,217.042816,432.868713,14.400000,31.406601
2024-03-15,132.232468,136.979996,137.699997,134.630005,22751200.000000,722.125854,753.000000,215.486435,427.723267,14.410000,31.525999
2024-03-18,132.439896,136.639999,141.539993,136.610001,14732900.000000,736.096191,764.000000,215.318985,431.802643,14.330000,31.603701
2024-03-19,130.724304,134.869995,136.270004,133.029999,17341100.000000,734.169312,762.000000,213.516357,432.878479,13.820000,31.641001
2024-03-20,132.546524,136.750000,137.309998,135.009995,12750200.000000,730.315369,758.000000,217.151169,438.010986,13.040000,31.730400
2024-03-21,135.163513,139.449997,142.600006,139.039993,17809400.000000,755.365723,784.000000,222.036972,440.083740,12.920000,31.762199
2024-03-22,136.220001,140.539993,141.339996,139.110001,9944100.000000,756.329285,785.000000,222.303192,440.587189,13.060000,31.882999
2024-03-25,135.919556,140.229996,141.679993,139.259995,9922200.000000,751.511780,780.000000,221.435516,438.988190,13.190000,31.934999
2024-03-26,134.572235,138.839996,140.960007,138.639999,10786400.000000,753.438782,782.000000,219.769104,437.566833,13.240000,31.733999
2024-03-27,132.488373,136.690002,139.279999,135.149994,13842800.000000,750.548279,779.000000,222.529999,439.057220,12.780000,31.885300
2024-03-28,131.868057,136.050003,136.800003,135.440002,10019400.000000,740.913574,769.000000,222.766632,438.247925,13.010000,31.979401
2024-04-01,137.140808,141.490005,142.960007,137.050003,14222700.000000,741.877075,770.000000,225.113449,439.175690,13.650000,31.934000
2024-04-02,135.909866,140.220001,141.039993,139.350006,9869200.000000,761.146667,790.000000,221.642563,435.385529,14.610000,32.014999
2024-04-03,137.635147,142.000000,142.929993,138.389999,9707500.000000,751.511780,780.000000,222.263779,436.362701,14.330000,32.039001
2024-04-04,135.367065,139.660004,146.750000,139.429993,15759500.000000,751.511780,780.000000,215.972839,429.690430,16.350000,31.968700
2024-04-05,137.014832,141.360001,142.000000,138.919998,8263600.000000,751.511780,780.000000,218.536545,434.753784,16.030001,32.048000
2024-04-08,138.400864,142.789993,146.000000,142.759995,16307400.000000,754.402344,783.000000,219.098587,434.882172,15.190000,32.111198
2024-04-09,140.930618,145.399994,148.169998,142.949997,18443400.000000,789.087524,819.000000,221.455231,436.491028,14.980000,32.072800
2024-04-10,141.725449,146.220001,148.429993,145.259995,18861300.000000,785.233582,815.000000,217.412476,432.681000,15.800000,31.966200
2024-04-11,142.675293,147.199997,147.559998,144.130005,11818800.000000,790.050964,820.000000,222.322937,439.590240,14.910000,32.182999
2024-04-12,138.139175,142.520004,146.509995,142.149994,12024000.000000,788.124023,818.000000,215.026245,432.582367,17.309999,32.224499
2024-04-15,135.832321,140.139999,145.479996,139.880005,13458800.000000,776.562256,806.000000,212.304749,425.465942,19.230000,32.254002
2024-04-16,135.502762,139.800003,140.539993,137.059998,14218200.000000,759.219727,788.000000,213.911987,425.505432,18.400000,32.388802
2024-04-17,134.756439,139.029999,142.570007,137.360001,18823200.000000,774.635254,804.000000,207.423843,420.313690,18.209999,32.497898
2024-04-18,128.204224,132.270004,135.130005,130.300003,39306100.000000,774.635254,804.000000,203.745911,417.915161,18.000000,32.338001
2024-04-19,123.774689,127.699997,131.550003,126.639999,28284000.000000,722.607483,750.000000,195.620926,409.268921,18.709999,32.415901
2024-04-22,125.761688,129.750000,130.660004,125.779999,18556800.000000,714.899719,742.000000,198.845245,413.384766,16.940001,32.504002
2024-04-23,129.328568,133.429993,133.710007,130.660004,12573800.000000,726.461426,754.000000,202.996490,419.553680,15.690000,32.583000
2024-04-24,128.882736,132.970001,136.289993,131.539993,15558000.000000,754.402344,783.000000,205.629227,420.974976,15.970000,32.503502
2024-04-25,132.381729,136.580002,137.839996,128.860001,18034300.000000,738.023193,766.000000,209.445221,418.941742,15.370000,32.627300
2024-04-26,134.048874,138.300003,138.740005,135.949997,9453400.000000,753.438782,782.000000,213.872543,425.406738,15.030000,32.530998
2024-04-29,134.242706,138.500000,138.649994,135.910004,9997100.000000,765.964050,795.000000,215.499527,427.134003,14.670000,32.558998
2024-04-30,133.118362,137.339996,139.699997,137.259995,10980600.000000,761.146667,790.000000,211.003174,419.079895,15.650000,32.433998
2024-05-01,130.792160,134.940002,139.429993,133.210007,12561800.000000,761.146667,790.000000,203.874100,416.049744,15.390000,32.613800
2024-05-02,132.042496,136.229996,136.740005,133.220001,9261900.000000,743.804016,772.000000,208.459198,421.359955,14.680000,32.476002
2024-05-03,137.208664,141.559998,142.110001,138.759995,13264300.000000,751.511780,780.000000,213.152756,429.828552,13.490000,32.346001
2024-05-06,138.439621,142.830002,142.830002,139.809998,8601600.000000,757.292664,786.000000,217.580078,434.536652,13.490000,32.276901
2024-05-07,136.772507,141.110001,142.289993,140.509995,8682900.000000,770.781372,800.000000,215.657288,434.605743,13.230000,32.263000
2024-05-08,139.185959,143.600006,144.259995,140.800003,10202300.000000,772.708313,802.000000,215.864334,434.349152,13.000000,32.363800
2024-05-09,138.400864,142.789993,143.350006,141.130005,8012700.000000,766.927429,796.000000,215.055832,435.296661,12.690000,32.333000
2024-05-10,144.671967,149.259995,150.500000,146.929993,23671400.000000,772.708313,802.000000,217.165939,436.323181,12.550000,32.338799
2024-05-13,141.909607,146.410004,148.440002,146.300003,8278700.000000,789.087524,819.000000,217.619522,437.329987,13.600000,32.424000
2024-05-14,147.279297,151.949997,152.009995,146.250000,12316500.000000,794.868286,825.000000,221.238297,440.142944,13.420000,32.371498
2024-05-15,150.797714,155.580002,156.000000,152.729996,14027100.000000,808.356995,839.000000,227.450363,447.022491,12.450000,32.313702
2024-05-16,147.550674,152.229996,155.059998,152.210007,13394100.000000,810.283997,841.000000,226.336136,446.114471,12.420000,32.031300
2024-05-17,147.017563,151.679993,154.000000,150.839996,7711200.000000,804.503174,835.000000,225.054260,445.897278,11.990000,32.123798
2024-05-20,148.830124,153.550003,154.240005,150.820007,9261200.000000,804.503174,835.000000,230.004211,449.006470,12.150000,32.164001
2024-05-21,148.946411,153.669998,153.990005,151.949997,7919400.000000,810.283997,841.000000,229.264664,449.884888,11.860000,32.205799
2024-05-22,151.350189,156.149994,157.229996,154.539993,13455200.000000,832.443909,864.000000,231.956589,449.796051,12.290000,32.234798
2024-05-23,152.261322,157.089996,160.779999,155.869995,20873000.000000,843.042114,875.000000,230.654968,447.772675,12.770000,32.223900
2024-05-24,155.081818,160.000000,160.660004,156.710007,11908200.000000,835.334229,867.000000,235.230225,452.006989,11.930000,32.220798
2024-05-28,154.510010,159.410004,160.380005,157.600006,13964400.000000,833.407288,865.000000,239.203964,453.714508,12.920000,32.070000
2024-05-29,149.595825,154.339996,156.880005,153.210007,15780000.000000,825.699463,857.000000,234.263916,450.516571,14.280000,32.173801
2024-05-30,148.258270,152.960007,154.050003,151.889999,9687800.000000,807.393494,838.000000,232.636917,445.690033,14.470000,32.376999
2024-05-31,146.397263,151.039993,152.500000,147.809998,13782600.000000,791.014343,821.000000,230.743744,444.860931,12.920000,32.356400
2024-06-03,150.187057,154.949997,157.149994,152.460007,12924400.000000,815.101318,846.000000,231.118423,447.249603,13.110000,32.465000
2024-06-04,147.783310,152.470001,153.789993,150.990005,10066700.000000,808.356995,839.000000,229.313965,448.473419,13.160000,32.314301
2024-06-05,157.912064,162.919998,163.729996,157.949997,23192600.000000,822.809143,854.000000,239.342010,457.514526,12.630000,32.328800
2024-06-06,157.088242,162.070007,164.699997,160.360001,14819100.000000,861.348206,894.000000,237.379822,457.356628,12.580000,32.251999
2024-06-07,159.336899,164.389999,166.119995,161.960007,14023300.000000,846.896057,879.000000,236.669861,456.951935,12.220000,32.208900
2024-06-10,162.990982,168.160004,169.839996,162.419998,12418900.000000,846.896057,879.000000,240.081558,458.797699,12.740000,32.404999
2024-06-11,160.616333,165.710007,168.410004,163.789993,11508600.000000,850.749939,883.000000,240.279022,461.946259,12.850000,32.334000
2024-06-12,167.662842,172.979996,176.059998,171.539993,20309500.000000,875.800415,909.000000,247.051880,467.996765,12.040000,32.315800
2024-06-13,168.123764,172.910004,174.070007,170.509995,15591800.000000,888.857361,919.000000,249.737335,470.533386,11.940000,32.201000
2024-06-14,167.734818,172.509995,173.639999,170.360001,9192500.000000,891.758972,922.000000,248.838898,472.971375,12.660000,32.299000
2024-06-17,172.333862,177.240005,178.669998,173.479996,18593700.000000,890.791748,921.000000,252.768341,478.765167,12.750000,32.348999
2024-06-18,174.716080,179.690002,184.860001,178.990005,27155100.000000,912.070129,943.000000,255.986969,478.913239,12.300000,32.300999
2024-06-20,170.525375,175.380005,183.169998,173.500000,28403200.000000,948.823730,981.000000,249.036346,475.221771,13.280000,32.380798
2024-06-21,169.144714,173.960007,177.479996,172.210007,20175600.000000,938.184448,970.000000,246.607605,473.948547,13.200000,32.341000
2024-06-24,163.164917,167.809998,171.419998,167.119995,19741700.000000,909.168579,940.000000,239.568161,468.552734,13.330000,32.362999
2024-06-25,167.822327,172.600006,172.639999,169.009995,13346800.000000,914.004639,945.000000,243.250809,473.910919,12.840000,32.321499
2024-06-26,167.306992,172.070007,173.690002,170.199997,11901500.000000,928.512573,960.000000,242.302994,474.889679,12.550000,32.473499
2024-06-27,166.879166,171.630005,175.479996,171.149994,10864600.000000,928.512573,960.000000,241.058990,476.115509,12.240000,32.582298
2024-06-28,168.998840,173.809998,176.820007,172.809998,11216100.000000,934.315796,966.000000,243.497604,473.644012,12.440000,32.521999
2024-07-01,167.559799,172.330002,175.300003,170.449997,10717000.000000,936.250183,968.000000,243.487762,476.421967,12.220000,32.504002
2024-07-02,170.836502,175.699997,176.710007,171.029999,10655500.000000,928.512573,960.000000,246.913651,481.424194,12.030000,32.521702
2024-07-03,177.438553,182.490005,182.490005,177.880005,11808700.000000,946.889404,979.000000,251.030685,485.437897,12.090000,32.572800
2024-07-05,178.897064,183.990005,185.080002,182.300003,11372900.000000,972.036560,1005.000000,251.524353,490.499481,12.480000,32.506599
2024-07-08,181.463974,186.630005,192.800003,185.130005,22582400.000000,1001.052490,1035.000000,256.293030,491.666016,12.370000,32.393002
2024-07-09,179.412354,184.520004,188.440002,182.500000,19935200.000000,1005.888611,1040.000000,256.174530,492.091125,12.510000,32.471001
2024-07-10,185.761627,191.050003,191.419998,186.699997,19293500.000000,1010.724548,1045.000000,262.118073,497.221893,12.850000,32.507500
2024-07-11,179.392899,184.500000,193.470001,183.009995,21584200.000000,1044.576538,1080.000000,253.498978,486.317749,12.920000,32.586899
2024-07-12,182.164032,187.350006,190.380005,182.750000,19220300.000000,1005.888611,1040.000000,256.589233,489.174774,12.460000,32.386799
2024-07-15,180.092987,185.220001,190.059998,184.080002,15683100.000000,1005.888611,1040.000000,256.875519,490.489594,13.120000,32.548000
2024-07-16,180.890305,186.039993,189.589996,185.020004,16663300.000000,1020.396484,1055.000000,258.465027,490.677429,13.190000,32.574001
2024-07-17,166.461090,171.199997,176.580002,170.509995,45052600.000000,996.216492,1030.000000,240.081558,476.273621,14.480000,32.563301
2024-07-18,167.112534,171.869995,178.690002,164.509995,52903600.000000,972.036560,1005.000000,240.802261,474.019684,15.930000,32.490799
2024-07-19,161.181396,165.770004,170.520004,165.220001,22585300.000000,938.184448,970.000000,233.437027,469.818176,16.520000,32.639000
2024-07-22,164.662292,169.350006,170.880005,166.179993,21037200.000000,908.201355,939.000000,243.112579,476.817444,14.910000,32.780998
2024-07-23,165.119278,169.820007,171.539993,167.970001,11690700.000000,946.889404,979.000000,239.489212,475.136749,14.720000,32.808498
2024-07-24,155.376648,159.800003,165.449997,159.589996,19536600.000000,946.889404,979.000000,226.753021,458.093475,18.040001,32.751301
2024-07-25,155.843353,160.279999,163.399994,152.110001,25731800.000000,946.889404,979.000000,221.698044,453.041718,18.459999,32.714802
2024-07-26,157.457413,161.940002,164.589996,159.190002,13089200.000000,893.693359,924.000000,226.456802,457.688171,16.389999,32.643002
2024-07-29,155.580811,160.009995,163.229996,158.630005,12663100.000000,913.037292,944.000000,225.982925,458.607513,16.600000,32.798000
2024-07-30,150.262222,154.539993,161.149994,152.550003,22018000.000000,909.168579,940.000000,217.778458,452.310242,17.690001,32.849300
2024-07-31,161.210541,165.800003,166.649994,162.070007,19860400.000000,903.365417,934.000000,232.390488,465.695740,16.360001,32.761501
2024-08-01,153.801453,158.179993,167.669998,156.839996,21095600.000000,928.512573,960.000000,215.645874,454.415894,18.590000,32.572300
2024-08-02,145.711777,149.860001,153.860001,146.889999,31095300.000000,873.382202,903.000000,204.183365,443.630341,23.389999,32.716499
2024-08-05,143.854645,147.949997,150.000000,133.570007,31193100.000000,788.268494,815.000000,200.579742,430.403015,38.570000,32.588902
2024-08-06,151.088699,155.389999,157.710007,147.720001,24528100.000000,851.136536,880.000000,202.396347,434.515533,27.709999,32.679001
2024-08-07,150.748398,155.039993,162.649994,154.520004,22379000.000000,889.824524,920.000000,196.758881,429.809875,27.850000,32.778000
2024-08-08,159.995148,164.550003,164.750000,155.539993,18889600.000000,866.611633,896.000000,210.334229,442.958130,23.790001,32.650002
2024-08-09,162.493988,167.119995,167.800003,163.240005,20519400.000000,903.365417,934.000000,209.090240,445.271393,20.370001,32.410198
2024-08-12,162.989899,167.630005,169.529999,165.539993,14727300.000000,909.168579,940.000000,210.294785,446.230377,20.709999,32.435001
2024-08-13,167.569504,172.339996,172.449997,166.339996,15243500.000000,910.135742,941.000000,218.834869,457.302551,18.120001,32.238998
2024-08-14,165.265121,169.970001,172.509995,167.190002,11510300.000000,916.906189,948.000000,218.281998,457.450897,16.190001,32.305000
2024-08-15,169.144714,173.960007,175.440002,170.820007,15393500.000000,912.070129,943.000000,228.776993,469.007507,15.230000,31.995001
2024-08-16,169.708618,174.539993,175.000000,172.250000,10710000.000000,937.217285,969.000000,228.293213,469.610535,14.800000,32.442501
2024-08-19,170.593414,175.449997,175.449997,171.100006,11511000.000000,941.086121,973.000000,232.173279,475.779327,14.650000,32.135502
2024-08-20,167.277817,172.039993,175.399994,169.850006,13555500.000000,941.086121,973.000000,229.102798,474.780914,15.880000,31.910500
2024-08-21,166.694412,171.440002,173.080002,169.910004,9434800.000000,926.578247,958.000000,232.350998,476.995300,16.270000,31.895000
2024-08-22,161.832825,166.440002,173.279999,166.059998,13546100.000000,919.807800,951.000000,224.413132,469.432648,17.549999,31.695000
2024-08-23,166.538864,171.279999,173.289993,167.919998,12189100.000000,917.873474,949.000000,230.425797,474.523865,15.860000,32.035000
2024-08-26,164.390060,169.070007,171.050003,167.820007,9611300.000000,918.840637,950.000000,224.640213,469.916992,16.150000,31.754499
2024-08-27,165.829086,170.550003,170.580002,165.039993,9186000.000000,911.102966,942.000000,227.128189,471.320862,15.430000,31.809000
2024-08-28,164.516418,169.199997,172.470001,166.199997,10581400.000000,932.381348,964.000000,223.030899,465.972534,17.110001,31.695000
2024-08-29,164.467804,169.149994,175.419998,167.509995,13213200.000000,912.070129,943.000000,222.389160,465.290405,15.650000,31.983000
2024-08-30,166.947235,171.699997,172.229996,168.750000,9481400.000000,913.037292,944.000000,228.204346,470.836395,15.000000,31.858000
2024-09-03,156.047546,160.490005,168.679993,159.800003,18464400.000000,909.168579,940.000000,210.788391,456.541382,20.719999,31.931000
2024-09-04,156.417007,160.869995,163.880005,158.949997,11317400.000000,859.841309,889.000000,211.479492,455.355103,21.320000,31.981001
2024-09-05,159.168671,163.699997,164.589996,161.050003,10260600.000000,872.414917,902.000000,210.344131,455.780182,19.900000,31.955000
2024-09-06,152.479126,156.820007,165.410004,156.009995,14964400.000000,887.890137,918.000000,201.339935,443.571045,22.379999,32.007000
2024-09-09,158.274124,162.779999,163.100006,160.250000,10339000.000000,869.513306,899.000000,205.318756,449.275238,19.450001,32.025902
2024-09-10,157.933823,162.429993,162.889999,157.690002,11910800.000000,874.349426,904.000000,207.480942,453.427338,19.080000,32.108002
2024-09-11,165.517929,170.229996,170.380005,161.419998,15059500.000000,871.447693,901.000000,217.116974,463.273651,17.690001,32.158001
2024-09-12,167.299927,171.429993,172.149994,169.000000,13399900.000000,913.222961,940.000000,216.159317,467.821198,17.070000,32.106998
2024-09-13,168.344162,172.500000,174.770004,171.449997,8787800.000000,920.023621,947.000000,220.019638,469.916992,16.559999,31.923000
2024-09-16,165.006546,169.080002,170.559998,166.770004,12194300.000000,920.023621,947.000000,217.087387,467.841003,17.139999,31.938000
2024-09-17,163.318237,167.350006,170.240005,166.360001,8629100.000000,920.023621,947.000000,217.353912,468.088135,17.610001,31.863001
2024-09-18,163.249924,167.279999,171.600006,167.000000,9116000.000000,914.194458,941.000000,214.954803,466.061584,18.230000,31.939501
2024-09-19,171.974533,176.220001,177.779999,172.630005,15855000.000000,932.653259,960.000000,224.107071,477.845490,16.330000,31.778999
2024-09-20,169.886093,174.080002,176.020004,173.649994,18429800.000000,945.282837,973.000000,220.829208,476.936035,16.150000,31.768000
2024-09-23,170.549698,174.759995,175.399994,173.699997,5794200.000000,949.169006,977.000000,221.688171,478.200195,15.890000,31.989000
2024-09-24,177.585999,181.970001,182.779999,177.050003,14576100.000000,958.884094,987.000000,224.373611,480.506866,15.390000,31.933001
2024-09-25,177.956863,182.350006,183.820007,181.210007,8280900.000000,976.371338,1005.000000,225.919540,480.952393,15.410000,31.700001
2024-09-26,182.328903,186.830002,189.330002,183.800003,15103400.000000,986.086426,1015.000000,233.995529,484.565826,15.370000,31.863001
2024-09-27,173.682373,177.970001,185.940002,177.399994,17908400.000000,971.513733,1000.000000,230.284119,481.873077,16.959999,31.459999
2024-09-30,169.485962,173.669998,176.820007,171.929993,13540200.000000,929.738708,957.000000,228.215652,483.179840,16.730000,31.575001
2024-10-01,167.924515,172.070007,175.990005,170.779999,11850200.000000,944.311340,972.000000,221.822189,476.447937,19.260000,31.580000
2024-10-02,171.564651,175.800003,176.970001,170.789993,11164400.000000,944.311340,972.000000,224.811081,477.121155,18.900000,31.761999
2024-10-03,175.155991,179.479996,180.789993,175.119995,12555000.000000,944.311340,972.000000,225.612747,476.764740,20.490000,31.812000
2024-10-04,176.795532,181.160004,181.229996,177.550003,9993800.000000,949.169006,977.000000,228.700607,482.437317,19.209999,32.018002
2024-10-07,180.064804,184.509995,185.000000,180.929993,12054200.000000,976.371338,1005.000000,228.077103,477.269623,22.639999,32.340000
2024-10-08,181.567719,186.050003,186.539993,182.029999,10394200.000000,981.229004,1010.000000,230.323730,484.397522,21.420000,32.121799
2024-10-09,182.631454,187.139999,188.000000,182.259995,11925000.000000,990.944092,1020.000000,232.728699,488.208893,20.860001,32.169998
2024-10-10,181.304230,185.779999,187.080002,184.399994,6443800.000000,990.944092,1020.000000,231.095688,487.654572,20.930000,32.227501
2024-10-11,186.213028,190.809998,191.490005,188.009995,12163900.000000,1015.231812,1045.000000,233.035522,488.416809,20.459999,32.195499
2024-10-14,187.579315,192.210007,194.250000,190.500000,11714400.000000,1015.231812,1045.000000,237.330841,492.515381,19.700001,32.130001
2024-10-15,182.621689,187.130005,193.619995,184.250000,21812700.000000,1039.519897,1070.000000,225.018906,485.931976,20.639999,32.152000
2024-10-16,182.963257,187.479996,190.009995,186.660004,18689200.000000,1015.231812,1045.000000,225.018906,485.991364,19.580000,32.171001
2024-10-17,200.880936,205.839996,212.600006,201.970001,62274700.000000,1005.516663,1035.000000,226.790482,486.327972,19.110001,32.134998
2024-10-18,195.942825,200.779999,205.949997,200.759995,21030800.000000,1054.092529,1085.000000,226.998322,489.515686,18.030001,32.068001
2024-10-21,197.084641,201.949997,203.440002,199.660004,14820000.000000,1054.092529,1085.000000,226.572739,490.456177,18.370001,32.042000
2024-10-22,193.698242,198.479996,200.169998,197.110001,11165100.000000,1044.377319,1075.000000,225.731476,490.990784,18.200001,32.050999
2024-10-23,196.020905,200.860001,203.130005,196.229996,16535700.000000,1029.804565,1060.000000,223.712509,483.466888,19.240000,32.014000
2024-10-24,193.161499,197.929993,200.500000,197.410004,9935800.000000,1029.804565,1060.000000,224.959549,487.387268,19.080000,32.004002
2024-10-25,198.538757,203.440002,205.199997,200.000000,13434900.000000,1034.662109,1065.000000,227.216064,490.357208,20.330000,31.983801
2024-10-28,189.989807,194.679993,199.740005,194.520004,20135300.000000,1020.089417,1050.000000,227.354599,490.436401,19.799999,32.063801
2024-10-29,192.195343,196.940002,198.789993,193.600006,13779100.000000,1010.374329,1040.000000,232.946442,495.148743,19.340000,32.013802
2024-10-30,189.794617,194.479996,195.449997,192.610001,10007800.000000,1000.659058,1030.000000,224.731903,491.406586,20.350000,32.002998
2024-10-31,185.949524,190.539993,192.860001,187.660004,13062700.000000,1000.659058,1030.000000,216.012634,479.002136,23.160000,31.865499
2024-11-01,188.301468,192.949997,198.169998,192.550003,12691200.000000,995.801697,1025.000000,218.308731,482.546234,21.879999,31.862801
2024-11-04,186.944962,191.559998,194.360001,190.600006,10917300.000000,1010.374329,1040.000000,217.051819,481.140472,21.980000,31.922800
2024-11-05,191.043777,195.759995,198.339996,193.490005,10339200.000000,1020.089417,1050.000000,219.585464,487.278381,20.490000,31.912001
2024-11-06,188.564957,193.220001,194.259995,188.500000,19834900.000000,1029.804565,1060.000000,225.988815,500.514374,16.270000,31.822300
2024-11-07,196.342957,201.190002,202.009995,196.250000,14865200.000000,1034.662109,1065.000000,230.699799,508.394562,15.200000,32.334599
2024-11-08,196.352737,201.199997,206.610001,200.020004,13112100.000000,1058.949951,1090.000000,228.977707,508.988678,14.940000,32.034000
2024-11-11,189.374969,194.050003,198.199997,191.490005,16610000.000000,1054.092529,1085.000000,223.247375,508.691620,14.970000,32.235001
2024-11-12,187.149902,191.770004,194.000000,189.720001,11819000.000000,1020.089417,1050.000000,220.812714,507.770905,14.710000,32.374802
2024-11-13,182.162994,186.660004,192.479996,186.500000,13882200.000000,1005.516663,1035.000000,216.121475,507.117554,14.020000,32.414799
2024-11-14,183.958679,188.500000,192.660004,187.539993,11453900.000000,1005.516663,1035.000000,215.992844,503.593262,14.310000,32.408001
2024-11-15,181.528671,186.009995,188.800003,184.809998,9834800.000000,1005.516663,1035.000000,209.035202,491.594635,16.139999,32.537201
2024-11-18,182.963257,187.479996,188.000000,183.490005,10681500.000000,995.801697,1025.000000,211.737106,495.010071,15.580000,32.461800
2024-11-19,185.100494,189.669998,190.020004,188.020004,9390100.000000,1010.374329,1040.000000,212.142883,498.415649,16.350000,32.442299
2024-11-20,183.822067,188.360001,188.850006,184.059998,10624500.000000,995.801697,1025.000000,210.519760,498.128571,17.160000,32.325500
2024-11-21,186.632675,191.240005,192.300003,186.740005,18137300.000000,981.229004,1010.000000,213.855057,499.920380,16.870001,32.471500
2024-11-22,185.500610,190.080002,193.000000,189.429993,8838900.000000,1010.374329,1040.000000,213.944138,500.722290,15.240000,32.505299
2024-11-25,180.621063,185.080002,188.250000,183.710007,14380000.000000,1000.659058,1030.000000,216.032410,501.514252,14.600000,32.568501
2024-11-26,179.410934,183.839996,185.899994,182.330002,10186600.000000,981.229004,1010.000000,213.231537,504.207031,14.100000,32.332001
2024-11-27,176.824799,181.190002,182.449997,178.050003,9895200.000000,971.513733,1000.000000,210.371307,500.237183,14.100000,32.404999
2024-11-29,180.211197,184.660004,186.949997,181.179993,8045300.000000,967.627686,996.000000,213.182068,504.632660,13.510000,32.494301
2024-12-02,189.716522,194.399994,195.289993,188.940002,16646900.000000,1005.516663,1035.000000,218.783783,510.127106,13.340000,32.438999
2024-12-03,194.098343,198.889999,199.000000,192.600006,11217700.000000,1024.946899,1055.000000,217.546661,511.691254,13.300000,32.591499
2024-12-04,195.855026,200.690002,202.600006,198.270004,12761100.000000,1039.519897,1070.000000,220.426682,518.017334,13.450000,32.464001
2024-12-05,199.378021,204.300003,205.630005,200.750000,12483700.000000,1044.377319,1075.000000,216.260025,516.581604,13.540000,32.313000
2024-12-06,198.128860,203.020004,203.190002,199.929993,9672900.000000,1034.662109,1065.000000,217.566467,521.204956,12.770000,32.322800
2024-12-09,194.371628,199.169998,203.130005,198.979996,9699700.000000,1044.377319,1075.000000,216.517380,517.146057,14.190000,32.388000
2024-12-10,187.315811,191.940002,199.910004,190.369995,15307900.000000,1034.662109,1065.000000,211.370926,515.383789,14.180000,32.370800
2024-12-11,189.911728,194.600006,196.000000,193.259995,9027600.000000,1015.231812,1045.000000,216.685623,524.610535,13.580000,32.523800
2024-12-12,187.440704,191.460007,195.419998,191.289993,7944900.000000,1033.761108,1060.000000,215.003113,521.224792,13.920000,32.485802
2024-12-13,196.770645,200.990005,202.539993,197.270004,19477000.000000,1038.637451,1065.000000,221.000748,525.214355,13.810000,32.466000
2024-12-16,197.974808,202.220001,205.500000,200.869995,15139300.000000,1058.142578,1085.000000,225.098099,532.777832,14.690000,32.498299
2024-12-17,196.447571,200.660004,202.399994,197.470001,11169400.000000,1048.389893,1075.000000,221.914139,530.431519,15.870000,32.417000
2024-12-18,191.454636,195.559998,205.240005,193.960007,14721100.000000,1058.142578,1085.000000,213.706482,511.295227,27.620001,32.429798
2024-12-19,190.553955,194.639999,198.570007,193.949997,10553400.000000,1043.513794,1070.000000,210.118134,509.018341,24.090000,32.678001
2024-12-20,193.070007,197.210007,198.080002,191.979996,16170100.000000,1009.379944,1035.000000,212.943222,513.463318,18.360001,32.630001
2024-12-23,203.006927,207.360001,208.050003,200.910004,17847000.000000,1053.266113,1080.000000,219.386444,518.465820,16.780001,32.616001
2024-12-24,201.998550,206.330002,207.199997,204.550003,7634500.000000,1053.266113,1080.000000,221.646545,525.496155,14.270000,32.608002
2024-12-26,198.797180,203.059998,208.160004,202.889999,8044900.000000,1058.142578,1085.000000,221.577133,525.139221,14.730000,32.707901
2024-12-27,197.397217,201.630005,204.500000,199.050003,10664400.000000,1063.018677,1090.000000,219.703659,518.158386,15.950000,32.721500
2024-12-30,196.183243,200.389999,201.970001,198.479996,11235200.000000,1063.018677,1090.000000,215.381714,511.266968,17.400000,32.808498
2024-12-31,193.344131,197.490005,201.779999,197.360001,6427900.000000,1048.389893,1075.000000,213.607361,506.923889,17.350000,32.759998
2025-01-02,197.348267,201.580002,203.770004,196.690002,10951400.000000,1038.637451,1065.000000,214.925766,505.932251,17.930000,32.800999
2025-01-03,204.230698,208.610001,208.800003,203.699997,10261900.000000,1048.389893,1075.000000,220.526382,514.211975,16.129999,32.869801
2025-01-06,215.391357,220.009995,222.199997,215.690002,24339900.000000,1097.152100,1125.000000,226.910141,520.121826,16.040001,32.912300
2025-01-07,206.981689,211.419998,221.479996,211.320007,17010000.000000,1102.028320,1130.000000,223.817383,510.840607,17.820000,32.735802
2025-01-08,202.771957,207.119995,210.300003,205.919998,13262700.000000,1077.647217,1105.000000,221.587036,510.929810,17.700001,32.724499
2025-01-10,203.995728,208.369995,209.979996,203.229996,17265200.000000,1072.771118,1100.000000,216.293671,502.917938,19.540001,32.831001
2025-01-13,197.132889,201.360001,203.589996,200.050003,16612400.000000,1048.389893,1075.000000,215.629562,501.301605,19.190001,33.096298
2025-01-14,197.220978,201.449997,206.259995,198.500000,14182900.000000,1063.018677,1090.000000,217.047058,500.825714,18.709999,33.054501
2025-01-15,202.458679,206.800003,209.039993,199.350006,18286500.000000,1038.637451,1065.000000,221.259918,512.347778,16.120001,32.952400
2025-01-16,210.280945,214.789993,221.949997,213.169998,38539600.000000,1077.647217,1105.000000,221.587036,508.758301,16.600000,32.796001
2025-01-17,207.060013,211.500000,215.679993,211.059998,21606100.000000,1092.275879,1120.000000,227.732895,517.345337,15.970000,32.842999
2025-01-21,214.108871,218.699997,220.149994,212.050003,19061300.000000,1092.275879,1120.000000,230.419205,520.379517,15.060000,32.316002
2025-01-22,218.514389,223.199997,225.429993,219.309998,17294500.000000,1106.904663,1135.000000,233.749832,527.033081,15.100000,32.584000
2025-01-23,219.904587,224.619995,224.699997,219.410004,8986800.000000,1106.904663,1135.000000,233.313690,528.153564,15.020000,32.581001
2025-01-24,217.222107,221.880005,226.399994,220.960007,13183800.000000,1106.904663,1135.000000,228.625015,525.168884,14.850000,32.640400
2025-01-27,188.272858,192.309998,207.000000,187.669998,68667500.000000,1106.904663,1135.000000,210.693054,509.878845,17.900000,32.733299
2025-01-28,198.151031,202.399994,202.839996,192.460007,31738800.000000,1106.904663,1135.000000,211.634750,517.414734,16.410000,32.906300
2025-01-29,198.082520,202.330002,206.449997,199.750000,15199500.000000,1106.904663,1135.000000,212.507080,516.442993,16.559999,32.865101
2025-01-30,203.780350,208.149994,209.619995,205.419998,13539000.000000,1106.904663,1135.000000,216.828995,518.644287,15.840000,32.713001
2025-01-31,204.925766,209.320007,215.000000,208.199997,15746900.000000,1106.904663,1135.000000,216.224289,517.890686,16.430000,32.938499
2025-02-03,195.605637,199.800003,204.990005,197.979996,17719800.000000,1043.513794,1070.000000,212.328629,513.745972,18.620001,32.827999
2025-02-04,199.766388,204.050003,205.750000,202.080002,12692900.000000,1067.894897,1095.000000,214.509415,520.052307,17.209999,32.987000
2025-02-05,204.191528,208.570007,210.479996,203.830002,10997800.000000,1082.523315,1110.000000,218.662796,522.412231,15.770000,32.891602
2025-02-06,206.080994,210.500000,211.179993,207.000000,8491400.000000,1087.399658,1115.000000,218.375336,525.139221,15.500000,32.821800
2025-02-07,201.792953,206.119995,213.179993,205.720001,11616200.000000,1097.152100,1125.000000,214.975311,518.515442,16.540001,32.796001
2025-02-10,203.584534,207.949997,209.979996,206.529999,9296500.000000,1077.647217,1105.000000,217.780579,524.792114,15.810000,32.827900
2025-02-11,204.357971,208.740005,209.839996,201.000000,9224500.000000,1082.523315,1110.000000,217.978821,523.542664,16.020000,32.865398
2025-02-12,202.047485,206.380005,207.070007,203.009995,7373700.000000,1072.771118,1100.000000,218.216721,523.850037,15.890000,32.803299
2025-02-13,197.593018,201.830002,202.300003,199.229996,15580900.000000,1063.018677,1090.000000,220.893143,531.386108,15.100000,32.855801
2025-02-14,199.619537,203.899994,206.250000,197.460007,23220300.000000,1033.761108,1060.000000,221.121140,533.617126,14.770000,32.615299
2025-02-18,198.483932,202.740005,205.850006,200.520004,14988100.000000,1072.771118,1100.000000,224.778915,534.826782,15.350000,32.706600
2025-02-19,196.731476,200.949997,202.600006,200.020004,13163100.000000,1063.018677,1090.000000,228.515991,534.975525,15.270000,32.721298
2025-02-20,195.899338,200.100006,200.339996,197.610001,10639300.000000,1053.266113,1080.000000,229.051270,532.704834,15.660000,32.746201
2025-02-21,194.078400,198.240005,202.690002,196.009995,13757300.000000,1067.894897,1095.000000,222.023193,521.648804,18.209999,32.693298
2025-02-24,187.626724,191.649994,198.789993,191.460007,15114300.000000,1048.389893,1075.000000,216.809143,515.491028,18.980000,32.772999
2025-02-25,185.394577,189.369995,193.529999,187.470001,20581000.000000,1028.884888,1055.000000,212.338562,508.996246,19.430000,32.699699
2025-02-26,190.534378,194.619995,196.080002,191.089996,14112300.000000,1033.761108,1060.000000,216.035965,510.225830,19.100000,32.778301
2025-02-27,177.288391,181.089996,194.770004,181.080002,24219200.000000,1014.256226,1040.000000,203.456833,496.056183,21.129999,32.750301
2025-02-28,176.740158,180.529999,182.160004,175.520004,27929400.000000,1014.256226,1040.000000,206.698257,503.889679,19.629999,32.901699
2025-03-03,169.338867,172.970001,181.570007,171.070007,37403000.000000,994.751404,1020.000000,199.392639,492.863312,22.780001,32.904999
2025-03-04,176.221283,180.000000,183.600006,174.179993,29395200.000000,975.246399,1000.000000,200.502869,491.375946,23.510000,32.888901
2025-03-05,180.411453,184.279999,184.740005,180.720001,17334000.000000,994.751404,1020.000000,204.824783,497.781555,21.930000,32.794800
2025-03-06,172.158401,175.850006,181.550003,175.789993,17864300.000000,980.122620,1005.000000,196.309799,484.087891,24.870001,32.801102
2025-03-07,173.382187,177.100006,178.470001,171.020004,21012700.000000,980.122620,1005.000000,202.069077,487.647614,23.370001,32.857899
2025-03-10,167.067551,170.649994,174.889999,167.910004,18265100.000000,973.295959,998.000000,192.721436,468.748169,27.860001,32.827000
2025-03-11,167.380875,170.970001,173.330002,168.100006,16561100.000000,946.964294,971.000000,190.441544,467.627747,26.920000,32.866600
2025-03-12,173.450684,177.169998,178.130005,174.759995,14737600.000000,963.543518,988.000000,194.366928,472.902893,24.230000,32.868801
2025-03-13,167.987839,171.589996,173.889999,170.500000,14381600.000000,941.112793,965.000000,193.395523,464.395172,24.660000,32.906300
2025-03-14,170.435364,174.089996,174.369995,171.929993,11449400.000000,935.261292,959.000000,199.362900,475.619781,21.770000,32.968399
2025-03-17,172.540207,176.240005,177.160004,173.820007,9678100.000000,945.988953,970.000000,202.653931,478.703613,20.510000,32.925999
2025-03-18,170.155914,173.130005,174.580002,170.429993,9986000.000000,951.377930,971.000000,199.965149,470.542908,21.700001,32.956402
2025-03-19,170.775070,173.759995,175.729996,171.740005,10678500.000000,932.761902,952.000000,201.592880,476.839447,19.900000,32.979198
2025-03-20,174.421356,177.470001,178.669998,174.550003,12209700.000000,965.095093,985.000000,199.985001,475.223175,19.799999,33.003300
2025-03-21,173.694046,176.729996,177.199997,173.789993,9993200.000000,952.357727,972.000000,197.890747,476.789825,19.280001,32.987301
2025-03-24,178.047958,181.160004,182.929993,179.679993,11440000.000000,952.357727,972.000000,203.766541,487.252686,17.480000,32.974998
2025-03-25,177.792419,180.899994,182.509995,179.800003,8718800.000000,969.993958,990.000000,202.664841,490.033234,17.150000,33.011299
2025-03-26,170.519562,173.500000,179.550003,171.470001,14612400.000000,960.196045,980.000000,196.987534,481.016296,18.330000,33.045300
2025-03-27,165.349899,168.240005,171.610001,167.550003,17559100.000000,938.640625,958.000000,193.106735,478.275482,18.690001,33.088501
2025-03-28,162.411270,165.250000,168.630005,164.059998,16332000.000000,932.761902,952.000000,187.270645,465.683502,21.650000,33.111401
2025-03-31,163.148392,166.000000,166.130005,159.729996,19408300.000000,891.610657,910.000000,186.764481,465.663666,22.280001,33.185799
2025-04-01,165.743027,168.639999,168.869995,165.059998,9180000.000000,924.923584,944.000000,186.863770,469.417389,21.770000,33.239101
2025-04-02,167.462967,170.389999,171.750000,166.350006,10072700.000000,922.963989,942.000000,188.064697,472.843414,21.510000,33.203499
2025-04-03,154.676453,157.380005,161.800003,157.210007,28370500.000000,922.963989,942.000000,169.087524,447.530426,30.020000,33.262501
2025-04-04,144.278198,146.800003,151.309998,144.839996,36085100.000000,922.963989,942.000000,156.452606,419.734802,45.310001,33.031101
2025-04-07,143.659027,146.169998,153.750000,134.250000,46388300.000000,830.863403,848.000000,160.065414,420.747742,46.980000,33.162498
2025-04-08,138.941498,141.369995,152.610001,138.979996,30479700.000000,799.510254,816.000000,153.703308,413.170746,52.330002,32.980099
2025-04-09,156.022919,158.750000,160.619995,137.899994,45612500.000000,769.136597,785.000000,182.248444,462.763916,33.619999,33.080700
2025-04-10,148.533844,151.130005,156.000000,146.910004,24503500.000000,845.560425,863.000000,167.350586,443.081543,40.720001,32.588100
2025-04-11,154.381622,157.080002,158.009995,153.250000,19632200.000000,871.034912,889.000000,170.973328,451.244476,37.560001,32.786301
2025-04-14,153.162918,155.839996,158.589996,154.029999,17509400.000000,847.519958,865.000000,172.104813,454.303131,30.889999,32.362000
2025-04-15,154.627335,157.330002,158.250000,156.050003,14306600.000000,859.277588,877.000000,172.809509,454.809570,30.120001,32.356800
2025-04-16,149.064560,151.669998,153.539993,148.490005,23806100.000000,837.722107,855.000000,166.139709,441.095459,32.639999,32.504002
2025-04-17,149.133362,151.740005,157.500000,151.449997,27239900.000000,829.883667,847.000000,165.305954,441.016022,29.650000,32.378799
2025-04-21,145.319992,147.860001,150.279999,145.839996,15170500.000000,818.126221,835.000000,162.417709,430.102325,33.820000,32.378799
2025-04-22,148.799179,151.399994,152.600006,147.440002,12668600.000000,799.510254,816.000000,165.573959,441.393372,30.570000,32.440601
2025-04-23,155.099075,157.809998,160.380005,156.000000,17667900.000000,855.358337,873.000000,171.777283,451.403351,28.450001,32.573601
2025-04-24,161.359650,164.179993,164.550003,157.389999,18761100.000000,846.540222,864.000000,181.662888,464.104523,26.469999,32.532799
2025-04-25,162.263855,165.100006,165.910004,161.160004,14654800.000000,870.055237,888.000000,183.429581,469.278351,24.840000,32.435600
2025-04-28,160.593048,163.399994,165.320007,160.500000,11415600.000000,878.873352,897.000000,183.102051,469.129395,25.150000,32.519001
2025-04-29,161.654495,164.479996,166.000000,163.500000,9830100.000000,883.772339,902.000000,181.146759,472.227753,24.170000,32.425900
2025-04-30,163.826538,166.690002,166.919998,161.750000,10073000.000000,889.651001,908.000000,182.466827,472.168152,24.700001,32.321701
2025-05-01,169.752945,172.720001,174.779999,170.949997,22670600.000000,889.651001,908.000000,182.218689,478.334991,24.600000,32.032001
2025-05-02,176.200241,179.279999,180.649994,177.139999,21691200.000000,930.802246,950.000000,188.610596,485.435364,22.680000,32.111599
2025-05-05,173.369736,176.399994,180.080002,176.250000,14618900.000000,919.044800,938.000000,187.161514,482.555511,23.639999,30.704300
2025-05-06,169.320496,172.279999,174.740005,170.589996,14565600.000000,901.408569,920.000000,185.374924,478.066925,24.760000,29.160000
2025-05-07,171.541656,174.539993,175.979996,171.369995,9682500.000000,909.246887,928.000000,188.620499,479.943787,23.549999,29.977600
2025-05-08,172.210007,175.220001,177.449997,173.660004,10343000.000000,899.448914,918.000000,190.307831,484.899170,22.480000,30.390699
2025-05-09,173.487656,176.520004,180.460007,176.470001,11582800.000000,929.822510,949.000000,192.491379,484.581390,21.900000,30.268999
2025-05-12,183.767975,186.979996,189.169998,184.610001,22064900.000000,937.660767,957.000000,206.317337,504.323273,18.389999,30.246401
2025-05-13,190.657547,193.990005,194.279999,187.720001,19996000.000000,949.418396,969.000000,212.163330,512.009583,18.219999,30.393101
2025-05-14,191.414337,194.759995,196.220001,193.229996,12359000.000000,978.812134,999.000000,213.185654,515.078125,18.620001,30.424999
2025-05-15,190.883591,194.220001,194.490005,191.630005,10241800.000000,972.933289,993.000000,211.815948,515.644165,17.830000,30.339701
2025-05-16,190.883591,194.220001,195.080002,192.570007,9146700.000000,977.832275,998.000000,211.538055,517.888428,17.240000,30.167000
2025-05-19,190.175980,193.500000,193.500000,188.809998,10144400.000000,964.115173,984.000000,210.267624,518.385010,18.139999,30.202600
2025-05-20,190.126831,193.449997,193.729996,190.809998,7054100.000000,958.236572,978.000000,209.959946,516.657104,18.090000,30.145800
2025-05-21,188.465866,191.759995,195.270004,190.529999,7375700.000000,969.993958,990.000000,206.118805,509.477295,20.870001,30.146299
2025-05-22,192.819778,196.190002,196.830002,191.339996,11825000.000000,962.155640,982.000000,204.213165,510.430603,20.280001,30.022100
2025-05-23,188.682083,191.979996,192.800003,190.029999,9403100.000000,964.115173,984.000000,201.046982,505.703674,22.290001,30.046900
2025-05-27,194.284149,197.679993,198.309998,193.699997,12228200.000000,945.499146,965.000000,207.726715,517.600464,18.959999,29.915001
2025-05-28,192.770615,196.139999,198.070007,195.479996,17787600.000000,947.458740,967.000000,206.684586,515.306458,19.309999,29.964800
2025-05-29,193.763275,197.149994,199.800003,196.080002,14609900.000000,947.458740,967.000000,207.528229,516.319397,19.180000,29.950001
2025-05-30,189.999069,193.320007,195.910004,190.559998,11998300.000000,947.458740,967.000000,203.409210,515.505127,18.570000,29.850100
2025-06-02,191.492950,194.839996,195.160004,192.199997,7447400.000000,926.883118,946.000000,206.476151,519.576599,18.360001,29.871000
2025-06-03,194.215378,197.610001,198.169998,193.639999,9548300.000000,930.802246,950.000000,212.024384,523.638184,17.690001,29.987301
2025-06-04,198.923065,202.399994,204.029999,200.380005,13531100.000000,969.993958,990.000000,215.180634,525.098083,17.610001,29.965900
2025-06-05,199.846939,203.339996,205.759995,202.279999,12214300.000000,977.832275,998.000000,214.277435,521.145630,18.480000,29.941999
2025-06-06,201.655319,205.179993,206.289993,203.229996,8532000.000000,974.892944,995.000000,215.716614,526.239990,16.770000,29.945299
2025-06-09,203.444077,207.000000,209.270004,205.869995,11472300.000000,984.690857,1005.000000,220.798370,527.014648,17.160000,29.917700
2025-06-10,208.810272,212.460007,213.229996,209.960007,14514000.000000,1023.882446,1045.000000,225.622055,530.500305,16.950001,29.913799
2025-06-11,210.422104,214.100006,217.429993,212.949997,13326400.000000,1043.478516,1065.000000,224.867737,528.712708,17.260000,29.888901
2025-06-12,212.503448,215.429993,215.880005,211.910004,9796100.000000,1028.227173,1045.000000,225.175400,529.954102,18.020000,29.807501
2025-06-13,208.232269,211.100006,213.259995,209.399994,10152500.000000,1013.467834,1030.000000,219.309570,523.300720,20.820000,29.525200
2025-06-16,212.750061,215.679993,217.600006,212.729996,10932900.000000,1008.548218,1025.000000,226.235703,530.579712,19.110001,29.504999
2025-06-17,210.994217,213.899994,215.940002,213.500000,8389700.000000,1028.227173,1045.000000,224.445236,525.405884,21.600000,29.004999
2025-06-18,210.599655,213.500000,215.169998,212.889999,6932000.000000,1038.066650,1055.000000,225.360367,525.316467,20.139999,29.647100
2025-06-20,206.663849,209.509995,215.500000,208.149994,16992000.000000,1038.066650,1055.000000,223.918030,523.171570,20.620001,29.571301
2025-06-23,207.462860,210.320007,210.589996,206.199997,7535500.000000,1003.628479,1020.000000,225.310623,528.551025,19.830000,29.533001
2025-06-24,217.100113,220.089996,220.369995,213.880005,14814700.000000,1033.146973,1050.000000,233.855164,536.633545,17.480000,29.673901
2025-06-25,219.714157,222.740005,223.500000,220.800003,9168400.000000,1052.825928,1070.000000,235.953979,538.005493,16.760000,29.458099
2025-06-26,220.966873,224.009995,225.220001,222.699997,7982200.000000,1057.745728,1075.000000,237.804138,543.036011,16.590000,29.341900
2025-06-27,225.464951,228.570007,228.880005,224.029999,13133000.000000,1062.665283,1080.000000,237.595215,544.895142,16.320000,28.819000
2025-06-30,223.413193,226.490005,228.149994,224.800003,9279800.000000,1042.986450,1060.000000,237.436081,548.424438,16.730000,29.094999
2025-07-01,221.627777,224.679993,228.600006,221.179993,9990200.000000,1067.585083,1085.000000,236.361786,543.801575,16.830000,29.206600
2025-07-02,230.426605,233.600006,233.820007,224.000000,12012500.000000,1067.585083,1085.000000,240.857864,547.589355,16.639999,29.225901
2025-07-03,231.610306,234.800003,237.580002,233.270004,7779600.000000,1072.505005,1090.000000,242.051514,552.977783,16.379999,28.968100
2025-07-07,226.056778,229.169998,232.550003,227.440002,13817500.000000,1062.665283,1080.000000,237.515656,548.812195,17.790001,28.900999
2025-07-08,224.764603,227.860001,230.330002,227.539993,8854400.000000,1062.665283,1080.000000,242.051514,549.120422,16.809999,29.068300
2025-07-09,228.690506,231.839996,233.270004,230.240005,9475300.000000,1072.505005,1090.000000,242.827362,553.007507,15.940000,29.107100
2025-07-10,226.638763,229.759995,233.050003,227.770004,13124700.000000,1082.344238,1100.000000,245.244522,552.212280,15.780000,29.205601
2025-07-11,227.270081,230.399994,232.270004,229.399994,8817800.000000,1082.344238,1100.000000,244.866531,550.969543,16.400000,29.243000
2025-07-14,225.563583,228.669998,229.850006,226.309998,10673500.000000,1077.424805,1095.000000,242.538925,552.967834,17.200001,29.212999
2025-07-15,233.731094,236.949997,237.710007,233.850006,14270100.000000,1092.183838,1110.000000,244.956039,553.474854,17.379999,29.346100
2025-07-16,234.332794,237.559998,238.309998,234.149994,15092800.000000,1111.862915,1130.000000,244.289597,554.041565,17.160000,29.388100
2025-07-17,242.263596,245.600006,248.279999,241.389999,27395700.000000,1111.862915,1130.000000,245.224609,558.525269,16.520000,29.400999
2025-07-18,237.134232,240.399994,245.970001,238.690002,16252000.000000,1136.461426,1155.000000,245.423553,557.988342,16.410000,29.403200
2025-07-21,235.605301,238.850006,242.339996,238.710007,11971800.000000,1131.541870,1150.000000,245.642395,560.881409,16.650000,29.378000
2025-07-22,231.413040,234.600006,238.000000,231.759995,11919500.000000,1111.862915,1130.000000,242.250458,557.978455,16.500000,29.333599
2025-07-23,237.065170,240.330002,240.500000,236.380005,9885400.000000,1126.622192,1145.000000,240.778290,560.523560,15.370000,29.399000
2025-07-24,238.317932,241.600006,241.949997,238.029999,9081900.000000,1126.622192,1145.000000,240.280945,561.716553,15.390000,29.234200
2025-07-25,242.263596,245.600006,246.240005,240.940002,11593400.000000,1126.622192,1145.000000,240.261032,563.068604,14.930000,29.391001
2025-07-28,239.452301,242.750000,243.949997,241.050003,11892200.000000,1126.622192,1145.000000,244.448761,564.828247,15.030000,29.472000
2025-07-29,238.051575,241.330002,243.970001,239.820007,9411500.000000,1116.782593,1135.000000,244.886429,563.953369,15.980000,29.657000
2025-07-30,239.610123,242.910004,244.570007,241.220001,6823800.000000,1136.461426,1155.000000,246.637085,564.708984,15.480000,29.689501
2025-07-31,238.337646,241.619995,247.410004,239.800003,13490700.000000,1141.381348,1160.000000,238.759033,561.716553,16.719999,29.827999
2025-08-01,232.014755,235.210007,237.190002,231.839996,13549800.000000,1141.381348,1160.000000,235.983841,550.651428,20.379999,29.906000
2025-08-04,235.753235,239.000000,239.000000,236.389999,6450700.000000,1116.782593,1135.000000,239.127060,560.811890,17.520000,29.815001
2025-08-05,229.311966,232.470001,238.630005,230.169998,11868900.000000,1131.541870,1150.000000,237.465927,557.004150,17.850000,29.884100
2025-08-06,228.226898,231.369995,232.199997,228.820007,9457200.000000,1106.942993,1125.000000,235.675430,564.013062,16.770000,29.937401
2025-08-07,239.324066,242.619995,247.839996,240.800003,17691000.000000,1161.060303,1180.000000,239.564758,565.921875,16.570000,29.914700
2025-08-08,238.544800,241.830002,243.160004,238.970001,10552500.000000,1156.140503,1175.000000,241.584000,571.200867,15.150000,29.808100
2025-08-11,238.801270,242.089996,245.350006,241.539993,8272900.000000,1161.060303,1180.000000,241.126434,569.510803,16.250000,29.851000
2025-08-12,240.971375,244.289993,244.770004,241.699997,7295800.000000,1161.060303,1180.000000,248.835388,576.668823,14.730000,29.948000
2025-08-13,238.160095,241.440002,246.429993,239.940002,7971900.000000,1180.739258,1200.000000,252.535706,576.957153,14.490000,29.878099
2025-08-14,237.726089,241.000000,241.380005,236.820007,11040500.000000,1156.140503,1175.000000,252.794327,576.509766,14.830000,29.939699
2025-08-15,235.634857,238.880005,240.800003,237.259995,8155500.000000,1161.060303,1180.000000,247.005157,573.974670,15.090000,30.079000
2025-08-18,238.130508,241.410004,242.860001,239.990005,6919800.000000,1161.060303,1180.000000,247.731293,573.745911,14.990000,29.989000
2025-08-19,229.538834,232.699997,240.169998,232.580002,14594700.000000,1165.980225,1185.000000,243.851898,565.961731,15.570000,30.025101
2025-08-20,225.494537,228.600006,229.029999,223.699997,17165200.000000,1116.782593,1135.000000,242.449402,562.601318,15.690000,30.107300
2025-08-21,224.241791,227.330002,230.330002,226.259995,7449100.000000,1131.541870,1150.000000,241.076706,559.996643,16.600000,30.280100
2025-08-22,229.824875,232.990005,234.449997,226.169998,10299500.000000,1116.782593,1135.000000,247.771057,568.635925,14.220000,30.516001
2025-08-25,232.389572,235.589996,237.279999,232.250000,7655000.000000,1151.220825,1170.000000,247.194138,566.995544,14.790000,30.367300
2025-08-26,235.477051,238.720001,238.830002,235.729996,9793100.000000,1156.140503,1175.000000,249.521744,569.272217,14.620000,30.444000
2025-08-27,236.039291,239.289993,239.399994,235.440002,9516400.000000,1170.899902,1190.000000,250.009155,570.147095,14.850000,30.546600
2025-08-28,235.033142,238.270004,240.660004,236.000000,8466200.000000,1141.381348,1160.000000,251.212738,573.716187,14.430000,30.575001
2025-08-29,227.733688,230.869995,235.949997,230.580002,15526000.000000,1141.381348,1160.000000,244.021027,567.075195,15.360000,30.492800
2025-09-02,225.287384,228.389999,229.339996,225.630005,13974900.000000,1141.381348,1160.000000,241.544205,562.322937,17.170000,30.625299
2025-09-03,228.246613,231.389999,232.449997,228.600006,7198500.000000,1141.381348,1160.000000,240.400299,566.747009,16.350000,30.743999
2025-09-04,232.014755,235.210007,235.309998,230.300003,6241900.000000,1141.381348,1160.000000,242.877106,571.876892,15.300000,30.722000
2025-09-05,240.103333,243.410004,244.550003,237.899994,14056600.000000,1161.060303,1180.000000,245.741852,572.702087,15.180000,30.694000
2025-09-08,243.832001,247.190002,247.880005,241.619995,12986600.000000,1161.060303,1180.000000,247.532333,575.495728,15.110000,30.479000
2025-09-09,247.511322,250.919998,254.729996,246.929993,13443400.000000,1180.739258,1200.000000,247.741226,577.126160,15.040000,30.331100
2025-09-10,256.901978,260.440002,264.579987,257.750000,18822400.000000,1205.338013,1225.000000,252.107971,577.315002,15.350000,30.351601
2025-09-11,255.392776,258.910004,261.640015,258.230011,10005000.000000,1220.097534,1240.000000,253.838776,580.675354,14.710000,30.236799
2025-09-12,255.807053,259.329987,260.950012,258.380005,8496600.000000,1239.776367,1260.000000,254.286377,583.240295,14.760000,30.290001
2025-09-15,257.829224,261.380005,262.799988,258.750000,8147700.000000,1234.856567,1255.000000,256.434998,588.231018,15.690000,30.284901
2025-09-16,259.315460,262.059998,266.440002,260.609985,10381900.000000,1264.493164,1280.000000,257.751678,587.733887,16.360001,30.194099
2025-09-17,260.037842,262.790009,264.809998,259.730011,10422000.000000,1249.674927,1265.000000,257.701874,586.560852,15.720000,30.047199
2025-09-18,265.826599,268.640015,270.540009,257.980011,16917300.000000,1269.432617,1285.000000,266.712921,591.849915,15.700000,30.086399
2025-09-19,262.096069,264.869995,266.570007,262.809998,17640200.000000,1249.674927,1265.000000,265.008331,595.856323,15.450000,30.110500
2025-09-22,269.774780,272.630005,276.359985,265.450012,15630300.000000,1279.311401,1295.000000,268.965668,599.383789,16.100000,30.216000
2025-09-23,279.749237,282.709991,286.000000,280.000000,17830300.000000,1323.766235,1340.000000,268.646667,595.402527,16.639999,30.217699
2025-09-24,277.770142,280.709991,281.209991,276.720001,10231000.000000,1323.766235,1340.000000,268.238007,593.312378,16.180000,30.274000
2025-09-25,273.762573,276.660004,277.140015,270.190002,11863400.000000,1304.008545,1320.000000,267.380768,590.754395,16.740000,30.364100
2025-09-26,270.497101,273.359985,275.500000,270.619995,10451900.000000,1284.250732,1300.000000,267.968872,593.182861,15.290000,30.561501
2025-09-29,270.368530,273.230011,279.869995,273.230011,8046200.000000,1284.250732,1300.000000,268.068542,595.929993,16.120001,30.444000
2025-09-30,276.365082,279.290009,279.489990,273.829987,8348800.000000,1289.190308,1305.000000,270.251526,597.562378,16.280001,30.458200
2025-10-01,285.448883,288.470001,290.480011,277.170013,14620100.000000,1308.947998,1325.000000,275.454803,600.428833,16.290001,30.442101
2025-10-02,285.092651,288.109985,296.720001,287.029999,10198000.000000,1348.463501,1365.000000,280.787689,602.897217,16.629999,30.447001
2025-10-03,289.129944,292.190002,296.059998,290.489990,10572500.000000,1383.039429,1400.000000,279.063232,600.359253,16.650000,30.463800
2025-10-06,299.233032,302.399994,307.299988,299.940002,15785000.000000,1383.039429,1400.000000,287.436279,604.868042,16.370001,30.420000
2025-10-07,290.950653,294.029999,307.100006,293.279999,13081000.000000,1417.615356,1435.000000,281.006989,601.682983,17.240000,30.510500
2025-10-08,301.330811,304.519989,306.399994,293.980011,12821200.000000,1397.857788,1415.000000,290.606140,608.580505,16.299999,30.536699
2025-10-09,296.739441,299.880005,302.829987,297.420013,10259900.000000,1422.554932,1440.000000,289.260468,607.844116,16.430000,30.525000
2025-10-10,277.720703,280.660004,300.200012,280.329987,23398000.000000,1422.554932,1440.000000,271.118774,586.743164,21.660000,30.583300
2025-10-13,299.717926,302.890015,304.630005,292.320007,20318300.000000,1397.857788,1415.000000,283.957458,599.194702,19.030001,30.665001
2025-10-14,292.840668,295.940002,301.750000,291.339996,16567900.000000,1407.736450,1425.000000,278.136169,595.203430,20.809999,30.691000
2025-10-15,301.518829,304.709991,306.609985,300.070007,20788000.000000,1447.251831,1465.000000,286.718628,599.403687,20.639999,30.683901
2025-10-16,296.699829,299.839996,311.369995,296.690002,26341500.000000,1467.009644,1485.000000,288.054352,597.184143,25.309999,30.609800
2025-10-17,291.989655,295.079987,303.299988,294.920013,17633300.000000,1432.433594,1450.000000,287.246918,601.105652,20.780001,30.611900
2025-10-20,294.582275,297.700012,303.649994,297.059998,13391600.000000,1462.070190,1480.000000,292.031555,608.680115,18.230000,30.621901
2025-10-21,291.425690,294.510010,299.369995,293.660004,11190500.000000,1462.070190,1480.000000,290.396790,608.520874,17.870001,30.597300
2025-10-22,285.854614,288.880005,295.200012,284.399994,15409100.000000,1442.312622,1460.000000,283.219879,602.658386,18.600000,30.677299
2025-10-23,287.685242,290.730011,294.089996,289.630005,10379900.000000,1432.433594,1450.000000,290.127655,607.724609,17.299999,30.745100
2025-10-24,291.870911,294.959991,297.950012,294.390015,8747000.000000,1432.433594,1450.000000,294.912292,614.214050,16.370001,30.775000
2025-10-27,295.126465,298.250000,300.480011,293.690002,13615000.000000,1462.070190,1480.000000,303.105957,625.152832,15.790000,30.833300
2025-10-28,298.372131,301.529999,302.130005,296.079987,11804200.000000,1457.130737,1475.000000,303.474762,629.960083,16.420000,30.601101
2025-10-29,301.894836,305.089996,307.959991,302.380005,16177300.000000,1486.767334,1505.000000,308.608276,632.796814,16.920000,30.543100
2025-10-30,300.044434,303.220001,307.309998,300.820007,14507100.000000,1486.767334,1505.000000,304.431702,623.122192,16.910000,30.665199
2025-10-31,297.283661,300.429993,307.679993,296.679993,12667900.000000,1481.827881,1500.000000,305.568024,626.128174,17.440001,30.730700
2025-11-03,301.667236,304.859985,310.119995,302.119995,12466600.000000,1491.706909,1510.000000,307.392181,629.124084,17.170000,30.781799
2025-11-04,290.970459,294.049988,301.989990,293.510010,16224300.000000,1486.767334,1505.000000,295.311005,616.354004,19.000000,30.903099
2025-11-05,290.564728,293.640015,298.220001,291.500000,10502500.000000,1442.312622,1460.000000,304.491516,620.365295,18.010000,30.919001
2025-11-06,286.210846,289.239990,294.640015,287.380005,11516900.000000,1447.251831,1465.000000,296.547028,608.809509,19.500000,30.892900
2025-11-07,283.499512,286.500000,287.890015,277.130005,15715700.000000,1442.312622,1460.000000,293.437042,606.888489,19.080000,30.978800
2025-11-10,292.177704,295.269989,297.130005,291.750000,10869200.000000,1457.130737,1475.000000,301.032654,620.315430,17.600000,30.966801
2025-11-11,288.120605,291.170013,294.920013,288.910004,9666300.000000,1447.251831,1465.000000,294.204590,618.663269,17.280001,30.966801
2025-11-12,287.576416,290.619995,294.869995,289.579987,9715900.000000,1457.130737,1475.000000,298.710083,618.175476,17.510000,30.964300
2025-11-13,279.244568,282.200012,289.500000,280.000000,13827600.000000,1442.312622,1460.000000,288.453033,605.554810,20.000000,31.064100
2025-11-14,281.837189,284.820007,286.859985,273.230011,11486800.000000,1412.675903,1430.000000,287.595825,606.012695,19.830000,31.124901
2025-11-17,279.056580,282.010010,286.529999,279.799988,10227100.000000,1427.494141,1445.000000,282.651672,600.836975,22.379999,30.554501
2025-11-18,274.999512,277.910004,280.190002,272.720001,11850400.000000,1387.978882,1405.000000,276.092773,593.521301,24.690001,31.174999
2025-11-19,279.412811,282.369995,284.549988,276.320007,11179200.000000,1378.099854,1395.000000,280.707916,597.064636,23.660000,31.103201
2025-11-20,274.593781,277.500000,292.850006,276.410004,15747300.000000,1437.373169,1455.000000,267.241211,582.931091,26.420000,31.183001
2025-11-21,272.179352,275.059998,278.690002,266.820007,20872800.000000,1368.221191,1385.000000,269.962433,587.310486,23.430000,31.352100
2025-11-24,281.658997,284.640015,285.059998,273.190002,13570300.000000,1358.342285,1375.000000,281.794434,602.329895,20.520000,31.338600
2025-11-25,281.698608,284.679993,285.399994,273.079987,13726800.000000,1397.857788,1415.000000,282.671631,606.042542,18.559999,31.426100
2025-11-26,286.923279,289.959991,292.809998,287.730011,12220300.000000,1422.554932,1440.000000,290.456604,611.397400,17.190001,31.388100
2025-11-28,288.457062,291.510010,292.670013,289.000000,5515400.000000,1422.554932,1440.000000,295.789490,616.354004,16.350000,31.314699
2025-12-01,284.667206,287.679993,291.160004,283.190002,7713000.000000,1392.918213,1410.000000,295.968903,614.283752,17.240000,31.376900
2025-12-02,289.030975,292.089996,294.500000,289.179993,10746400.000000,1412.675903,1430.000000,301.869934,619.091125,16.590000,31.396000
2025-12-03,292.355835,295.450012,296.619995,286.070007,9599200.000000,1432.433594,1450.000000,308.369049,620.604126,16.080000,31.402000
2025-12-04,289.862213,292.929993,294.029999,290.200012,6753000.000000,1427.494141,1445.000000,305.298920,620.026794,15.780000,31.314699
2025-12-05,291.633453,294.720001,300.799988,293.250000,10275300.000000,1442.312622,1460.000000,308.408936,622.554871,15.410000,31.365000
2025-12-08,298.708527,301.869995,302.619995,296.720001,16643100.000000,1476.888550,1495.000000,311.758179,621.360596,16.660000,31.274000
2025-12-09,300.232422,303.410004,304.679993,298.500000,11349100.000000,1462.070190,1480.000000,311.180023,622.126831,16.930000,31.164700
2025-12-10,306.891968,310.140015,313.980011,302.500000,12429200.000000,1486.767334,1505.000000,315.316711,624.674988,15.770000,31.150999
2025-12-11,302.471741,304.850006,305.839996,299.640015,15028400.000000,1457.031982,1470.000000,313.512512,622.654480,14.850000,31.077000
2025-12-12,289.761658,292.040009,304.279999,290.980011,19306100.000000,1466.943848,1480.000000,298.520660,610.750366,15.740000,31.180099
2025-12-15,285.495178,287.739990,295.799988,287.549988,12082400.000000,1437.208374,1450.000000,297.055420,607.684753,16.500000,31.320101
2025-12-16,284.631989,286.869995,288.459991,283.320007,11418400.000000,1422.340698,1435.000000,295.683807,608.889160,16.480000,31.328699
2025-12-17,274.799286,276.959991,289.100006,275.079987,16823000.000000,1417.384888,1430.000000,284.732941,597.602112,17.620001,31.469000
2025-12-18,282.459076,284.679993,287.160004,281.750000,11260300.000000,1417.384888,1430.000000,291.531067,606.261414,16.870001,31.632099
2025-12-19,286.695740,288.950012,292.170013,286.380005,12735800.000000,1417.384888,1430.000000,299.287506,614.164368,14.910000,31.514099
2025-12-22,290.992004,293.279999,295.010010,291.209991,6091100.000000,1452.075928,1465.000000,303.310486,617.108337,14.080000,31.503901
2025-12-23,294.633362,296.950012,297.910004,292.200012,6802300.000000,1476.855469,1490.000000,304.428528,619.998413,14.000000,31.532200
2025-12-24,296.468903,298.799988,299.160004,296.230011,2753900.000000,1481.811401,1495.000000,305.606506,621.812256,13.470000,31.489500
2025-12-26,300.477386,302.839996,303.380005,298.519989,5125900.000000,1496.679199,1510.000000,305.506653,621.772400,13.600000,31.570200
2025-12-29,298.572388,300.920013,304.500000,298.649994,6205100.000000,1516.502686,1530.000000,304.787903,618.762695,14.200000,31.379999
2025-12-30,297.242828,299.579987,304.549988,299.450012,6190600.000000,1506.590820,1520.000000,304.388641,617.327515,14.330000,31.317801
2025-12-31,301.519226,303.890015,307.390015,303.429993,8175100.000000,1536.326294,1550.000000,300.625153,612.224915,14.950000,31.243601
2026-01-02,317.116547,319.609985,321.589996,311.700012,18526900.000000,1571.017456,1585.000000,313.143311,611.039001,14.510000,31.303499
2026-01-05,319.735962,322.250000,331.250000,321.500000,17446300.000000,1655.267578,1670.000000,317.505707,615.892456,14.900000,31.358700
2026-01-06,324.875549,327.429993,333.079987,324.589996,15599600.000000,1689.958862,1705.000000,327.777771,621.303955,14.750000,31.474600
2026-01-07,316.193787,318.679993,326.299988,318.540009,11744800.000000,1660.223511,1675.000000,324.323822,621.902039,15.380000,31.492100
2026-01-08,315.529083,318.010010,324.500000,316.140015,10850800.000000,1670.135376,1685.000000,319.023041,618.363953,15.450000,31.449100
2026-01-09,321.105225,323.630005,324.769989,318.250000,12325100.000000,1665.179321,1680.000000,328.207031,624.523010,14.490000,31.544800
2026-01-12,329.181702,331.769989,333.549988,321.059998,12714800.000000,1675.091064,1690.000000,329.774292,625.041260,15.120000,31.593300
2026-01-13,328.626038,331.209991,336.420013,330.779999,11473600.000000,1694.914795,1710.000000,332.719147,624.114441,15.980000,31.569901
2026-01-14,324.558044,327.109985,329.859985,324.820007,11210800.000000,1694.914795,1710.000000,331.321594,617.447144,16.750000,31.616899
2026-01-15,338.974731,341.640015,351.329987,337.920013,42188500.000000,1675.091064,1690.000000,336.632324,619.669617,15.840000,31.510700
2026-01-16,339.728729,342.399994,349.850006,341.459991,18246100.000000,1724.650024,1740.000000,341.873199,619.151367,15.860000,31.564199
2026-01-20,324.607666,327.160004,342.149994,326.899994,22809900.000000,1759.341309,1775.000000,336.762085,605.996155,20.090000,31.549000
2026-01-21,323.575775,326.119995,333.640015,325.679993,16789800.000000,1724.650024,1740.000000,347.533264,614.188232,16.900000,31.682301
2026-01-22,324.816010,327.369995,335.049988,326.899994,12801000.000000,1744.473511,1760.000000,348.062378,618.653015,15.640000,31.639999
2026-01-23,332.257507,334.869995,337.149994,331.369995,12904400.000000,1754.385376,1770.000000,344.109283,620.606384,16.090000,31.584000
2026-01-26,330.114380,332.709991,335.100006,330.230011,8646400.000000,1739.517822,1755.000000,342.472137,623.337097,16.150000,31.370800
2026-01-27,335.700439,338.339996,341.250000,334.559998,11298100.000000,1764.297241,1780.000000,350.468170,628.987854,16.350000,31.440500
2026-01-28,339.629547,342.299988,345.500000,338.660004,12140100.000000,1803.944336,1820.000000,359.831818,631.070679,16.350000,31.110300
2026-01-29,336.901001,339.549988,343.739990,328.200012,13844800.000000,1789.076782,1805.000000,360.500641,627.293640,16.879999,31.269600
2026-01-30,327.981140,330.559998,339.899994,329.100006,12028100.000000,1759.341309,1775.000000,345.696472,619.759277,17.440001,31.361700
2026-02-02,338.696869,341.359985,344.200012,329.100006,12459100.000000,1749.429565,1765.000000,352.075378,624.014832,16.340000,31.583000
2026-02-03,333.130615,335.750000,347.049988,330.019989,12540000.000000,1784.120728,1800.000000,345.037659,614.427429,18.000000,31.577101
2026-02-04,323.198761,325.739990,338.799988,319.070007,18176000.000000,1769.253052,1785.000000,329.804230,603.693970,18.639999,31.573200
2026-02-05,328.149811,330.730011,334.570007,319.649994,14812000.000000,1749.429565,1765.000000,330.253448,595.003662,21.770000,31.657101
2026-02-06,346.128479,348.850006,349.720001,336.649994,17025500.000000,1764.297241,1780.000000,347.902649,607.580750,20.370001,31.648800
2026-02-09,352.637268,355.410004,359.600006,347.799988,14594900.000000,1798.988403,1815.000000,352.155182,612.234924,17.360001,31.575001
2026-02-10,359.086578,361.910004,364.760010,356.390015,14622100.000000,1863.415039,1880.000000,350.817535,609.394592,17.790001,31.561199
2026-02-11,371.171509,374.089996,379.579987,368.390015,18651300.000000,1898.106323,1915.000000,359.572266,611.028992,17.650000,31.478701
2026-02-12,365.228302,368.100006,380.000000,322.100006,16835400.000000,1898.106323,1915.000000,350.887451,598.601318,20.820000,31.337000
2026-02-13,363.501862,366.359985,371.109985,360.769989,10468200.000000,1898.106323,1915.000000,354.041931,599.876953,20.600000,31.416901
2026-02-17,361.358704,364.200012,366.200012,356.239990,10063800.000000,1898.106323,1915.000000,353.482910,599.259033,20.290001,31.327000
2026-02-18,359.433838,362.260010,369.390015,360.709991,7310500.000000,1898.106323,1915.000000,357.296234,603.733826,19.620001,31.375999
2026-02-19,357.578430,360.390015,362.799988,357.440002,6346500.000000,1898.106323,1915.000000,355.219879,601.421692,20.230000,31.529100
2026-02-20,367.649261,370.540009,372.200012,359.100006,9009200.000000,1898.106323,1915.000000,358.803619,606.743652,19.090000,31.579000
2026-02-23,367.153137,370.040009,373.429993,366.459991,9550200.000000,1883.238647,1900.000000,356.198151,599.368652,21.010000,31.511000
2026-02-24,382.740570,385.750000,389.179993,376.049988,13269500.000000,1947.665161,1965.000000,361.409058,605.806763,19.549999,31.434799
2026-02-25,384.705139,387.730011,390.209991,384.829987,10948400.000000,1997.223999,2015.000000,367.358704,614.586853,17.930000,31.377100
2026-02-26,373.870331,376.809998,386.470001,369.700012,14535700.000000,1977.400635,1995.000000,356.178192,607.172180,18.629999,31.269100
2026-02-27,371.657715,374.579987,376.679993,368.619995,9186600.000000,1977.400635,1995.000000,351.676086,605.228760,19.860001,31.246799
2026-03-02,366.230377,369.109985,373.100006,364.649994,12571600.000000,1957.577026,1975.000000,351.436462,606.026001,21.440001,31.375000
2026-03-03,350.375092,353.130005,355.980011,344.140015,18580200.000000,1917.929810,1935.000000,334.196564,599.538147,23.570000,31.535000
2026-03-04,354.651459,357.440002,361.089996,354.549988,12131100.000000,1848.547363,1865.000000,340.944794,608.677063,21.150000,31.733999
2026-03-05,351.099365,353.859985,359.470001,343.799988,16249800.000000,1883.238647,1900.000000,337.171387,606.843201,23.750000,31.629999
2026-03-06,336.246185,338.890015,348.720001,336.690002,13803000.000000,1873.326782,1890.000000,322.946228,597.714294,29.490000,31.905899
2026-03-09,345.979645,348.700012,349.399994,331.920013,19182800.000000,1794.032471,1810.000000,335.783813,605.697144,25.500000,31.802299
2026-03-10,344.382172,347.089996,353.500000,344.309998,12985600.000000,1833.679688,1850.000000,338.219543,605.707153,24.930000,31.802000
2026-03-11,351.793884,354.559998,357.350006,350.359985,10683300.000000,1922.885742,1940.000000,341.493835,605.627441,24.230000,31.773899
2026-03-12,334.083160,336.709991,346.890015,336.380005,17549400.000000,1868.370972,1885.000000,329.614563,595.232849,27.290001,31.811501
2026-03-13,335.670654,338.309998,344.519989,336.220001,17299900.000000,1848.547363,1865.000000,330.742615,591.704773,27.190001,31.895800
2026-03-16,337.575714,340.230011,344.630005,339.820007,11123500.000000,1828.723877,1845.000000,337.241241,598.342224,23.510000,32.163101
2026-03-17,344.248138,345.980011,346.760010,338.399994,11434600.000000,1859.550537,1870.000000,339.866302,601.262268,22.370001,31.945000
2026-03-18,337.870239,339.570007,347.950012,339.339996,12632600.000000,1894.354980,1905.000000,337.908539,592.880859,25.090000,31.885000
2026-03-19,337.094147,338.790009,339.899994,325.190002,15411600.000000,1839.662354,1850.000000,339.816376,591.007202,24.059999,32.031200
2026-03-20,327.591919,329.239990,337.600006,325.899994,17424200.000000,1829.718262,1840.000000,332.135040,580.084412,26.780001,31.802099
2026-03-23,336.755859,338.450012,343.410004,331.100006,15857200.000000,1799.885864,1810.000000,336.210419,586.743164,26.150000,32.021702
2026-03-24,341.531799,343.250000,344.880005,334.019989,9725000.000000,1799.885864,1810.000000,340.635406,582.731689,26.950001,31.862000
2026-03-25,346.009277,347.750000,350.450012,343.500000,12166900.000000,1834.690308,1845.000000,344.860657,586.563538,25.330000,31.925800
2026-03-26,324.477570,326.109985,340.910004,325.369995,14560200.000000,1829.718262,1840.000000,328.479156,572.563477,27.440001,31.935900
2026-03-27,325.104431,326.739990,329.559998,322.309998,14484500.000000,1809.829956,1820.000000,323.115234,561.377441,31.049999,31.930000
2026-03-30,314.915710,316.500000,329.600006,313.799988,15740000.000000,1770.053589,1780.000000,309.440643,557.086731,30.610001,31.976999
2026-03-31,336.258362,337.950012,338.410004,321.140015,18488000.000000,1750.165283,1760.000000,328.289368,575.946228,25.250000,32.039001
2026-04-01,339.780609,341.489990,348.679993,339.750000,15011600.000000,1844.634399,1855.000000,338.158234,583.061035,24.540001,31.937901
2026-04-02,337.342896,339.040009,342.070007,326.799988,8994600.000000,1799.885864,1810.000000,339.226990,583.729553,23.870001,32.001999
2026-04-06,340.049255,341.760010,344.200012,338.619995,5884800.000000,1799.885864,1810.000000,343.711945,587.242065,24.170000,31.962999
2026-04-07,343.591461,345.320007,345.529999,335.649994,6823500.000000,1849.606445,1860.000000,347.367828,587.331909,25.780001,31.914000
2026-04-08,364.068420,365.899994,374.299988,359.239990,16356900.000000,1939.103516,1950.000000,369.982269,604.794495,21.040001,31.893999
2026-04-09,363.660492,365.489990,368.170013,360.720001,9246000.000000,1944.075562,1955.000000,378.203003,608.885681,19.490000,31.720400
2026-04-10,368.744904,370.600006,378.000000,369.750000,13168200.000000,1988.824097,2000.000000,386.164032,609.763794,19.230000,31.725800
2026-04-13,367.720062,369.570007,371.459991,366.049988,9596300.000000,1978.880005,1990.000000,392.896423,616.070374,19.120001,31.767000
2026-04-14,377.988403,379.890015,382.160004,373.220001,12859500.000000,2043.516846,2055.000000,400.787506,627.256287,18.360001,31.641199
2026-04-15,373.222382,375.100006,381.980011,372.209991,14955500.000000,2068.376953,2080.000000,401.406799,636.037537,18.170000,31.517000
2026-04-16,361.531189,363.350006,370.200012,360.549988,26405800.000000,2073.349121,2085.000000,405.492218,639.100952,17.940001,31.587000
2026-04-17,368.645386,370.500000,375.579987,365.140015,18419400.000000,2018.656494,2030.000000,415.241211,647.463013,17.480000,31.558001
2026-04-20,364.406708,366.239990,370.070007,364.250000,11638300.000000,2013.684448,2025.000000,417.079102,645.407410,18.870001,31.468000
2026-04-21,366.237488,368.079987,370.750000,365.109985,9808200.000000,2038.544678,2050.000000,420.225586,642.952759,19.500000,31.419001
2026-04-22,385.500610,387.440002,387.910004,370.640015,16317200.000000,2038.544678,2050.000000,431.283081,653.709656,18.920000,31.482000
2026-04-23,380.744537,382.660004,388.760010,375.809998,12224900.000000,2068.376953,2080.000000,440.502686,650.027527,19.309999,31.466801
2026-04-24,400.445404,402.459991,409.489990,393.850006,21603600.000000,2172.790283,2185.000000,461.079468,662.460938,18.709999,31.530001
2026-04-27,402.952820,404.980011,414.500000,400.399994,16561200.000000,2252.343262,2265.000000,454.896423,662.810181,18.020000,31.440001
2026-04-28,390.376068,392.339996,397.869995,384.700012,14715800.000000,2202.622803,2215.000000,438.215271,656.144470,17.830000,31.455700
2026-04-29,391.858612,393.829987,395.850006,388.179993,10313000.000000,2167.818115,2180.000000,449.482513,660.155884,18.809999,31.513000
2026-04-30,394.077454,396.059998,398.790009,385.709991,12788100.000000,2123.069824,2135.000000,460.919617,666.312683,16.889999,31.626499
2026-05-01,395.679413,397.670013,403.989990,392.130005,9926400.000000,2123.069824,2135.000000,465.224762,672.709045,16.990000,31.569000
2026-05-04,399.599640,401.609985,407.700012,395.200012,9978500.000000,2262.287354,2275.000000,461.538940,671.441711,18.290001,31.554001
2026-05-05,392.435730,394.410004,406.130005,392.600006,14579000.000000,2237.427246,2250.000000,482.185638,680.153015,17.379999,31.598000
2026-05-06,417.400146,419.500000,419.700012,400.649994,17736400.000000,2237.427246,2250.000000,506.298401,694.282776,17.389999,31.545000
2026-05-07,412.076904,414.149994,420.000000,408.109985,13403200.000000,2297.092041,2310.000000,491.804718,693.454529,17.080000,31.398500
2026-05-08,409.619263,411.679993,417.000000,400.880005,18531200.000000,2277.203613,2290.000000,519.713257,709.709717,17.190001,31.392099
2026-05-11,402.515015,404.540009,407.730011,398.190002,14680000.000000,2222.510986,2235.000000,532.159180,711.765320,18.379999,31.301001
2026-05-12,395.291351,397.279999,402.239990,386.119995,18121800.000000,2242.399170,2255.000000,515.408081,705.728210,17.990000,31.351801
2026-05-13,397.798737,399.799988,404.679993,391.470001,13127800.000000,2207.594727,2220.000000,527.694214,713.182312,17.870001,31.501101
2026-05-14,415.629028,417.720001,421.970001,402.100006,18577100.000000,2257.315430,2270.000000,529.432312,718.251404,17.260000,31.559000
2026-05-15,402.325989,404.350006,409.869995,398.829987,11868600.000000,2252.343262,2265.000000,507.946533,707.414612,18.430000,31.564400
2026-05-18,393.968018,395.950012,406.880005,391.049988,12117200.000000,2227.483154,2240.000000,495.310791,704.371155,17.820000,31.587000
2026-05-19,390.644714,392.609985,398.880005,385.059998,14083000.000000,2192.678711,2205.000000,496.179810,700.030518,18.059999,31.554100
2026-05-20,399.609619,401.619995,403.880005,395.950012,10254300.000000,2172.790283,2185.000000,519.723267,711.625610,17.440001,31.729200
2026-05-21,405.111938,407.149994,411.459991,399.510010,8937900.000000,2217.538818,2230.000000,524.118347,712.982727,16.760000,31.591200
2026-05-22,402.495117,404.519989,410.670013,402.859985,7111900.000000,2242.399170,2255.000000,536.724121,716.006226,16.700001,31.550800
2026-05-26,410.256073,412.320007,416.489990,410.070007,10132000.000000,2257.315430,2270.000000,569.447144,728.718994,17.010000,31.448400
2026-05-27,420.613953,422.730011,430.549988,415.380005,14695600.000000,2287.147949,2300.000000,563.343933,727.890747,16.290001,31.445900
2026-05-28,422.733276,424.859985,427.600006,414.709991,8905800.000000,2282.175781,2295.000000,568.827820,734.027649,15.740000,31.465900
2026-05-29,416.355377,418.450012,430.440002,417.250000,11232300.000000,2341.840332,2355.000000,568.438293,736.731812,15.320000,31.424000
2026-06-01,433.449402,435.630005,449.390015,422.500000,18040400.000000,2341.840332,2355.000000,571.284973,741.152344,16.049999,31.412901
2026-06-02,444.454010,446.690002,448.380005,436.010010,10147900.000000,2366.700684,2380.000000,604.337708,744.565002,15.770000,31.330500
2026-06-03,434.504089,436.690002,450.160004,434.529999,10245200.000000,2411.449219,2425.000000,614.985657,742.619263,16.059999,31.478201
2026-06-04,442.692902,444.920013,448.010010,427.299988,10974100.000000,2371.672607,2385.000000,602.040283,739.026917,15.400000,31.505501
2026-06-05,413.091797,415.170013,433.899994,412.790009,19644200.000000,2351.784424,2365.000000,539.161316,703.552856,21.510000,31.503000
2026-06-08,424.663574,426.799988,433.809998,422.529999,11245400.000000,2282.175781,2295.000000,570.805542,714.539429,18.920000,31.588100
2026-06-09,425.777985,427.920013,438.160004,405.510010,21199500.000000,2292.119873,2305.000000,561.506104,706.317017,19.870001,31.582001
2026-06-10,406.703949,408.750000,426.320007,407.700012,13139700.000000,2242.399170,2255.000000,540.899353,692.207214,22.219999,31.540899
2026-06-11,419.943420,421.070007,422.250000,408.859985,13826500.000000,2243.396240,2250.000000,586.268127,715.587158,19.440001,31.649799
2026-06-12,422.795746,423.929993,426.940002,417.209991,10362500.000000,2303.220215,2310.000000,595.577576,719.798157,17.680000,31.579000
2026-06-15,440.219025,441.399994,442.579987,431.929993,11184900.000000,2368.029297,2375.000000,628.039368,742.409668,16.200001,31.613001
2026-06-16,424.690674,425.829987,440.329987,425.200012,10943500.000000,2392.956055,2400.000000,590.853699,728.299866,16.410000,31.518600
2026-06-17,430.993774,432.149994,442.500000,431.640015,10934100.000000,2378.000000,2385.000000,599.338135,720.965637,18.440001,31.563900
2026-06-18,460.883575,462.119995,465.220001,438.390015,25817100.000000,2402.926758,2410.000000,639.032227,739.036926,16.400000,31.638399
2026-06-22,466.418732,467.670013,476.790009,465.170013,13686200.000000,2502.633057,2510.000000,654.582031,737.181824,17.280001,31.702000
2026-06-23,435.222443,436.390015,447.329987,434.190002,20364500.000000,2482.691895,2490.000000,602.995789,712.907166,19.490000,31.687000
2026-06-24,439.650543,440.829987,443.859985,432.579987,9991200.000000,2382.985352,2390.000000,601.106995,709.880310,18.629999,31.702101
2026-06-25,433.826172,434.989990,452.899994,432.440002,14769500.000000,2382.985352,2390.000000,624.791504,715.634277,18.889999,31.808001
2026-06-26,431.193237,432.350006,436.130005,419.190002,17974100.000000,2333.132080,2340.000000,589.554565,705.784607,18.410000,31.860001
2026-06-29,453.882385,455.100006,456.100006,431.089996,14881400.000000,2363.044189,2370.000000,613.948547,723.326294,17.650000,31.847000
2026-06-30,476.292267,477.570007,479.000000,453.000000,15074300.000000,2402.926758,2410.000000,640.341370,735.633484,16.450001,31.865900
2026-07-01,443.041473,444.230011,468.510010,443.470001,18534800.000000,2497.647949,2505.000000,599.308167,724.415100,16.590000,31.834400
2026-07-02,432.998383,434.160004,461.470001,429.500000,18375000.000000,2457.765137,2465.000000,565.950012,711.858215,16.150000,31.894800
2026-07-06,450.581238,451.790009,460.029999,445.600006,12788500.000000,2452.780029,2460.000000,581.130066,722.067627,15.570000,31.927999
2026-07-07,431.412659,432.570007,439.799988,428.109985,14898400.000000,2432.838623,2440.000000,551.329529,708.691528,16.129999,32.054901
2026-07-08,435.810852,436.980011,440.489990,428.750000,11411200.000000,2457.765137,2465.000000,561.662781,710.699463,16.900000,32.135899
2026-07-09,435.790894,436.959991,447.690002,436.390015,11455600.000000,2407.912109,2415.000000,581.319946,722.527161,15.840000,32.109200
2026-07-10,432.948517,434.109985,439.660004,428.100006,9595100.000000,2407.912109,2415.000000,580.960205,724.754822,15.030000,32.097198
2026-07-13,420.452026,421.579987,437.989990,420.290009,14329800.000000,2432.838623,2440.000000,553.248291,710.999084,17.160000,32.099098
2026-07-14,419.265259,420.390015,431.059998,418.859985,14279000.000000,2412.897217,2420.000000,567.548889,718.940857,16.500000,32.161999
2026-07-15,418.357666,419.480011,428.890015,410.750000,17012300.000000,2432.838623,2440.000000,554.907227,716.992859,15.670000,32.133900
2026-07-16,408.643707,409.739990,415.950012,403.500000,24891300.000000,2462.750488,2470.000000,530.153381,705.205139,16.730000,32.210899
2026-07-17,397.304138,398.369995,404.700012,386.019989,20986500.000000,2283.278809,2290.000000,521.469055,694.606201,18.770000,32.264301
2026-07-20,401.223633,402.299988,409.890015,400.079987,11653600.000000,2313.190918,2320.000000,523.797546,695.335449,18.650000,32.313000
2026-07-21,423.473938,424.609985,425.399994,413.559998,18210100.000000,2402.926758,2410.000000,552.328857,708.231995,17.049999,32.275902
2026-07-22,420.083038,421.209991,424.809998,414.209991,10259500.000000,2392.956055,2400.000000,555.157043,704.615723,16.639999,32.325401
2026-07-23,414.468079,415.579987,420.839996,411.799988,11048800.000000,2397.941406,2405.000000,550.879822,691.239746,18.700001,32.379101
2026-07-24,402.330658,403.410004,412.920013,400.799988,11525100.000000,2343.102783,2350.000000,526.665649,683.517761,18.580000,32.299000
2026-07-27,398.022217,399.089996,407.429993,388.799988,17932300.000000,2343.102783,2350.000000,515.892700,681.409973,18.670000,32.322300
2026-07-28,391.260345,392.309998,395.359985,381.299988,18276300.000000,2273.308105,2280.000000,491.138885,674.786865,18.209999,32.301998
2026-07-29,373.667572,374.670013,391.250000,372.720001,21700200.000000,2193.542969,2200.000000,464.696167,661.041138,20.660000,32.363800
2026-07-30,402.230927,403.309998,406.769989,387.600006,17474200.000000,2198.528320,2205.000000,504.200348,682.838440,17.090000,32.348900
2026-07-31,403.168427,404.250000,420.350006,398.799988,11956100.000000,2417.882568,2425.000000,504.560120,687.273865,15.990000,32.395000
2026-08-03,405.023438,406.109985,407.440002,398.200012,12676900.000000,2363.044189,2370.000000,507.348267,699.341309,15.860000,32.293098
2026-08-04,416.053864,417.170013,420.250000,412.109985,13929100.000000,2313.190918,2320.000000,541.855774,723.096497,16.500000,32.396000
2026-08-05,412.892334,414.000000,426.299988,413.070007,12790400.000000,2397.941406,2405.000000,530.353271,716.553345,15.810000,32.395100
2026-08-06,417.081116,418.200012,423.910004,407.989990,10628900.000000,2358.058838,2365.000000,532.172058,713.906128,15.150000,32.264801
2026-08-07,418.916168,420.040009,424.790009,413.100006,9159600.000000,2363.044189,2370.000000,542.915039,722.277405,14.900000,32.206799
2026-08-10,417.350372,418.470001,425.880005,416.000000,11776100.000000,2373.014648,2380.000000,529.044128,720.119629,15.460000,32.235100
2026-08-11,420.930756,422.059998,424.899994,418.869995,9703600.000000,2387.970703,2395.000000,533.850952,717.702148,15.280000,32.227100
2026-08-12,428.001801,429.149994,433.279999,427.019989,9534200.000000,2407.912109,2415.000000,546.252808,722.946716,14.550000,32.209099
2026-08-13,429.338196,430.489990,436.040009,428.390015,8194000.000000,2427.853271,2435.000000,550.380127,731.307983,14.630000,32.202301
2026-08-14,425.209290,426.350006,429.269989,424.100006,6324700.000000,2387.970703,2395.000000,550.060364,730.309021,14.250000,32.124100
2026-08-17,429.816925,430.970001,435.709991,426.799988,9479400.000000,2392.956055,2400.000000,558.754700,729.110229,15.190000,31.990200
2026-08-18,412.303925,413.410004,419.630005,410.769989,14030100.000000,2373.014648,2380.000000,531.042786,716.763123,15.840000,31.850300
2026-08-19,410.987427,412.089996,419.600006,407.880005,8424700.000000,2343.102783,2350.000000,519.330444,715.334595,14.890000,31.881901
2026-08-20,414.886963,416.000000,417.959991,407.720001,10447900.000000,2368.029297,2375.000000,522.008667,710.189941,16.010000,31.815100
2026-08-21,417.829102,418.950012,425.679993,416.700012,8947200.000000,2402.926758,2410.000000,519.710205,712.697388,15.130000,31.838301
2026-08-24,409.022705,410.119995,414.339996,405.149994,10645600.000000,2368.029297,2375.000000,505.849274,705.584778,15.850000,31.822001
2026-08-25,416.293213,417.410004,419.769989,414.029999,7049800.000000,2392.956055,2400.000000,513.724121,709.980164,15.450000,31.812000
2026-08-26,416.572449,417.690002,420.750000,414.410004,7449300.000000,2407.912109,2415.000000,515.063293,710.629517,15.210000,31.841900
2026-08-27,426.156738,427.299988,429.640015,420.529999,12749800.000000,2402.926758,2410.000000,525.086670,720.359375,14.510000,31.805901
2026-08-28,416.402893,417.519989,429.119995,417.320007,8896900.000000,2412.897217,2420.000000,508.287659,715.684265,14.430000,31.660900
2026-08-31,414.208801,415.320007,423.799988,414.600006,6748000.000000,2397.941406,2405.000000,510.706116,716.013916,14.920000,31.625999
2026-09-01,412.892334,414.000000,418.619995,412.070007,7920800.000000,2432.838623,2440.000000,499.983093,706.903381,16.340000,31.688000
2026-09-02,414.388306,415.500000,416.500000,411.269989,6301000.000000,2378.000000,2385.000000,501.112366,708.501709,15.200000,31.674999
2026-09-03,415.894287,417.010010,417.299988,407.820007,7827800.000000,2382.985352,2390.000000,501.871887,716.922913,14.320000,31.726200
2026-09-04,427.762451,428.910004,429.820007,419.420013,12276300.000000,2402.926758,2410.000000,519.520325,718.211609,14.530000,31.695400
2026-09-08,437.825439,439.000000,444.290009,433.720001,13079900.000000,2462.750488,2470.000000,528.054749,717.612244,15.720000,31.504900
2026-09-09,434.195160,435.359985,439.399994,431.869995,7499300.000000,2457.765137,2465.000000,531.652405,715.564392,16.459999,31.499201
2026-09-10,426.884796,428.029999,432.529999,424.049988,8368100.000000,2442.809326,2450.000000,517.091919,707.952332,17.840000,31.464001
2026-09-11,432.080841,433.239990,435.369995,428.899994,10629200.000000,2402.926758,2410.000000,526.725647,714.135864,15.840000,31.635000
2026-09-14,416.891602,418.010010,424.450012,416.010010,14305900.000000,2373.014648,2380.000000,497.075012,708.441772,17.100000,31.676201
2026-09-15,412.643005,413.750000,421.940002,412.549988,9452600.000000,2378.000000,2385.000000,498.850006,703.806580,17.200001,31.717600
2026-09-16,417.720001,417.720001,419.850006,413.880005,10490900.000000,2380.000000,2380.000000,502.059998,703.986389,17.709999,31.773399
2026-09-17,430.260010,430.260010,430.529999,423.390015,12447700.000000,2425.000000,2425.000000,519.099976,716.173706,15.440000,31.859600
2026-09-18,434.670013,434.670013,434.820007,428.980011,12905100.000000,2460.000000,2460.000000,533.070007,720.699036,14.810000,31.851101
2026-09-21,445.140015,445.140015,445.720001,437.059998,9943100.000000,2480.000000,2480.000000,559.340027,741.469971,14.870000,31.809099
2026-09-22,452.000000,452.000000,452.880005,441.200012,11256000.000000,2460.000000,2460.000000,572.780029,747.460022,14.210000,31.738400
2026-09-23,446.570007,446.570007,450.880005,442.869995,10181300.000000,2500.000000,2500.000000,565.719971,741.210022,15.180000,31.679501
2026-09-24,451.149994,451.149994,452.559998,440.600006,7720300.000000,2475.000000,2475.000000,566.070007,741.099976,15.670000,31.789499
2026-09-25,450.609985,450.609985,455.029999,449.010010,7751900.000000,2475.000000,2475.000000,572.679993,744.500000,14.870000,31.806200
2026-09-28,452.880005,452.880005,455.269989,443.109985,7867600.000000,2475.000000,2475.000000,560.789978,736.530029,16.070000,31.778700
2026-09-29,456.940002,456.940002,459.429993,447.070007,9939600.000000,2475.000000,2475.000000,567.440002,737.929993,16.040001,31.782200
2026-09-30,456.190002,456.190002,461.869995,454.899994,8974800.000000,2480.000000,2480.000000,568.640015,739.770020,16.340000,31.850000
2026-10-01,459.200012,459.200012,460.420013,453.459991,8214300.000000,2510.000000,2510.000000,576.330017,742.030029,16.389999,31.867901
2026-10-02,472.779999,472.779999,474.790009,464.100006,9916700.000000,2500.000000,2500.000000,588.900024,749.580017,15.310000,31.886801
